Timestamp,Category,Status,ResponseTime,RawData
2026-09-08 08:22,Video,Failed,0.41,Timeout or Error
2026-09-08 08:22,Search,Failed,1.056,Timeout or Error
2026-09-08 08:22,Channel,Failed,0.556,Timeout or Error
2026-09-08 08:22,Comments,OK,0.88,"{""commentCount"":10609356 ""videoId"":""jNQXAC9IVRw"" ""comments"":[{""authorId"":""UCC5NfQ6Mf0dq_eEwv4P_hWA"" "
2026-09-08 08:22,Playlist,Failed,0.55,Timeout or Error
2026-09-08 08:22,Video,Failed,0.409,Timeout or Error
2026-09-08 08:22,Search,Failed,1.047,Timeout or Error
2026-09-08 08:22,Channel,Failed,0.602,Timeout or Error
2026-09-08 08:22,Comments,OK,0.853,"{""commentCount"":10609357 ""videoId"":""jNQXAC9IVRw"" ""comments"":[{""authorId"":""UCC5NfQ6Mf0dq_eEwv4P_hWA"" "
2026-09-08 08:22,Playlist,Failed,0.538,Timeout or Error
2026-09-08 11:35,Video,Failed,0.381,Timeout or Error
2026-09-08 11:35,Search,OK,1.061,"[{""type"":""channel"" ""author"":""test"" ""authorId"":""UCZRcA_nO3Kt-SOml2mY8D9g"" ""authorUrl"":""/channel/UCZRc"
2026-09-08 11:35,Channel,Failed,0.466,Timeout or Error
2026-09-08 11:35,Comments,OK,0.665,"{""commentCount"":10609642 ""videoId"":""jNQXAC9IVRw"" ""comments"":[{""authorId"":""UCC5NfQ6Mf0dq_eEwv4P_hWA"" "
2026-09-08 11:35,Playlist,Failed,0.444,Timeout or Error
2026-09-08 11:35,Video,Failed,0.379,Timeout or Error
2026-09-08 11:35,Search,OK,1.054,"[{""type"":""channel"" ""author"":""test"" ""authorId"":""UCZRcA_nO3Kt-SOml2mY8D9g"" ""authorUrl"":""/channel/UCZRc"
2026-09-08 11:35,Channel,Failed,0.508,Timeout or Error
2026-09-08 11:35,Comments,OK,0.724,"{""commentCount"":10609641 ""videoId"":""jNQXAC9IVRw"" ""comments"":[{""authorId"":""UCC5NfQ6Mf0dq_eEwv4P_hWA"" "
2026-09-08 11:35,Playlist,Failed,0.512,Timeout or Error
2026-09-08 16:41,Video,Failed,0.411,Timeout or Error
2026-09-08 16:41,Search,OK,1.063,"[{""type"":""channel"" ""author"":""test"" ""authorId"":""UCZRcA_nO3Kt-SOml2mY8D9g"" ""authorUrl"":""/channel/UCZRc"
2026-09-08 16:41,Channel,Failed,0.533,Timeout or Error
2026-09-08 16:41,Comments,OK,0.702,"{""commentCount"":10610169 ""videoId"":""jNQXAC9IVRw"" ""comments"":[{""authorId"":""UCC5NfQ6Mf0dq_eEwv4P_hWA"" "
2026-09-08 16:41,Playlist,Failed,0.571,Timeout or Error
2026-09-08 16:41,Video,Failed,0.4,Timeout or Error
2026-09-08 16:41,Search,OK,1.055,"[{""type"":""channel"" ""author"":""test"" ""authorId"":""UCZRcA_nO3Kt-SOml2mY8D9g"" ""authorUrl"":""/channel/UCZRc"
2026-09-08 16:41,Channel,Failed,0.518,Timeout or Error
2026-09-08 16:41,Comments,OK,0.698,"{""commentCount"":10610169 ""videoId"":""jNQXAC9IVRw"" ""comments"":[{""authorId"":""UCC5NfQ6Mf0dq_eEwv4P_hWA"" "
2026-09-08 16:41,Playlist,Failed,0.528,Timeout or Error
2026-09-08 21:30,Video,Failed,0.357,Timeout or Error
2026-09-08 21:30,Search,OK,1.036,"[{""type"":""channel"" ""author"":""test"" ""authorId"":""UCZRcA_nO3Kt-SOml2mY8D9g"" ""authorUrl"":""/channel/UCZRc"
2026-09-08 21:30,Channel,Failed,0.44,Timeout or Error
2026-09-08 21:30,Comments,OK,0.632,"{""commentCount"":10610556 ""videoId"":""jNQXAC9IVRw"" ""comments"":[{""authorId"":""UCC5NfQ6Mf0dq_eEwv4P_hWA"" "
2026-09-08 21:30,Playlist,Failed,0.429,Timeout or Error
2026-09-08 21:30,Video,Failed,0.354,Timeout or Error
2026-09-08 21:30,Search,Failed,1.052,Timeout or Error
2026-09-08 21:30,Channel,Failed,0.443,Timeout or Error
2026-09-08 21:30,Comments,OK,0.707,"{""commentCount"":10610556 ""videoId"":""jNQXAC9IVRw"" ""comments"":[{""authorId"":""UCC5NfQ6Mf0dq_eEwv4P_hWA"" "
2026-09-08 21:30,Playlist,Failed,0.404,Timeout or Error
2026-09-09 01:59,Video,Failed,0.509,Timeout or Error
2026-09-09 01:59,Search,Failed,1.033,Timeout or Error
2026-09-09 01:59,Channel,Failed,0.573,Timeout or Error
2026-09-09 01:59,Comments,OK,0.88,"{""commentCount"":10610831 ""videoId"":""jNQXAC9IVRw"" ""comments"":[{""authorId"":""UCC5NfQ6Mf0dq_eEwv4P_hWA"" "
2026-09-09 01:59,Playlist,Failed,0.634,Timeout or Error
2026-09-09 01:59,Video,Failed,0.419,Timeout or Error
2026-09-09 01:59,Search,Failed,1.029,Timeout or Error
2026-09-09 01:59,Channel,Failed,0.543,Timeout or Error
2026-09-09 01:59,Comments,OK,0.823,"{""commentCount"":10610831 ""videoId"":""jNQXAC9IVRw"" ""comments"":[{""authorId"":""UCC5NfQ6Mf0dq_eEwv4P_hWA"" "
2026-09-09 01:59,Playlist,Failed,0.67,Timeout or Error
2026-09-09 04:47,Video,Failed,0.367,Timeout or Error
2026-09-09 04:47,Search,OK,1.011,"[{""type"":""channel"" ""author"":""test"" ""authorId"":""UCZRcA_nO3Kt-SOml2mY8D9g"" ""authorUrl"":""/channel/UCZRc"
2026-09-09 04:47,Channel,Failed,0.43,Timeout or Error
2026-09-09 04:47,Comments,OK,0.75,"{""commentCount"":10611096 ""videoId"":""jNQXAC9IVRw"" ""comments"":[{""authorId"":""UCC5NfQ6Mf0dq_eEwv4P_hWA"" "
2026-09-09 04:47,Playlist,Failed,0.438,Timeout or Error
2026-09-09 04:47,Video,Failed,1.116,Timeout or Error
2026-09-09 04:47,Search,Failed,1.357,Timeout or Error
2026-09-09 04:47,Channel,Failed,0.431,Timeout or Error
2026-09-09 04:47,Comments,OK,0.758,"{""commentCount"":10611099 ""videoId"":""jNQXAC9IVRw"" ""comments"":[{""authorId"":""UCC5NfQ6Mf0dq_eEwv4P_hWA"" "
2026-09-09 04:47,Playlist,Failed,1.286,Timeout or Error
2026-09-09 07:16,Video,Failed,0.406,Timeout or Error
2026-09-09 07:16,Search,Failed,1.109,Timeout or Error
2026-09-09 07:16,Channel,Failed,0.544,Timeout or Error
2026-09-09 07:16,Comments,OK,0.821,"{""commentCount"":10611333 ""videoId"":""jNQXAC9IVRw"" ""comments"":[{""authorId"":""UCC5NfQ6Mf0dq_eEwv4P_hWA"" "
2026-09-09 07:16,Playlist,Failed,0.509,Timeout or Error
2026-09-09 07:16,Video,Failed,0.368,Timeout or Error
2026-09-09 07:16,Search,Failed,1.1,Timeout or Error
2026-09-09 07:16,Channel,Failed,0.531,Timeout or Error
2026-09-09 07:16,Comments,OK,0.856,"{""commentCount"":10611333 ""videoId"":""jNQXAC9IVRw"" ""comments"":[{""authorId"":""UCC5NfQ6Mf0dq_eEwv4P_hWA"" "
2026-09-09 07:16,Playlist,Failed,0.509,Timeout or Error
2026-09-09 09:58,Video,Failed,0.481,Timeout or Error
2026-09-09 09:58,Search,Failed,1.033,Timeout or Error
2026-09-09 09:58,Channel,Failed,0.558,Timeout or Error
2026-09-09 09:58,Comments,OK,0.864,"{""commentCount"":10611515 ""videoId"":""jNQXAC9IVRw"" ""comments"":[{""authorId"":""UCC5NfQ6Mf0dq_eEwv4P_hWA"" "
2026-09-09 09:58,Playlist,Failed,0.509,Timeout or Error
2026-09-09 09:58,Video,Failed,0.471,Timeout or Error
2026-09-09 09:58,Search,Failed,1.026,Timeout or Error
2026-09-09 09:58,Channel,Failed,0.476,Timeout or Error
2026-09-09 09:58,Comments,OK,0.755,"{""commentCount"":10611515 ""videoId"":""jNQXAC9IVRw"" ""comments"":[{""authorId"":""UCC5NfQ6Mf0dq_eEwv4P_hWA"" "
2026-09-09 09:58,Playlist,Failed,0.77,Timeout or Error
2026-09-09 14:46,Video,Failed,0.303,Timeout or Error
2026-09-09 14:46,Search,OK,0.906,"[{""type"":""channel"" ""author"":""test"" ""authorId"":""UCZRcA_nO3Kt-SOml2mY8D9g"" ""authorUrl"":""/channel/UCZRc"
2026-09-09 14:46,Channel,Failed,0.357,Timeout or Error
2026-09-09 14:46,Comments,OK,0.594,"{""commentCount"":10612013 ""videoId"":""jNQXAC9IVRw"" ""comments"":[{""authorId"":""UCC5NfQ6Mf0dq_eEwv4P_hWA"" "
2026-09-09 14:46,Playlist,Failed,0.34,Timeout or Error
2026-09-09 14:46,Video,Failed,0.275,Timeout or Error
2026-09-09 14:46,Search,OK,0.942,"[{""type"":""channel"" ""author"":""test"" ""authorId"":""UCZRcA_nO3Kt-SOml2mY8D9g"" ""authorUrl"":""/channel/UCZRc"
2026-09-09 14:46,Channel,Failed,0.341,Timeout or Error
2026-09-09 14:46,Comments,OK,0.533,"{""commentCount"":10612012 ""videoId"":""jNQXAC9IVRw"" ""comments"":[{""authorId"":""UCC5NfQ6Mf0dq_eEwv4P_hWA"" "
2026-09-09 14:46,Playlist,Failed,0.351,Timeout or Error
2026-09-09 19:35,Video,Failed,0.4,Timeout or Error
2026-09-09 19:35,Search,OK,1.006,"[{""type"":""channel"" ""author"":""test"" ""authorId"":""UCZRcA_nO3Kt-SOml2mY8D9g"" ""authorUrl"":""/channel/UCZRc"
2026-09-09 19:35,Channel,Failed,0.467,Timeout or Error
2026-09-09 19:35,Comments,OK,0.704,"{""commentCount"":10612333 ""videoId"":""jNQXAC9IVRw"" ""comments"":[{""authorId"":""UCC5NfQ6Mf0dq_eEwv4P_hWA"" "
2026-09-09 19:35,Playlist,Failed,0.481,Timeout or Error
2026-09-09 19:35,Video,Failed,0.397,Timeout or Error
2026-09-09 19:35,Search,OK,1.039,"[{""type"":""channel"" ""author"":""test"" ""authorId"":""UCZRcA_nO3Kt-SOml2mY8D9g"" ""authorUrl"":""/channel/UCZRc"
2026-09-09 19:35,Channel,Failed,0.463,Timeout or Error
2026-09-09 19:35,Comments,OK,0.651,"{""commentCount"":10612333 ""videoId"":""jNQXAC9IVRw"" ""comments"":[{""authorId"":""UCC5NfQ6Mf0dq_eEwv4P_hWA"" "
2026-09-09 19:35,Playlist,Failed,0.462,Timeout or Error
2026-09-09 23:58,Video,Failed,0.678,Timeout or Error
2026-09-09 23:58,Search,Failed,1.055,Timeout or Error
2026-09-09 23:58,Channel,Failed,0.479,Timeout or Error
2026-09-09 23:58,Comments,OK,0.758,"{""commentCount"":10612759 ""videoId"":""jNQXAC9IVRw"" ""comments"":[{""authorId"":""UCC5NfQ6Mf0dq_eEwv4P_hWA"" "
2026-09-09 23:58,Playlist,Failed,0.494,Timeout or Error
2026-09-09 23:58,Video,Failed,0.674,Timeout or Error
2026-09-09 23:58,Search,OK,1.057,"[{""type"":""channel"" ""author"":""test"" ""authorId"":""UCZRcA_nO3Kt-SOml2mY8D9g"" ""authorUrl"":""/channel/UCZRc"
2026-09-09 23:58,Channel,Failed,0.507,Timeout or Error
2026-09-09 23:58,Comments,OK,1.098,"{""commentCount"":10612765 ""videoId"":""jNQXAC9IVRw"" ""comments"":[{""authorId"":""UCC5NfQ6Mf0dq_eEwv4P_hWA"" "
2026-09-09 23:58,Playlist,Failed,0.484,Timeout or Error
2026-09-10 03:21,Video,Failed,0.425,Timeout or Error
2026-09-10 03:21,Search,Failed,1.143,Timeout or Error
2026-09-10 03:21,Channel,Failed,0.562,Timeout or Error
2026-09-10 03:21,Comments,OK,1.226,"{""commentCount"":10612992 ""videoId"":""jNQXAC9IVRw"" ""comments"":[{""authorId"":""UCC5NfQ6Mf0dq_eEwv4P_hWA"" "
2026-09-10 03:21,Playlist,Failed,0.961,Timeout or Error
2026-09-10 03:21,Video,Failed,0.401,Timeout or Error
2026-09-10 03:21,Search,OK,1.125,"[{""type"":""channel"" ""author"":""test"" ""authorId"":""UCZRcA_nO3Kt-SOml2mY8D9g"" ""authorUrl"":""/channel/UCZRc"
2026-09-10 03:21,Channel,Failed,0.55,Timeout or Error
2026-09-10 03:21,Comments,OK,0.961,"{""commentCount"":10612992 ""videoId"":""jNQXAC9IVRw"" ""comments"":[{""authorId"":""UCC5NfQ6Mf0dq_eEwv4P_hWA"" "
2026-09-10 03:21,Playlist,Failed,0.499,Timeout or Error
2026-09-10 06:27,Video,Failed,0.301,Timeout or Error
2026-09-10 06:27,Search,Failed,1.054,Timeout or Error
2026-09-10 06:27,Channel,Failed,0.479,Timeout or Error
2026-09-10 06:27,Comments,OK,0.845,"{""commentCount"":10613266 ""videoId"":""jNQXAC9IVRw"" ""comments"":[{""authorId"":""UCC5NfQ6Mf0dq_eEwv4P_hWA"" "
2026-09-10 06:27,Playlist,Failed,0.416,Timeout or Error
2026-09-10 06:27,Video,Failed,0.332,Timeout or Error
2026-09-10 06:27,Search,Failed,1.037,Timeout or Error
2026-09-10 06:27,Channel,Failed,0.442,Timeout or Error
2026-09-10 06:27,Comments,OK,0.707,"{""commentCount"":10613267 ""videoId"":""jNQXAC9IVRw"" ""comments"":[{""authorId"":""UCC5NfQ6Mf0dq_eEwv4P_hWA"" "
2026-09-10 06:27,Playlist,Failed,0.453,Timeout or Error
2026-09-10 08:45,Video,Failed,0.307,Timeout or Error
2026-09-10 08:45,Search,Failed,1.038,Timeout or Error
2026-09-10 08:45,Channel,Failed,0.453,Timeout or Error
2026-09-10 08:45,Comments,OK,0.764,"{""commentCount"":10613428 ""videoId"":""jNQXAC9IVRw"" ""comments"":[{""authorId"":""UCC5NfQ6Mf0dq_eEwv4P_hWA"" "
2026-09-10 08:45,Playlist,Failed,0.428,Timeout or Error
2026-09-10 08:45,Video,Failed,0.293,Timeout or Error
2026-09-10 08:45,Search,Failed,1.038,Timeout or Error
2026-09-10 08:45,Channel,Failed,0.431,Timeout or Error
2026-09-10 08:45,Comments,OK,0.741,"{""commentCount"":10613428 ""videoId"":""jNQXAC9IVRw"" ""comments"":[{""authorId"":""UCC5NfQ6Mf0dq_eEwv4P_hWA"" "
2026-09-10 08:45,Playlist,Failed,0.428,Timeout or Error
2026-09-10 11:37,Video,Failed,0.454,Timeout or Error
2026-09-10 11:37,Search,Failed,1.12,Timeout or Error
2026-09-10 11:37,Channel,Failed,0.543,Timeout or Error
2026-09-10 11:37,Comments,OK,0.798,"{""commentCount"":10613614 ""videoId"":""jNQXAC9IVRw"" ""comments"":[{""authorId"":""UCC5NfQ6Mf0dq_eEwv4P_hWA"" "
2026-09-10 11:37,Playlist,Failed,0.567,Timeout or Error
2026-09-10 11:37,Video,Failed,0.537,Timeout or Error
2026-09-10 11:37,Search,Failed,1.116,Timeout or Error
2026-09-10 11:37,Channel,Failed,0.558,Timeout or Error
2026-09-10 11:37,Comments,OK,0.822,"{""commentCount"":10613614 ""videoId"":""jNQXAC9IVRw"" ""comments"":[{""authorId"":""UCC5NfQ6Mf0dq_eEwv4P_hWA"" "
2026-09-10 11:37,Playlist,Failed,0.556,Timeout or Error
2026-09-10 16:46,Video,Failed,0.293,Timeout or Error
2026-09-10 16:46,Search,Failed,1.03,Timeout or Error
2026-09-10 16:46,Channel,Failed,0.4,Timeout or Error
2026-09-10 16:46,Comments,OK,0.589,"{""commentCount"":10613967 ""videoId"":""jNQXAC9IVRw"" ""comments"":[{""authorId"":""UCC5NfQ6Mf0dq_eEwv4P_hWA"" "
2026-09-10 16:46,Playlist,Failed,0.402,Timeout or Error
2026-09-10 16:46,Video,Failed,0.291,Timeout or Error
2026-09-10 16:46,Search,OK,1.016,"[{""type"":""channel"" ""author"":""test"" ""authorId"":""UCZRcA_nO3Kt-SOml2mY8D9g"" ""authorUrl"":""/channel/UCZRc"
2026-09-10 16:46,Channel,Failed,0.409,Timeout or Error
2026-09-10 16:46,Comments,OK,0.556,"{""commentCount"":10613967 ""videoId"":""jNQXAC9IVRw"" ""comments"":[{""authorId"":""UCC5NfQ6Mf0dq_eEwv4P_hWA"" "
2026-09-10 16:46,Playlist,Failed,0.406,Timeout or Error
2026-09-10 21:36,Video,Failed,0.4,Timeout or Error
2026-09-10 21:36,Search,Failed,1.032,Timeout or Error
2026-09-10 21:36,Channel,Failed,0.509,Timeout or Error
2026-09-10 21:36,Comments,OK,0.726,"{""commentCount"":10614290 ""videoId"":""jNQXAC9IVRw"" ""comments"":[{""authorId"":""UCC5NfQ6Mf0dq_eEwv4P_hWA"" "
2026-09-10 21:36,Playlist,Failed,0.465,Timeout or Error
2026-09-10 21:36,Video,Failed,0.385,Timeout or Error
2026-09-10 21:36,Search,Failed,1.029,Timeout or Error
2026-09-10 21:36,Channel,Failed,0.465,Timeout or Error
2026-09-10 21:36,Comments,OK,0.69,"{""commentCount"":10614291 ""videoId"":""jNQXAC9IVRw"" ""comments"":[{""authorId"":""UCC5NfQ6Mf0dq_eEwv4P_hWA"" "
2026-09-10 21:36,Playlist,Failed,0.477,Timeout or Error
2026-09-11 01:50,Video,Failed,0.407,Timeout or Error
2026-09-11 01:50,Search,Failed,1.068,Timeout or Error
2026-09-11 01:50,Channel,Failed,0.65,Timeout or Error
2026-09-11 01:50,Comments,OK,0.891,"{""commentCount"":10614845 ""videoId"":""jNQXAC9IVRw"" ""comments"":[{""authorId"":""UCC5NfQ6Mf0dq_eEwv4P_hWA"" "
2026-09-11 01:50,Playlist,Failed,0.523,Timeout or Error
2026-09-11 01:50,Video,Failed,0.393,Timeout or Error
2026-09-11 01:50,Search,Failed,1.141,Timeout or Error
2026-09-11 01:50,Channel,Failed,0.68,Timeout or Error
2026-09-11 01:50,Comments,OK,0.948,"{""commentCount"":10614843 ""videoId"":""jNQXAC9IVRw"" ""comments"":[{""authorId"":""UCC5NfQ6Mf0dq_eEwv4P_hWA"" "
2026-09-11 01:50,Playlist,Failed,0.626,Timeout or Error
2026-09-11 04:25,Video,Failed,0.396,Timeout or Error
2026-09-11 04:25,Search,Failed,1.068,Timeout or Error
2026-09-11 04:25,Channel,Failed,0.511,Timeout or Error
2026-09-11 04:25,Comments,OK,0.791,"{""commentCount"":10615213 ""videoId"":""jNQXAC9IVRw"" ""comments"":[{""authorId"":""UCC5NfQ6Mf0dq_eEwv4P_hWA"" "
2026-09-11 04:25,Playlist,Failed,0.509,Timeout or Error
2026-09-11 04:25,Video,Failed,0.362,Timeout or Error
2026-09-11 04:25,Search,OK,0.98,"[{""type"":""channel"" ""author"":""test"" ""authorId"":""UCZRcA_nO3Kt-SOml2mY8D9g"" ""authorUrl"":""/channel/UCZRc"
2026-09-11 04:25,Channel,Failed,0.522,Timeout or Error
2026-09-11 04:25,Comments,OK,0.768,"{""commentCount"":10615213 ""videoId"":""jNQXAC9IVRw"" ""comments"":[{""authorId"":""UCC5NfQ6Mf0dq_eEwv4P_hWA"" "
2026-09-11 04:25,Playlist,Failed,0.504,Timeout or Error
2026-09-11 07:10,Video,Failed,0.382,Timeout or Error
2026-09-11 07:10,Search,Failed,1.109,Timeout or Error
2026-09-11 07:10,Channel,Failed,0.558,Timeout or Error
2026-09-11 07:10,Comments,OK,0.945,"{""commentCount"":10615425 ""videoId"":""jNQXAC9IVRw"" ""comments"":[{""authorId"":""UCC5NfQ6Mf0dq_eEwv4P_hWA"" "
2026-09-11 07:10,Playlist,Failed,0.51,Timeout or Error
2026-09-11 07:10,Video,Failed,0.377,Timeout or Error
2026-09-11 07:10,Search,Failed,1.063,Timeout or Error
2026-09-11 07:10,Channel,Failed,0.519,Timeout or Error
2026-09-11 07:10,Comments,OK,0.796,"{""commentCount"":10615425 ""videoId"":""jNQXAC9IVRw"" ""comments"":[{""authorId"":""UCC5NfQ6Mf0dq_eEwv4P_hWA"" "
2026-09-11 07:10,Playlist,Failed,0.532,Timeout or Error
2026-09-11 09:45,Video,Failed,0.344,Timeout or Error
2026-09-11 09:45,Search,Failed,1.033,Timeout or Error
2026-09-11 09:45,Channel,Failed,0.483,Timeout or Error
2026-09-11 09:45,Comments,OK,0.807,"{""commentCount"":10615594 ""videoId"":""jNQXAC9IVRw"" ""comments"":[{""authorId"":""UCC5NfQ6Mf0dq_eEwv4P_hWA"" "
2026-09-11 09:45,Playlist,Failed,0.493,Timeout or Error
2026-09-11 09:45,Video,Failed,0.306,Timeout or Error
2026-09-11 09:45,Search,Failed,1.03,Timeout or Error
2026-09-11 09:45,Channel,Failed,0.484,Timeout or Error
2026-09-11 09:45,Comments,OK,0.704,"{""commentCount"":10615594 ""videoId"":""jNQXAC9IVRw"" ""comments"":[{""authorId"":""UCC5NfQ6Mf0dq_eEwv4P_hWA"" "
2026-09-11 09:45,Playlist,Failed,0.445,Timeout or Error
2026-09-11 14:31,Video,Failed,0.298,Timeout or Error
2026-09-11 14:31,Search,OK,0.945,"[{""type"":""channel"" ""author"":""test"" ""authorId"":""UCZRcA_nO3Kt-SOml2mY8D9g"" ""authorUrl"":""/channel/UCZRc"
2026-09-11 14:31,Channel,Failed,0.398,Timeout or Error
2026-09-11 14:31,Comments,OK,0.634,"{""commentCount"":10615799 ""videoId"":""jNQXAC9IVRw"" ""comments"":[{""authorId"":""UCC5NfQ6Mf0dq_eEwv4P_hWA"" "
2026-09-11 14:31,Playlist,Failed,0.402,Timeout or Error
2026-09-11 14:31,Video,Failed,0.29,Timeout or Error
2026-09-11 14:31,Search,OK,0.936,"[{""type"":""channel"" ""author"":""test"" ""authorId"":""UCZRcA_nO3Kt-SOml2mY8D9g"" ""authorUrl"":""/channel/UCZRc"
2026-09-11 14:31,Channel,Failed,0.404,Timeout or Error
2026-09-11 14:31,Comments,OK,0.612,"{""commentCount"":10615799 ""videoId"":""jNQXAC9IVRw"" ""comments"":[{""authorId"":""UCC5NfQ6Mf0dq_eEwv4P_hWA"" "
2026-09-11 14:31,Playlist,Failed,0.393,Timeout or Error
2026-09-11 19:25,Video,Failed,0.293,Timeout or Error
2026-09-11 19:25,Search,Failed,1.037,Timeout or Error
2026-09-11 19:25,Channel,Failed,0.413,Timeout or Error
2026-09-11 19:25,Comments,OK,0.613,"{""commentCount"":10616130 ""videoId"":""jNQXAC9IVRw"" ""comments"":[{""authorId"":""UCC5NfQ6Mf0dq_eEwv4P_hWA"" "
2026-09-11 19:25,Playlist,Failed,0.43,Timeout or Error
2026-09-11 19:25,Video,Failed,0.306,Timeout or Error
2026-09-11 19:25,Search,OK,1.018,"[{""type"":""channel"" ""author"":""test"" ""authorId"":""UCZRcA_nO3Kt-SOml2mY8D9g"" ""authorUrl"":""/channel/UCZRc"
2026-09-11 19:25,Channel,Failed,0.404,Timeout or Error
2026-09-11 19:25,Comments,OK,0.602,"{""commentCount"":10616130 ""videoId"":""jNQXAC9IVRw"" ""comments"":[{""authorId"":""UCC5NfQ6Mf0dq_eEwv4P_hWA"" "
2026-09-11 19:25,Playlist,Failed,0.424,Timeout or Error
2026-09-11 23:47,Video,Failed,0.449,Timeout or Error
2026-09-11 23:47,Search,Failed,1.033,Timeout or Error
2026-09-11 23:47,Channel,Failed,0.573,Timeout or Error
2026-09-11 23:47,Comments,OK,0.843,"{""commentCount"":10616482 ""videoId"":""jNQXAC9IVRw"" ""comments"":[{""authorId"":""UCC5NfQ6Mf0dq_eEwv4P_hWA"" "
2026-09-11 23:47,Playlist,Failed,0.579,Timeout or Error
2026-09-11 23:47,Video,Failed,0.417,Timeout or Error
2026-09-11 23:47,Search,Failed,1.035,Timeout or Error
2026-09-11 23:47,Channel,Failed,0.572,Timeout or Error
2026-09-11 23:47,Comments,OK,0.833,"{""commentCount"":10616483 ""videoId"":""jNQXAC9IVRw"" ""comments"":[{""authorId"":""UCC5NfQ6Mf0dq_eEwv4P_hWA"" "
2026-09-11 23:47,Playlist,Failed,0.528,Timeout or Error
2026-09-12 03:05,Video,Failed,0.47,Timeout or Error
2026-09-12 03:05,Search,Failed,1.032,Timeout or Error
2026-09-12 03:05,Channel,Failed,0.592,Timeout or Error
2026-09-12 03:05,Comments,OK,0.855,"{""commentCount"":10615925 ""videoId"":""jNQXAC9IVRw"" ""comments"":[{""authorId"":""UCC5NfQ6Mf0dq_eEwv4P_hWA"" "
2026-09-12 03:05,Playlist,Failed,0.554,Timeout or Error
2026-09-12 03:05,Video,Failed,0.413,Timeout or Error
2026-09-12 03:05,Search,Failed,1.031,Timeout or Error
2026-09-12 03:05,Channel,Failed,0.593,Timeout or Error
2026-09-12 03:05,Comments,OK,0.876,"{""commentCount"":10615926 ""videoId"":""jNQXAC9IVRw"" ""comments"":[{""authorId"":""UCC5NfQ6Mf0dq_eEwv4P_hWA"" "
2026-09-12 03:05,Playlist,Failed,0.52,Timeout or Error
2026-09-12 06:30,Video,Failed,0.299,Timeout or Error
2026-09-12 06:30,Search,Failed,1.034,Timeout or Error
2026-09-12 06:30,Channel,Failed,0.436,Timeout or Error
2026-09-12 06:30,Comments,OK,0.916,"{""commentCount"":10616405 ""videoId"":""jNQXAC9IVRw"" ""comments"":[{""authorId"":""UCC5NfQ6Mf0dq_eEwv4P_hWA"" "
2026-09-12 06:30,Playlist,Failed,0.413,Timeout or Error
2026-09-12 06:30,Video,Failed,0.286,Timeout or Error
2026-09-12 06:30,Search,Failed,1.03,Timeout or Error
2026-09-12 06:30,Channel,Failed,0.429,Timeout or Error
2026-09-12 06:30,Comments,OK,0.883,"{""commentCount"":10616406 ""videoId"":""jNQXAC9IVRw"" ""comments"":[{""authorId"":""UCC5NfQ6Mf0dq_eEwv4P_hWA"" "
2026-09-12 06:30,Playlist,Failed,0.484,Timeout or Error
2026-09-12 08:47,Video,Failed,0.324,Timeout or Error
2026-09-12 08:47,Search,Failed,1.036,Timeout or Error
2026-09-12 08:47,Channel,Failed,0.439,Timeout or Error
2026-09-12 08:47,Comments,OK,0.763,"{""commentCount"":10616021 ""videoId"":""jNQXAC9IVRw"" ""comments"":[{""authorId"":""UCC5NfQ6Mf0dq_eEwv4P_hWA"" "
2026-09-12 08:47,Playlist,Failed,0.468,Timeout or Error
2026-09-12 08:47,Video,Failed,0.341,Timeout or Error
2026-09-12 08:47,Search,Failed,1.032,Timeout or Error
2026-09-12 08:47,Channel,Failed,0.472,Timeout or Error
2026-09-12 08:47,Comments,OK,0.861,"{""commentCount"":10616021 ""videoId"":""jNQXAC9IVRw"" ""comments"":[{""authorId"":""UCC5NfQ6Mf0dq_eEwv4P_hWA"" "
2026-09-12 08:47,Playlist,Failed,0.451,Timeout or Error
2026-09-12 11:40,Video,Failed,0.305,Timeout or Error
2026-09-12 11:40,Search,Failed,1.032,Timeout or Error
2026-09-12 11:40,Channel,Failed,0.404,Timeout or Error
2026-09-12 11:40,Comments,OK,0.674,"{""commentCount"":10616136 ""videoId"":""jNQXAC9IVRw"" ""comments"":[{""authorId"":""UCC5NfQ6Mf0dq_eEwv4P_hWA"" "
2026-09-12 11:40,Playlist,Failed,0.404,Timeout or Error
2026-09-12 11:40,Video,Failed,0.289,Timeout or Error
2026-09-12 11:40,Search,Failed,1.03,Timeout or Error
2026-09-12 11:40,Channel,Failed,0.4,Timeout or Error
2026-09-12 11:40,Comments,OK,0.628,"{""commentCount"":10616136 ""videoId"":""jNQXAC9IVRw"" ""comments"":[{""authorId"":""UCC5NfQ6Mf0dq_eEwv4P_hWA"" "
2026-09-12 11:40,Playlist,Failed,0.419,Timeout or Error
2026-09-12 16:35,Video,Failed,0.289,Timeout or Error
2026-09-12 16:35,Search,OK,0.954,"[{""type"":""channel"" ""author"":""test"" ""authorId"":""UCZRcA_nO3Kt-SOml2mY8D9g"" ""authorUrl"":""/channel/UCZRc"
2026-09-12 16:35,Channel,Failed,0.399,Timeout or Error
2026-09-12 16:35,Comments,OK,0.614,"{""commentCount"":10616625 ""videoId"":""jNQXAC9IVRw"" ""comments"":[{""authorId"":""UCC5NfQ6Mf0dq_eEwv4P_hWA"" "
2026-09-12 16:35,Playlist,Failed,0.402,Timeout or Error
2026-09-12 16:35,Video,Failed,0.29,Timeout or Error
2026-09-12 16:35,Search,OK,1.007,"[{""type"":""channel"" ""author"":""test"" ""authorId"":""UCZRcA_nO3Kt-SOml2mY8D9g"" ""authorUrl"":""/channel/UCZRc"
2026-09-12 16:35,Channel,Failed,0.416,Timeout or Error
2026-09-12 16:35,Comments,OK,0.764,"{""commentCount"":10616626 ""videoId"":""jNQXAC9IVRw"" ""comments"":[{""authorId"":""UCC5NfQ6Mf0dq_eEwv4P_hWA"" "
2026-09-12 16:35,Playlist,Failed,0.415,Timeout or Error
2026-09-12 20:53,Video,Failed,0.33,Timeout or Error
2026-09-12 20:53,Search,Failed,1.032,Timeout or Error
2026-09-12 20:53,Channel,Failed,0.447,Timeout or Error
2026-09-12 20:53,Comments,OK,0.685,"{""commentCount"":10616051 ""videoId"":""jNQXAC9IVRw"" ""comments"":[{""authorId"":""UCC5NfQ6Mf0dq_eEwv4P_hWA"" "
2026-09-12 20:53,Playlist,Failed,0.454,Timeout or Error
2026-09-12 20:53,Video,Failed,0.32,Timeout or Error
2026-09-12 20:53,Search,Failed,1.031,Timeout or Error
2026-09-12 20:53,Channel,Failed,0.439,Timeout or Error
2026-09-12 20:53,Comments,OK,0.729,"{""commentCount"":10616052 ""videoId"":""jNQXAC9IVRw"" ""comments"":[{""authorId"":""UCC5NfQ6Mf0dq_eEwv4P_hWA"" "
2026-09-12 20:53,Playlist,Failed,0.433,Timeout or Error
2026-09-12 23:49,Video,Failed,0.419,Timeout or Error
2026-09-12 23:49,Search,Failed,1.032,Timeout or Error
2026-09-12 23:49,Channel,Failed,0.521,Timeout or Error
2026-09-12 23:49,Comments,OK,0.835,"{""commentCount"":10616570 ""videoId"":""jNQXAC9IVRw"" ""comments"":[{""authorId"":""UCC5NfQ6Mf0dq_eEwv4P_hWA"" "
2026-09-12 23:49,Playlist,Failed,0.576,Timeout or Error
2026-09-12 23:49,Video,Failed,0.41,Timeout or Error
2026-09-12 23:49,Search,Failed,1.027,Timeout or Error
2026-09-12 23:49,Channel,Failed,0.579,Timeout or Error
2026-09-12 23:49,Comments,OK,0.827,"{""commentCount"":10616571 ""videoId"":""jNQXAC9IVRw"" ""comments"":[{""authorId"":""UCC5NfQ6Mf0dq_eEwv4P_hWA"" "
2026-09-12 23:49,Playlist,Failed,0.534,Timeout or Error
2026-09-13 02:37,Video,Failed,0.398,Timeout or Error
2026-09-13 02:37,Search,Failed,1.065,Timeout or Error
2026-09-13 02:37,Channel,Failed,0.52,Timeout or Error
2026-09-13 02:37,Comments,OK,0.747,"{""commentCount"":10617118 ""videoId"":""jNQXAC9IVRw"" ""comments"":[{""authorId"":""UCC5NfQ6Mf0dq_eEwv4P_hWA"" "
2026-09-13 02:37,Playlist,Failed,0.508,Timeout or Error
2026-09-13 02:37,Video,Failed,0.369,Timeout or Error
2026-09-13 02:37,Search,Failed,1.06,Timeout or Error
2026-09-13 02:37,Channel,Failed,0.498,Timeout or Error
2026-09-13 02:37,Comments,OK,0.788,"{""commentCount"":10617119 ""videoId"":""jNQXAC9IVRw"" ""comments"":[{""authorId"":""UCC5NfQ6Mf0dq_eEwv4P_hWA"" "
2026-09-13 02:37,Playlist,Failed,0.549,Timeout or Error
2026-09-13 05:00,Video,Failed,0.336,Timeout or Error
2026-09-13 05:00,Search,Failed,1.04,Timeout or Error
2026-09-13 05:00,Channel,Failed,0.428,Timeout or Error
2026-09-13 05:00,Comments,OK,0.726,"{""commentCount"":10617463 ""videoId"":""jNQXAC9IVRw"" ""comments"":[{""authorId"":""UCC5NfQ6Mf0dq_eEwv4P_hWA"" "
2026-09-13 05:00,Playlist,Failed,0.443,Timeout or Error
2026-09-13 05:00,Video,Failed,0.289,Timeout or Error
2026-09-13 05:00,Search,Failed,1.036,Timeout or Error
2026-09-13 05:00,Channel,Failed,0.445,Timeout or Error
2026-09-13 05:00,Comments,OK,0.721,"{""commentCount"":10617463 ""videoId"":""jNQXAC9IVRw"" ""comments"":[{""authorId"":""UCC5NfQ6Mf0dq_eEwv4P_hWA"" "
2026-09-13 05:00,Playlist,Failed,0.43,Timeout or Error
2026-09-13 07:45,Video,Failed,0.302,Timeout or Error
2026-09-13 07:45,Search,Failed,1.035,Timeout or Error
2026-09-13 07:45,Channel,Failed,0.429,Timeout or Error
2026-09-13 07:45,Comments,OK,0.775,"{""commentCount"":10617861 ""videoId"":""jNQXAC9IVRw"" ""comments"":[{""authorId"":""UCC5NfQ6Mf0dq_eEwv4P_hWA"" "
2026-09-13 07:45,Playlist,Failed,0.419,Timeout or Error
2026-09-13 07:45,Video,Failed,0.28,Timeout or Error
2026-09-13 07:45,Search,OK,0.894,"[{""type"":""channel"" ""author"":""test"" ""authorId"":""UCZRcA_nO3Kt-SOml2mY8D9g"" ""authorUrl"":""/channel/UCZRc"
2026-09-13 07:45,Channel,Failed,0.476,Timeout or Error
2026-09-13 07:45,Comments,OK,0.665,"{""commentCount"":10617861 ""videoId"":""jNQXAC9IVRw"" ""comments"":[{""authorId"":""UCC5NfQ6Mf0dq_eEwv4P_hWA"" "
2026-09-13 07:45,Playlist,Failed,0.431,Timeout or Error
2026-09-13 09:32,Video,Failed,0.33,Timeout or Error
2026-09-13 09:32,Search,Failed,1.031,Timeout or Error
2026-09-13 09:32,Channel,Failed,0.424,Timeout or Error
2026-09-13 09:32,Comments,OK,0.64,"{""commentCount"":10618059 ""videoId"":""jNQXAC9IVRw"" ""comments"":[{""authorId"":""UCC5NfQ6Mf0dq_eEwv4P_hWA"" "
2026-09-13 09:32,Playlist,Failed,0.411,Timeout or Error
2026-09-13 09:32,Video,Failed,0.302,Timeout or Error
2026-09-13 09:32,Search,Failed,1.031,Timeout or Error
2026-09-13 09:32,Channel,Failed,0.391,Timeout or Error
2026-09-13 09:32,Comments,OK,0.653,"{""commentCount"":10618059 ""videoId"":""jNQXAC9IVRw"" ""comments"":[{""authorId"":""UCC5NfQ6Mf0dq_eEwv4P_hWA"" "
2026-09-13 09:32,Playlist,Failed,0.412,Timeout or Error
2026-09-13 14:34,Video,Failed,0.353,Timeout or Error
2026-09-13 14:34,Search,OK,0.987,"[{""type"":""channel"" ""author"":""test"" ""authorId"":""UCZRcA_nO3Kt-SOml2mY8D9g"" ""authorUrl"":""/channel/UCZRc"
2026-09-13 14:34,Channel,Failed,0.459,Timeout or Error
2026-09-13 14:34,Comments,OK,0.619,"{""commentCount"":10618463 ""videoId"":""jNQXAC9IVRw"" ""comments"":[{""authorId"":""UCC5NfQ6Mf0dq_eEwv4P_hWA"" "
2026-09-13 14:34,Playlist,Failed,0.437,Timeout or Error
2026-09-13 14:34,Video,Failed,0.318,Timeout or Error
2026-09-13 14:34,Search,OK,0.887,"[{""type"":""channel"" ""author"":""test"" ""authorId"":""UCZRcA_nO3Kt-SOml2mY8D9g"" ""authorUrl"":""/channel/UCZRc"
2026-09-13 14:34,Channel,Failed,0.467,Timeout or Error
2026-09-13 14:34,Comments,OK,0.626,"{""commentCount"":10618463 ""videoId"":""jNQXAC9IVRw"" ""comments"":[{""authorId"":""UCC5NfQ6Mf0dq_eEwv4P_hWA"" "
2026-09-13 14:34,Playlist,Failed,0.451,Timeout or Error
2026-09-13 19:55,Video,Failed,0.324,Timeout or Error
2026-09-13 19:55,Search,OK,1.02,"[{""type"":""channel"" ""author"":""test"" ""authorId"":""UCZRcA_nO3Kt-SOml2mY8D9g"" ""authorUrl"":""/channel/UCZRc"
2026-09-13 19:55,Channel,Failed,0.405,Timeout or Error
2026-09-13 19:55,Comments,OK,0.585,"{""commentCount"":10617674 ""videoId"":""jNQXAC9IVRw"" ""comments"":[{""authorId"":""UCC5NfQ6Mf0dq_eEwv4P_hWA"" "
2026-09-13 19:55,Playlist,Failed,0.424,Timeout or Error
2026-09-13 19:55,Video,Failed,0.32,Timeout or Error
2026-09-13 19:55,Search,OK,0.998,"[{""type"":""channel"" ""author"":""test"" ""authorId"":""UCZRcA_nO3Kt-SOml2mY8D9g"" ""authorUrl"":""/channel/UCZRc"
2026-09-13 19:55,Channel,Failed,0.412,Timeout or Error
2026-09-13 19:55,Comments,OK,0.631,"{""commentCount"":10617673 ""videoId"":""jNQXAC9IVRw"" ""comments"":[{""authorId"":""UCC5NfQ6Mf0dq_eEwv4P_hWA"" "
2026-09-13 19:55,Playlist,Failed,0.396,Timeout or Error
2026-09-13 23:46,Video,Failed,0.419,Timeout or Error
2026-09-13 23:46,Search,Failed,1.028,Timeout or Error
2026-09-13 23:46,Channel,Failed,0.513,Timeout or Error
2026-09-13 23:46,Comments,OK,0.799,"{""commentCount"":10618237 ""videoId"":""jNQXAC9IVRw"" ""comments"":[{""authorId"":""UCC5NfQ6Mf0dq_eEwv4P_hWA"" "
2026-09-13 23:46,Playlist,Failed,0.48,Timeout or Error
2026-09-13 23:46,Video,Failed,0.408,Timeout or Error
2026-09-13 23:46,Search,Failed,1.029,Timeout or Error
2026-09-13 23:46,Channel,Failed,0.468,Timeout or Error
2026-09-13 23:46,Comments,OK,0.725,"{""commentCount"":10618239 ""videoId"":""jNQXAC9IVRw"" ""comments"":[{""authorId"":""UCC5NfQ6Mf0dq_eEwv4P_hWA"" "
2026-09-13 23:46,Playlist,Failed,0.509,Timeout or Error
2026-09-14 02:50,Video,Failed,0.447,Timeout or Error
2026-09-14 02:50,Search,Failed,1.043,Timeout or Error
2026-09-14 02:50,Channel,Failed,0.596,Timeout or Error
2026-09-14 02:50,Comments,OK,0.865,"{""commentCount"":10618830 ""videoId"":""jNQXAC9IVRw"" ""comments"":[{""authorId"":""UCC5NfQ6Mf0dq_eEwv4P_hWA"" "
2026-09-14 02:50,Playlist,Failed,0.527,Timeout or Error
2026-09-14 02:50,Video,Failed,0.393,Timeout or Error
2026-09-14 02:50,Search,Failed,1.038,Timeout or Error
2026-09-14 02:50,Channel,Failed,0.544,Timeout or Error
2026-09-14 02:50,Comments,OK,0.929,"{""commentCount"":10618829 ""videoId"":""jNQXAC9IVRw"" ""comments"":[{""authorId"":""UCC5NfQ6Mf0dq_eEwv4P_hWA"" "
2026-09-14 02:50,Playlist,Failed,0.533,Timeout or Error
2026-09-14 05:08,Video,Failed,0.367,Timeout or Error
2026-09-14 05:08,Search,Failed,1.053,Timeout or Error
2026-09-14 05:08,Channel,Failed,0.466,Timeout or Error
2026-09-14 05:08,Comments,OK,0.713,"{""commentCount"":10619218 ""videoId"":""jNQXAC9IVRw"" ""comments"":[{""authorId"":""UCC5NfQ6Mf0dq_eEwv4P_hWA"" "
2026-09-14 05:08,Playlist,Failed,0.547,Timeout or Error
2026-09-14 05:08,Video,Failed,0.347,Timeout or Error
2026-09-14 05:08,Search,Failed,1.048,Timeout or Error
2026-09-14 05:08,Channel,Failed,0.465,Timeout or Error
2026-09-14 05:08,Comments,OK,0.83,"{""commentCount"":10619220 ""videoId"":""jNQXAC9IVRw"" ""comments"":[{""authorId"":""UCC5NfQ6Mf0dq_eEwv4P_hWA"" "
2026-09-14 05:08,Playlist,Failed,0.487,Timeout or Error
2026-09-14 07:46,Video,Failed,0.3,Timeout or Error
2026-09-14 07:46,Search,Failed,1.03,Timeout or Error
2026-09-14 07:46,Channel,Failed,0.439,Timeout or Error
2026-09-14 07:46,Comments,OK,0.79,"{""commentCount"":10618658 ""videoId"":""jNQXAC9IVRw"" ""comments"":[{""authorId"":""UCC5NfQ6Mf0dq_eEwv4P_hWA"" "
2026-09-14 07:46,Playlist,Failed,0.397,Timeout or Error
2026-09-14 07:46,Video,Failed,0.295,Timeout or Error
2026-09-14 07:46,Search,OK,0.999,"[{""type"":""channel"" ""author"":""test"" ""authorId"":""UCZRcA_nO3Kt-SOml2mY8D9g"" ""authorUrl"":""/channel/UCZRc"
2026-09-14 07:46,Channel,Failed,0.401,Timeout or Error
2026-09-14 07:46,Comments,OK,0.637,"{""commentCount"":10618654 ""videoId"":""jNQXAC9IVRw"" ""comments"":[{""authorId"":""UCC5NfQ6Mf0dq_eEwv4P_hWA"" "
2026-09-14 07:46,Playlist,Failed,0.426,Timeout or Error
2026-09-14 09:35,Video,Failed,0.355,Timeout or Error
2026-09-14 09:35,Search,Failed,1.057,Timeout or Error
2026-09-14 09:35,Channel,Failed,0.496,Timeout or Error
2026-09-14 09:35,Comments,OK,0.685,"{""commentCount"":10618367 ""videoId"":""jNQXAC9IVRw"" ""comments"":[{""authorId"":""UCC5NfQ6Mf0dq_eEwv4P_hWA"" "
2026-09-14 09:35,Playlist,Failed,0.43,Timeout or Error
2026-09-14 09:35,Video,Failed,0.377,Timeout or Error
2026-09-14 09:35,Search,OK,1.02,"[{""type"":""channel"" ""author"":""test"" ""authorId"":""UCZRcA_nO3Kt-SOml2mY8D9g"" ""authorUrl"":""/channel/UCZRc"
2026-09-14 09:35,Channel,Failed,0.444,Timeout or Error
2026-09-14 09:35,Comments,OK,0.668,"{""commentCount"":10618367 ""videoId"":""jNQXAC9IVRw"" ""comments"":[{""authorId"":""UCC5NfQ6Mf0dq_eEwv4P_hWA"" "
2026-09-14 09:35,Playlist,Failed,0.427,Timeout or Error
2026-09-14 14:38,Video,Failed,0.297,Timeout or Error
2026-09-14 14:38,Search,OK,0.97,"[{""type"":""channel"" ""author"":""test"" ""authorId"":""UCZRcA_nO3Kt-SOml2mY8D9g"" ""authorUrl"":""/channel/UCZRc"
2026-09-14 14:38,Channel,Failed,0.431,Timeout or Error
2026-09-14 14:38,Comments,OK,0.576,"{""commentCount"":10618897 ""videoId"":""jNQXAC9IVRw"" ""comments"":[{""authorId"":""UCC5NfQ6Mf0dq_eEwv4P_hWA"" "
2026-09-14 14:38,Playlist,Failed,0.428,Timeout or Error
2026-09-14 14:38,Video,Failed,0.288,Timeout or Error
2026-09-14 14:38,Search,OK,0.984,"[{""type"":""channel"" ""author"":""test"" ""authorId"":""UCZRcA_nO3Kt-SOml2mY8D9g"" ""authorUrl"":""/channel/UCZRc"
2026-09-14 14:38,Channel,Failed,0.428,Timeout or Error
2026-09-14 14:38,Comments,OK,0.633,"{""commentCount"":10618897 ""videoId"":""jNQXAC9IVRw"" ""comments"":[{""authorId"":""UCC5NfQ6Mf0dq_eEwv4P_hWA"" "
2026-09-14 14:38,Playlist,Failed,0.444,Timeout or Error
2026-09-14 20:29,Video,Failed,0.295,Timeout or Error
2026-09-14 20:29,Search,OK,0.976,"[{""type"":""channel"" ""author"":""test"" ""authorId"":""UCZRcA_nO3Kt-SOml2mY8D9g"" ""authorUrl"":""/channel/UCZRc"
2026-09-14 20:29,Channel,Failed,0.427,Timeout or Error
2026-09-14 20:29,Comments,OK,0.648,"{""commentCount"":10619263 ""videoId"":""jNQXAC9IVRw"" ""comments"":[{""authorId"":""UCC5NfQ6Mf0dq_eEwv4P_hWA"" "
2026-09-14 20:29,Playlist,Failed,0.425,Timeout or Error
2026-09-14 20:29,Video,Failed,0.276,Timeout or Error
2026-09-14 20:29,Search,OK,0.901,"[{""type"":""channel"" ""author"":""test"" ""authorId"":""UCZRcA_nO3Kt-SOml2mY8D9g"" ""authorUrl"":""/channel/UCZRc"
2026-09-14 20:29,Channel,Failed,0.42,Timeout or Error
2026-09-14 20:29,Comments,OK,0.593,"{""commentCount"":10619262 ""videoId"":""jNQXAC9IVRw"" ""comments"":[{""authorId"":""UCC5NfQ6Mf0dq_eEwv4P_hWA"" "
2026-09-14 20:29,Playlist,Failed,0.419,Timeout or Error
2026-09-15 02:25,Video,Failed,0.405,Timeout or Error
2026-09-15 02:25,Search,Failed,1.073,Timeout or Error
2026-09-15 02:25,Channel,Failed,0.811,Timeout or Error
2026-09-15 02:25,Comments,OK,0.838,"{""commentCount"":10619854 ""videoId"":""jNQXAC9IVRw"" ""comments"":[{""authorId"":""UCC5NfQ6Mf0dq_eEwv4P_hWA"" "
2026-09-15 02:25,Playlist,Failed,0.64,Timeout or Error
2026-09-15 02:25,Video,Failed,0.384,Timeout or Error
2026-09-15 02:25,Search,Failed,1.089,Timeout or Error
2026-09-15 02:25,Channel,Failed,0.524,Timeout or Error
2026-09-15 02:25,Comments,OK,1.035,"{""commentCount"":10619854 ""videoId"":""jNQXAC9IVRw"" ""comments"":[{""authorId"":""UCC5NfQ6Mf0dq_eEwv4P_hWA"" "
2026-09-15 02:25,Playlist,Failed,0.586,Timeout or Error
2026-09-15 06:17,Video,Failed,0.282,Timeout or Error
2026-09-15 06:17,Search,Failed,1.039,Timeout or Error
2026-09-15 06:17,Channel,Failed,0.438,Timeout or Error
2026-09-15 06:17,Comments,OK,0.644,"{""commentCount"":10620088 ""videoId"":""jNQXAC9IVRw"" ""comments"":[{""authorId"":""UCC5NfQ6Mf0dq_eEwv4P_hWA"" "
2026-09-15 06:17,Playlist,Failed,0.439,Timeout or Error
2026-09-15 06:17,Video,Failed,0.318,Timeout or Error
2026-09-15 06:17,Search,Failed,1.04,Timeout or Error
2026-09-15 06:17,Channel,Failed,0.406,Timeout or Error
2026-09-15 06:17,Comments,OK,0.76,"{""commentCount"":10620089 ""videoId"":""jNQXAC9IVRw"" ""comments"":[{""authorId"":""UCC5NfQ6Mf0dq_eEwv4P_hWA"" "
2026-09-15 06:17,Playlist,Failed,0.446,Timeout or Error
2026-09-15 09:09,Video,Failed,0.36,Timeout or Error
2026-09-15 09:09,Search,Failed,1.055,Timeout or Error
2026-09-15 09:09,Channel,Failed,0.507,Timeout or Error
2026-09-15 09:09,Comments,OK,0.778,"{""commentCount"":10620346 ""videoId"":""jNQXAC9IVRw"" ""comments"":[{""authorId"":""UCC5NfQ6Mf0dq_eEwv4P_hWA"" "
2026-09-15 09:09,Playlist,Failed,0.488,Timeout or Error
2026-09-15 09:09,Video,Failed,0.354,Timeout or Error
2026-09-15 09:09,Search,Failed,1.05,Timeout or Error
2026-09-15 09:09,Channel,Failed,0.522,Timeout or Error
2026-09-15 09:09,Comments,OK,0.763,"{""commentCount"":10620348 ""videoId"":""jNQXAC9IVRw"" ""comments"":[{""authorId"":""UCC5NfQ6Mf0dq_eEwv4P_hWA"" "
2026-09-15 09:09,Playlist,Failed,0.611,Timeout or Error
2026-09-15 14:40,Video,Failed,0.45,Timeout or Error
2026-09-15 14:40,Search,OK,1.009,"[{""type"":""channel"" ""author"":""test"" ""authorId"":""UCZRcA_nO3Kt-SOml2mY8D9g"" ""authorUrl"":""/channel/UCZRc"
2026-09-15 14:40,Channel,Failed,0.53,Timeout or Error
2026-09-15 14:40,Comments,OK,0.738,"{""commentCount"":10620681 ""videoId"":""jNQXAC9IVRw"" ""comments"":[{""authorId"":""UCC5NfQ6Mf0dq_eEwv4P_hWA"" "
2026-09-15 14:40,Playlist,Failed,0.537,Timeout or Error
2026-09-15 14:40,Video,Failed,0.397,Timeout or Error
2026-09-15 14:40,Search,OK,0.99,"[{""type"":""channel"" ""author"":""test"" ""authorId"":""UCZRcA_nO3Kt-SOml2mY8D9g"" ""authorUrl"":""/channel/UCZRc"
2026-09-15 14:40,Channel,Failed,0.523,Timeout or Error
2026-09-15 14:40,Comments,OK,0.719,"{""commentCount"":10620681 ""videoId"":""jNQXAC9IVRw"" ""comments"":[{""authorId"":""UCC5NfQ6Mf0dq_eEwv4P_hWA"" "
2026-09-15 14:40,Playlist,Failed,0.526,Timeout or Error
2026-09-15 19:50,Video,Failed,0.4,Timeout or Error
2026-09-15 19:50,Search,OK,1.045,"[{""type"":""channel"" ""author"":""test"" ""authorId"":""UCZRcA_nO3Kt-SOml2mY8D9g"" ""authorUrl"":""/channel/UCZRc"
2026-09-15 19:50,Channel,Failed,0.519,Timeout or Error
2026-09-15 19:50,Comments,OK,0.73,"{""commentCount"":10620310 ""videoId"":""jNQXAC9IVRw"" ""comments"":[{""authorId"":""UCC5NfQ6Mf0dq_eEwv4P_hWA"" "
2026-09-15 19:50,Playlist,Failed,0.536,Timeout or Error
2026-09-15 19:50,Video,Failed,0.394,Timeout or Error
2026-09-15 19:50,Search,OK,1.018,"[{""type"":""channel"" ""author"":""test"" ""authorId"":""UCZRcA_nO3Kt-SOml2mY8D9g"" ""authorUrl"":""/channel/UCZRc"
2026-09-15 19:50,Channel,Failed,0.458,Timeout or Error
2026-09-15 19:50,Comments,OK,0.645,"{""commentCount"":10620310 ""videoId"":""jNQXAC9IVRw"" ""comments"":[{""authorId"":""UCC5NfQ6Mf0dq_eEwv4P_hWA"" "
2026-09-15 19:50,Playlist,Failed,0.461,Timeout or Error
2026-09-16 00:23,Video,Failed,0.383,Timeout or Error
2026-09-16 00:23,Search,Failed,1.087,Timeout or Error
2026-09-16 00:23,Channel,Failed,0.679,Timeout or Error
2026-09-16 00:23,Comments,OK,0.89,"{""commentCount"":10620710 ""videoId"":""jNQXAC9IVRw"" ""comments"":[{""authorId"":""UCC5NfQ6Mf0dq_eEwv4P_hWA"" "
2026-09-16 00:23,Playlist,Failed,0.547,Timeout or Error
2026-09-16 00:23,Video,Failed,0.421,Timeout or Error
2026-09-16 00:23,Search,Failed,1.074,Timeout or Error
2026-09-16 00:23,Channel,Failed,0.561,Timeout or Error
2026-09-16 00:23,Comments,OK,0.793,"{""commentCount"":10620711 ""videoId"":""jNQXAC9IVRw"" ""comments"":[{""authorId"":""UCC5NfQ6Mf0dq_eEwv4P_hWA"" "
2026-09-16 00:23,Playlist,Failed,0.538,Timeout or Error
2026-09-16 04:25,Video,Failed,0.42,Timeout or Error
2026-09-16 04:25,Search,Failed,1.051,Timeout or Error
2026-09-16 04:25,Channel,Failed,0.569,Timeout or Error
2026-09-16 04:25,Comments,OK,0.902,"{""commentCount"":10621171 ""videoId"":""jNQXAC9IVRw"" ""comments"":[{""authorId"":""UCC5NfQ6Mf0dq_eEwv4P_hWA"" "
2026-09-16 04:25,Playlist,Failed,0.616,Timeout or Error
2026-09-16 04:25,Video,Failed,0.405,Timeout or Error
2026-09-16 04:25,Search,Failed,1.07,Timeout or Error
2026-09-16 04:25,Channel,Failed,0.573,Timeout or Error
2026-09-16 04:25,Comments,OK,0.876,"{""commentCount"":10621172 ""videoId"":""jNQXAC9IVRw"" ""comments"":[{""authorId"":""UCC5NfQ6Mf0dq_eEwv4P_hWA"" "
2026-09-16 04:25,Playlist,Failed,0.541,Timeout or Error
2026-09-16 07:37,Video,Failed,0.482,Timeout or Error
2026-09-16 07:37,Search,Failed,1.069,Timeout or Error
2026-09-16 07:37,Channel,Failed,0.56,Timeout or Error
2026-09-16 07:37,Comments,OK,0.824,"{""commentCount"":10621377 ""videoId"":""jNQXAC9IVRw"" ""comments"":[{""authorId"":""UCC5NfQ6Mf0dq_eEwv4P_hWA"" "
2026-09-16 07:37,Playlist,Failed,0.542,Timeout or Error
2026-09-16 07:37,Video,Failed,0.457,Timeout or Error
2026-09-16 07:37,Search,Failed,1.073,Timeout or Error
2026-09-16 07:37,Channel,Failed,0.599,Timeout or Error
2026-09-16 07:37,Comments,OK,0.823,"{""commentCount"":10621378 ""videoId"":""jNQXAC9IVRw"" ""comments"":[{""authorId"":""UCC5NfQ6Mf0dq_eEwv4P_hWA"" "
2026-09-16 07:37,Playlist,Failed,0.568,Timeout or Error
2026-09-16 09:57,Video,Failed,0.288,Timeout or Error
2026-09-16 09:57,Search,OK,0.984,"[{""type"":""channel"" ""author"":""test"" ""authorId"":""UCZRcA_nO3Kt-SOml2mY8D9g"" ""authorUrl"":""/channel/UCZRc"
2026-09-16 09:57,Channel,Failed,0.523,Timeout or Error
2026-09-16 09:57,Comments,OK,0.624,"{""commentCount"":10621541 ""videoId"":""jNQXAC9IVRw"" ""comments"":[{""authorId"":""UCC5NfQ6Mf0dq_eEwv4P_hWA"" "
2026-09-16 09:57,Playlist,Failed,0.364,Timeout or Error
2026-09-16 09:57,Video,Failed,0.279,Timeout or Error
2026-09-16 09:57,Search,Failed,1.031,Timeout or Error
2026-09-16 09:57,Channel,Failed,0.515,Timeout or Error
2026-09-16 09:57,Comments,OK,0.769,"{""commentCount"":10621540 ""videoId"":""jNQXAC9IVRw"" ""comments"":[{""authorId"":""UCC5NfQ6Mf0dq_eEwv4P_hWA"" "
2026-09-16 09:57,Playlist,Failed,0.521,Timeout or Error
2026-09-16 14:41,Video,Failed,0.285,Timeout or Error
2026-09-16 14:41,Search,OK,0.904,"[{""type"":""channel"" ""author"":""test"" ""authorId"":""UCZRcA_nO3Kt-SOml2mY8D9g"" ""authorUrl"":""/channel/UCZRc"
2026-09-16 14:41,Channel,Failed,0.416,Timeout or Error
2026-09-16 14:41,Comments,OK,0.664,"{""commentCount"":10621830 ""videoId"":""jNQXAC9IVRw"" ""comments"":[{""authorId"":""UCC5NfQ6Mf0dq_eEwv4P_hWA"" "
2026-09-16 14:41,Playlist,Failed,0.41,Timeout or Error
2026-09-16 14:41,Video,Failed,0.294,Timeout or Error
2026-09-16 14:41,Search,OK,0.941,"[{""type"":""channel"" ""author"":""test"" ""authorId"":""UCZRcA_nO3Kt-SOml2mY8D9g"" ""authorUrl"":""/channel/UCZRc"
2026-09-16 14:41,Channel,Failed,0.422,Timeout or Error
2026-09-16 14:41,Comments,OK,0.62,"{""commentCount"":10621832 ""videoId"":""jNQXAC9IVRw"" ""comments"":[{""authorId"":""UCC5NfQ6Mf0dq_eEwv4P_hWA"" "
2026-09-16 14:41,Playlist,Failed,0.416,Timeout or Error
2026-09-16 19:40,Video,Failed,0.292,Timeout or Error
2026-09-16 19:40,Search,OK,0.97,"[{""type"":""channel"" ""author"":""test"" ""authorId"":""UCZRcA_nO3Kt-SOml2mY8D9g"" ""authorUrl"":""/channel/UCZRc"
2026-09-16 19:40,Channel,Failed,0.353,Timeout or Error
2026-09-16 19:40,Comments,OK,0.559,"{""commentCount"":10622128 ""videoId"":""jNQXAC9IVRw"" ""comments"":[{""authorId"":""UCC5NfQ6Mf0dq_eEwv4P_hWA"" "
2026-09-16 19:40,Playlist,Failed,0.354,Timeout or Error
2026-09-16 19:40,Video,Failed,0.288,Timeout or Error
2026-09-16 19:40,Search,OK,0.837,"[{""type"":""channel"" ""author"":""test"" ""authorId"":""UCZRcA_nO3Kt-SOml2mY8D9g"" ""authorUrl"":""/channel/UCZRc"
2026-09-16 19:40,Channel,Failed,0.348,Timeout or Error
2026-09-16 19:40,Comments,OK,0.549,"{""commentCount"":10622129 ""videoId"":""jNQXAC9IVRw"" ""comments"":[{""authorId"":""UCC5NfQ6Mf0dq_eEwv4P_hWA"" "
2026-09-16 19:40,Playlist,Failed,0.347,Timeout or Error
2026-09-17 00:16,Video,Failed,0.448,Timeout or Error
2026-09-17 00:16,Search,Failed,1.032,Timeout or Error
2026-09-17 00:16,Channel,Failed,0.572,Timeout or Error
2026-09-17 00:16,Comments,OK,0.82,"{""commentCount"":10622564 ""videoId"":""jNQXAC9IVRw"" ""comments"":[{""authorId"":""UCC5NfQ6Mf0dq_eEwv4P_hWA"" "
2026-09-17 00:16,Playlist,Failed,0.576,Timeout or Error
2026-09-17 00:16,Video,Failed,0.402,Timeout or Error
2026-09-17 00:16,Search,Failed,1.03,Timeout or Error
2026-09-17 00:16,Channel,Failed,0.566,Timeout or Error
2026-09-17 00:16,Comments,OK,0.894,"{""commentCount"":10622565 ""videoId"":""jNQXAC9IVRw"" ""comments"":[{""authorId"":""UCC5NfQ6Mf0dq_eEwv4P_hWA"" "
2026-09-17 00:16,Playlist,Failed,0.562,Timeout or Error
2026-09-17 04:17,Video,Failed,0.349,Timeout or Error
2026-09-17 04:17,Search,OK,1.052,"[{""type"":""channel"" ""author"":""test"" ""authorId"":""UCZRcA_nO3Kt-SOml2mY8D9g"" ""authorUrl"":""/channel/UCZRc"
2026-09-17 04:17,Channel,Failed,0.568,Timeout or Error
2026-09-17 04:17,Comments,OK,0.75,"{""commentCount"":10622920 ""videoId"":""jNQXAC9IVRw"" ""comments"":[{""authorId"":""UCC5NfQ6Mf0dq_eEwv4P_hWA"" "
2026-09-17 04:17,Playlist,Failed,0.458,Timeout or Error
2026-09-17 04:17,Video,Failed,0.357,Timeout or Error
2026-09-17 04:17,Search,OK,1.063,"[{""type"":""channel"" ""author"":""test"" ""authorId"":""UCZRcA_nO3Kt-SOml2mY8D9g"" ""authorUrl"":""/channel/UCZRc"
2026-09-17 04:17,Channel,Failed,0.479,Timeout or Error
2026-09-17 04:17,Comments,OK,0.733,"{""commentCount"":10622921 ""videoId"":""jNQXAC9IVRw"" ""comments"":[{""authorId"":""UCC5NfQ6Mf0dq_eEwv4P_hWA"" "
2026-09-17 04:17,Playlist,Failed,0.486,Timeout or Error
2026-09-17 07:33,Video,Failed,0.318,Timeout or Error
2026-09-17 07:33,Search,Failed,1.038,Timeout or Error
2026-09-17 07:33,Channel,Failed,0.463,Timeout or Error
2026-09-17 07:33,Comments,OK,0.71,"{""commentCount"":10623171 ""videoId"":""jNQXAC9IVRw"" ""comments"":[{""authorId"":""UCC5NfQ6Mf0dq_eEwv4P_hWA"" "
2026-09-17 07:33,Playlist,Failed,0.435,Timeout or Error
2026-09-17 07:33,Video,Failed,0.292,Timeout or Error
2026-09-17 07:33,Search,Failed,1.037,Timeout or Error
2026-09-17 07:33,Channel,Failed,0.433,Timeout or Error
2026-09-17 07:33,Comments,OK,0.718,"{""commentCount"":10623171 ""videoId"":""jNQXAC9IVRw"" ""comments"":[{""authorId"":""UCC5NfQ6Mf0dq_eEwv4P_hWA"" "
2026-09-17 07:33,Playlist,Failed,0.433,Timeout or Error
2026-09-17 10:01,Video,Failed,0.406,Timeout or Error
2026-09-17 10:01,Search,Failed,1.042,Timeout or Error
2026-09-17 10:01,Channel,Failed,0.421,Timeout or Error
2026-09-17 10:01,Comments,OK,0.572,"{""commentCount"":10623152 ""videoId"":""jNQXAC9IVRw"" ""comments"":[{""authorId"":""UCC5NfQ6Mf0dq_eEwv4P_hWA"" "
2026-09-17 10:01,Playlist,Failed,0.374,Timeout or Error
2026-09-17 10:01,Video,Failed,0.299,Timeout or Error
2026-09-17 10:01,Search,Failed,1.039,Timeout or Error
2026-09-17 10:01,Channel,Failed,0.368,Timeout or Error
2026-09-17 10:01,Comments,OK,0.715,"{""commentCount"":10623152 ""videoId"":""jNQXAC9IVRw"" ""comments"":[{""authorId"":""UCC5NfQ6Mf0dq_eEwv4P_hWA"" "
2026-09-17 10:01,Playlist,Failed,0.402,Timeout or Error
2026-09-17 16:01,Video,Failed,0.299,Timeout or Error
2026-09-17 16:01,Search,OK,0.951,"[{""type"":""channel"" ""author"":""test"" ""authorId"":""UCZRcA_nO3Kt-SOml2mY8D9g"" ""authorUrl"":""/channel/UCZRc"
2026-09-17 16:01,Channel,Failed,0.416,Timeout or Error
2026-09-17 16:01,Comments,OK,0.601,"{""commentCount"":10623223 ""videoId"":""jNQXAC9IVRw"" ""comments"":[{""authorId"":""UCC5NfQ6Mf0dq_eEwv4P_hWA"" "
2026-09-17 16:01,Playlist,Failed,0.425,Timeout or Error
2026-09-17 16:01,Video,Failed,0.295,Timeout or Error
2026-09-17 16:01,Search,OK,0.927,"[{""type"":""channel"" ""author"":""test"" ""authorId"":""UCZRcA_nO3Kt-SOml2mY8D9g"" ""authorUrl"":""/channel/UCZRc"
2026-09-17 16:01,Channel,Failed,0.425,Timeout or Error
2026-09-17 16:01,Comments,OK,0.592,"{""commentCount"":10623223 ""videoId"":""jNQXAC9IVRw"" ""comments"":[{""authorId"":""UCC5NfQ6Mf0dq_eEwv4P_hWA"" "
2026-09-17 16:01,Playlist,Failed,0.403,Timeout or Error
2026-09-17 21:56,Video,Failed,0.286,Timeout or Error
2026-09-17 21:56,Search,OK,0.85,"[{""type"":""channel"" ""author"":""test"" ""authorId"":""UCZRcA_nO3Kt-SOml2mY8D9g"" ""authorUrl"":""/channel/UCZRc"
2026-09-17 21:56,Channel,Failed,0.407,Timeout or Error
2026-09-17 21:56,Comments,OK,0.755,"{""commentCount"":10623643 ""videoId"":""jNQXAC9IVRw"" ""comments"":[{""authorId"":""UCC5NfQ6Mf0dq_eEwv4P_hWA"" "
2026-09-17 21:56,Playlist,Failed,0.404,Timeout or Error
2026-09-17 21:56,Video,Failed,0.285,Timeout or Error
2026-09-17 21:56,Search,OK,0.91,"[{""type"":""channel"" ""author"":""test"" ""authorId"":""UCZRcA_nO3Kt-SOml2mY8D9g"" ""authorUrl"":""/channel/UCZRc"
2026-09-17 21:56,Channel,Failed,0.36,Timeout or Error
2026-09-17 21:56,Comments,OK,0.574,"{""commentCount"":10623643 ""videoId"":""jNQXAC9IVRw"" ""comments"":[{""authorId"":""UCC5NfQ6Mf0dq_eEwv4P_hWA"" "
2026-09-17 21:56,Playlist,Failed,0.364,Timeout or Error
2026-09-18 02:28,Video,Failed,0.404,Timeout or Error
2026-09-18 02:28,Search,Failed,1.07,Timeout or Error
2026-09-18 02:28,Channel,Failed,0.553,Timeout or Error
2026-09-18 02:28,Comments,OK,0.757,"{""commentCount"":10624076 ""videoId"":""jNQXAC9IVRw"" ""comments"":[{""authorId"":""UCC5NfQ6Mf0dq_eEwv4P_hWA"" "
2026-09-18 02:28,Playlist,Failed,0.543,Timeout or Error
2026-09-18 02:28,Video,Failed,0.374,Timeout or Error
2026-09-18 02:28,Search,OK,0.859,"[{""type"":""channel"" ""author"":""test"" ""authorId"":""UCZRcA_nO3Kt-SOml2mY8D9g"" ""authorUrl"":""/channel/UCZRc"
2026-09-18 02:28,Channel,Failed,0.53,Timeout or Error
2026-09-18 02:28,Comments,OK,0.739,"{""commentCount"":10624077 ""videoId"":""jNQXAC9IVRw"" ""comments"":[{""authorId"":""UCC5NfQ6Mf0dq_eEwv4P_hWA"" "
2026-09-18 02:28,Playlist,Failed,0.519,Timeout or Error
2026-09-18 05:50,Video,Failed,0.436,Timeout or Error
2026-09-18 05:50,Search,Failed,1.08,Timeout or Error
2026-09-18 05:50,Channel,Failed,0.536,Timeout or Error
2026-09-18 05:50,Comments,OK,0.781,"{""commentCount"":10624280 ""videoId"":""jNQXAC9IVRw"" ""comments"":[{""authorId"":""UCC5NfQ6Mf0dq_eEwv4P_hWA"" "
2026-09-18 05:50,Playlist,Failed,0.589,Timeout or Error
2026-09-18 05:50,Video,Failed,0.397,Timeout or Error
2026-09-18 05:50,Search,Failed,1.08,Timeout or Error
2026-09-18 05:50,Channel,Failed,0.606,Timeout or Error
2026-09-18 05:50,Comments,OK,0.849,"{""commentCount"":10624280 ""videoId"":""jNQXAC9IVRw"" ""comments"":[{""authorId"":""UCC5NfQ6Mf0dq_eEwv4P_hWA"" "
2026-09-18 05:50,Playlist,Failed,0.523,Timeout or Error
2026-09-18 08:19,Video,Failed,0.429,Timeout or Error
2026-09-18 08:19,Search,Failed,1.073,Timeout or Error
2026-09-18 08:19,Channel,Failed,0.668,Timeout or Error
2026-09-18 08:19,Comments,OK,1.076,"{""commentCount"":10624405 ""videoId"":""jNQXAC9IVRw"" ""comments"":[{""authorId"":""UCC5NfQ6Mf0dq_eEwv4P_hWA"" "
2026-09-18 08:19,Playlist,Failed,0.503,Timeout or Error
2026-09-18 08:19,Video,Failed,0.374,Timeout or Error
2026-09-18 08:19,Search,Failed,1.083,Timeout or Error
2026-09-18 08:19,Channel,Failed,0.535,Timeout or Error
2026-09-18 08:19,Comments,Failed,1.072,Timeout or Error
2026-09-18 08:19,Playlist,Failed,0.59,Timeout or Error
2026-09-18 11:42,Video,Failed,0.296,Timeout or Error
2026-09-18 11:42,Search,OK,0.98,"[{""type"":""channel"" ""author"":""test"" ""authorId"":""UCZRcA_nO3Kt-SOml2mY8D9g"" ""authorUrl"":""/channel/UCZRc"
2026-09-18 11:42,Channel,Failed,0.431,Timeout or Error
2026-09-18 11:42,Comments,OK,0.68,"{""commentCount"":10624533 ""videoId"":""jNQXAC9IVRw"" ""comments"":[{""authorId"":""UCC5NfQ6Mf0dq_eEwv4P_hWA"" "
2026-09-18 11:42,Playlist,Failed,0.502,Timeout or Error
2026-09-18 11:42,Video,Failed,0.27,Timeout or Error
2026-09-18 11:42,Search,OK,0.891,"[{""type"":""channel"" ""author"":""test"" ""authorId"":""UCZRcA_nO3Kt-SOml2mY8D9g"" ""authorUrl"":""/channel/UCZRc"
2026-09-18 11:42,Channel,Failed,0.416,Timeout or Error
2026-09-18 11:42,Comments,OK,0.662,"{""commentCount"":10624533 ""videoId"":""jNQXAC9IVRw"" ""comments"":[{""authorId"":""UCC5NfQ6Mf0dq_eEwv4P_hWA"" "
2026-09-18 11:42,Playlist,Failed,0.437,Timeout or Error
2026-09-18 16:52,Video,Failed,0.293,Timeout or Error
2026-09-18 16:52,Search,OK,1.003,"[{""type"":""channel"" ""author"":""test"" ""authorId"":""UCZRcA_nO3Kt-SOml2mY8D9g"" ""authorUrl"":""/channel/UCZRc"
2026-09-18 16:52,Channel,Failed,0.421,Timeout or Error
2026-09-18 16:52,Comments,OK,0.604,"{""commentCount"":10624742 ""videoId"":""jNQXAC9IVRw"" ""comments"":[{""authorId"":""UCC5NfQ6Mf0dq_eEwv4P_hWA"" "
2026-09-18 16:52,Playlist,Failed,0.405,Timeout or Error
2026-09-18 16:52,Video,Failed,0.305,Timeout or Error
2026-09-18 16:52,Search,OK,0.876,"[{""type"":""channel"" ""author"":""test"" ""authorId"":""UCZRcA_nO3Kt-SOml2mY8D9g"" ""authorUrl"":""/channel/UCZRc"
2026-09-18 16:52,Channel,Failed,0.441,Timeout or Error
2026-09-18 16:52,Comments,OK,0.624,"{""commentCount"":10624741 ""videoId"":""jNQXAC9IVRw"" ""comments"":[{""authorId"":""UCC5NfQ6Mf0dq_eEwv4P_hWA"" "
2026-09-18 16:52,Playlist,Failed,0.426,Timeout or Error
2026-09-18 21:35,Video,Failed,0.452,Timeout or Error
2026-09-18 21:35,Search,Failed,1.031,Timeout or Error
2026-09-18 21:35,Channel,Failed,0.484,Timeout or Error
2026-09-18 21:35,Comments,OK,0.66,"{""commentCount"":10624832 ""videoId"":""jNQXAC9IVRw"" ""comments"":[{""authorId"":""UCC5NfQ6Mf0dq_eEwv4P_hWA"" "
2026-09-18 21:35,Playlist,Failed,0.481,Timeout or Error
2026-09-18 21:35,Video,Failed,0.436,Timeout or Error
2026-09-18 21:35,Search,OK,0.966,"[{""type"":""channel"" ""author"":""test"" ""authorId"":""UCZRcA_nO3Kt-SOml2mY8D9g"" ""authorUrl"":""/channel/UCZRc"
2026-09-18 21:35,Channel,Failed,0.48,Timeout or Error
2026-09-18 21:35,Comments,OK,0.736,"{""commentCount"":10624832 ""videoId"":""jNQXAC9IVRw"" ""comments"":[{""authorId"":""UCC5NfQ6Mf0dq_eEwv4P_hWA"" "
2026-09-18 21:35,Playlist,Failed,0.49,Timeout or Error
2026-09-19 01:52,Video,Failed,0.312,Timeout or Error
2026-09-19 01:52,Search,OK,0.976,"[{""type"":""channel"" ""author"":""test"" ""authorId"":""UCZRcA_nO3Kt-SOml2mY8D9g"" ""authorUrl"":""/channel/UCZRc"
2026-09-19 01:52,Channel,Failed,0.44,Timeout or Error
2026-09-19 01:52,Comments,OK,0.665,"{""commentCount"":10625200 ""videoId"":""jNQXAC9IVRw"" ""comments"":[{""authorId"":""UCC5NfQ6Mf0dq_eEwv4P_hWA"" "
2026-09-19 01:52,Playlist,Failed,0.463,Timeout or Error
2026-09-19 01:52,Video,Failed,0.297,Timeout or Error
2026-09-19 01:52,Search,Failed,1.032,Timeout or Error
2026-09-19 01:52,Channel,Failed,0.449,Timeout or Error
2026-09-19 01:52,Comments,OK,0.662,"{""commentCount"":10625199 ""videoId"":""jNQXAC9IVRw"" ""comments"":[{""authorId"":""UCC5NfQ6Mf0dq_eEwv4P_hWA"" "
2026-09-19 01:52,Playlist,Failed,0.443,Timeout or Error
2026-09-19 04:22,Video,Failed,0.469,Timeout or Error
2026-09-19 04:22,Search,Failed,1.052,Timeout or Error
2026-09-19 04:22,Channel,Failed,0.62,Timeout or Error
2026-09-19 04:22,Comments,OK,0.897,"{""commentCount"":10624910 ""videoId"":""jNQXAC9IVRw"" ""comments"":[{""authorId"":""UCC5NfQ6Mf0dq_eEwv4P_hWA"" "
2026-09-19 04:22,Playlist,Failed,0.587,Timeout or Error
2026-09-19 04:22,Video,Failed,0.467,Timeout or Error
2026-09-19 04:22,Search,Failed,1.052,Timeout or Error
2026-09-19 04:22,Channel,Failed,0.582,Timeout or Error
2026-09-19 04:22,Comments,OK,0.825,"{""commentCount"":10624910 ""videoId"":""jNQXAC9IVRw"" ""comments"":[{""authorId"":""UCC5NfQ6Mf0dq_eEwv4P_hWA"" "
2026-09-19 04:22,Playlist,Failed,0.632,Timeout or Error
2026-09-19 07:09,Video,Failed,0.372,Timeout or Error
2026-09-19 07:09,Search,Failed,1.053,Timeout or Error
2026-09-19 07:09,Channel,Failed,0.496,Timeout or Error
2026-09-19 07:09,Comments,OK,0.725,"{""commentCount"":10625049 ""videoId"":""jNQXAC9IVRw"" ""comments"":[{""authorId"":""UCC5NfQ6Mf0dq_eEwv4P_hWA"" "
2026-09-19 07:09,Playlist,Failed,0.501,Timeout or Error
2026-09-19 07:09,Video,Failed,0.363,Timeout or Error
2026-09-19 07:09,Search,Failed,1.045,Timeout or Error
2026-09-19 07:09,Channel,Failed,0.456,Timeout or Error
2026-09-19 07:09,Comments,OK,0.747,"{""commentCount"":10625050 ""videoId"":""jNQXAC9IVRw"" ""comments"":[{""authorId"":""UCC5NfQ6Mf0dq_eEwv4P_hWA"" "
2026-09-19 07:09,Playlist,Failed,0.488,Timeout or Error
2026-09-19 09:52,Video,Failed,0.416,Timeout or Error
2026-09-19 09:52,Search,Failed,1.043,Timeout or Error
2026-09-19 09:52,Channel,Failed,0.536,Timeout or Error
2026-09-19 09:52,Comments,OK,0.779,"{""commentCount"":10625157 ""videoId"":""jNQXAC9IVRw"" ""comments"":[{""authorId"":""UCC5NfQ6Mf0dq_eEwv4P_hWA"" "
2026-09-19 09:52,Playlist,Failed,0.538,Timeout or Error
2026-09-19 09:52,Video,Failed,0.401,Timeout or Error
2026-09-19 09:52,Search,Failed,1.041,Timeout or Error
2026-09-19 09:52,Channel,Failed,0.542,Timeout or Error
2026-09-19 09:52,Comments,OK,0.752,"{""commentCount"":10625157 ""videoId"":""jNQXAC9IVRw"" ""comments"":[{""authorId"":""UCC5NfQ6Mf0dq_eEwv4P_hWA"" "
2026-09-19 09:52,Playlist,Failed,0.546,Timeout or Error
2026-09-19 14:24,Video,Failed,0.282,Timeout or Error
2026-09-19 14:24,Search,OK,0.915,"[{""type"":""channel"" ""author"":""test"" ""authorId"":""UCZRcA_nO3Kt-SOml2mY8D9g"" ""authorUrl"":""/channel/UCZRc"
2026-09-19 14:24,Channel,Failed,0.355,Timeout or Error
2026-09-19 14:24,Comments,OK,0.481,"{""commentCount"":10625272 ""videoId"":""jNQXAC9IVRw"" ""comments"":[{""authorId"":""UCC5NfQ6Mf0dq_eEwv4P_hWA"" "
2026-09-19 14:24,Playlist,Failed,0.352,Timeout or Error
2026-09-19 14:24,Video,Failed,0.288,Timeout or Error
2026-09-19 14:24,Search,OK,0.806,"[{""type"":""channel"" ""author"":""test"" ""authorId"":""UCZRcA_nO3Kt-SOml2mY8D9g"" ""authorUrl"":""/channel/UCZRc"
2026-09-19 14:24,Channel,Failed,0.35,Timeout or Error
2026-09-19 14:24,Comments,OK,0.5,"{""commentCount"":10625272 ""videoId"":""jNQXAC9IVRw"" ""comments"":[{""authorId"":""UCC5NfQ6Mf0dq_eEwv4P_hWA"" "
2026-09-19 14:24,Playlist,Failed,0.337,Timeout or Error
2026-09-19 19:07,Video,Failed,0.361,Timeout or Error
2026-09-19 19:07,Search,OK,0.953,"[{""type"":""channel"" ""author"":""test"" ""authorId"":""UCZRcA_nO3Kt-SOml2mY8D9g"" ""authorUrl"":""/channel/UCZRc"
2026-09-19 19:07,Channel,Failed,0.429,Timeout or Error
2026-09-19 19:07,Comments,OK,0.623,"{""commentCount"":10625609 ""videoId"":""jNQXAC9IVRw"" ""comments"":[{""authorId"":""UCC5NfQ6Mf0dq_eEwv4P_hWA"" "
2026-09-19 19:07,Playlist,Failed,0.437,Timeout or Error
2026-09-19 19:07,Video,Failed,0.366,Timeout or Error
2026-09-19 19:07,Search,OK,0.999,"[{""type"":""video"" ""title"":""DISTORTED - TEST [Official Music Video] | Original Motion Picture Soundtra"
2026-09-19 19:07,Channel,Failed,0.423,Timeout or Error
2026-09-19 19:07,Comments,OK,0.608,"{""commentCount"":10625609 ""videoId"":""jNQXAC9IVRw"" ""comments"":[{""authorId"":""UCC5NfQ6Mf0dq_eEwv4P_hWA"" "
2026-09-19 19:07,Playlist,Failed,0.426,Timeout or Error
2026-09-19 23:06,Video,Failed,0.419,Timeout or Error
2026-09-19 23:06,Search,Failed,1.049,Timeout or Error
2026-09-19 23:06,Channel,Failed,0.552,Timeout or Error
2026-09-19 23:06,Comments,OK,0.835,"{""commentCount"":10625945 ""videoId"":""jNQXAC9IVRw"" ""comments"":[{""authorId"":""UCC5NfQ6Mf0dq_eEwv4P_hWA"" "
2026-09-19 23:06,Playlist,Failed,0.523,Timeout or Error
2026-09-19 23:06,Video,Failed,0.401,Timeout or Error
2026-09-19 23:06,Search,Failed,1.044,Timeout or Error
2026-09-19 23:06,Channel,Failed,0.54,Timeout or Error
2026-09-19 23:06,Comments,OK,0.747,"{""commentCount"":10625945 ""videoId"":""jNQXAC9IVRw"" ""comments"":[{""authorId"":""UCC5NfQ6Mf0dq_eEwv4P_hWA"" "
2026-09-19 23:06,Playlist,Failed,0.566,Timeout or Error
2026-09-20 02:40,Video,Failed,0.38,Timeout or Error
2026-09-20 02:40,Search,Failed,1.048,Timeout or Error
2026-09-20 02:40,Channel,Failed,0.497,Timeout or Error
2026-09-20 02:40,Comments,OK,0.796,"{""commentCount"":10626254 ""videoId"":""jNQXAC9IVRw"" ""comments"":[{""authorId"":""UCC5NfQ6Mf0dq_eEwv4P_hWA"" "
2026-09-20 02:40,Playlist,Failed,0.488,Timeout or Error
2026-09-20 02:40,Video,Failed,0.344,Timeout or Error
2026-09-20 02:40,Search,Failed,1.052,Timeout or Error
2026-09-20 02:40,Channel,Failed,0.499,Timeout or Error
2026-09-20 02:40,Comments,OK,0.975,"{""commentCount"":10626256 ""videoId"":""jNQXAC9IVRw"" ""comments"":[{""authorId"":""UCC5NfQ6Mf0dq_eEwv4P_hWA"" "
2026-09-20 02:40,Playlist,Failed,0.464,Timeout or Error
2026-09-20 04:54,Video,Failed,0.324,Timeout or Error
2026-09-20 04:54,Search,Failed,1.035,Timeout or Error
2026-09-20 04:54,Channel,Failed,0.519,Timeout or Error
2026-09-20 04:54,Comments,OK,0.895,"{""commentCount"":10626500 ""videoId"":""jNQXAC9IVRw"" ""comments"":[{""authorId"":""UCC5NfQ6Mf0dq_eEwv4P_hWA"" "
2026-09-20 04:54,Playlist,Failed,1.032,Timeout or Error
2026-09-20 04:54,Video,Failed,0.426,Timeout or Error
2026-09-20 04:54,Search,Failed,1.032,Timeout or Error
2026-09-20 04:54,Channel,Failed,0.494,Timeout or Error
2026-09-20 04:54,Comments,OK,0.699,"{""commentCount"":10626500 ""videoId"":""jNQXAC9IVRw"" ""comments"":[{""authorId"":""UCC5NfQ6Mf0dq_eEwv4P_hWA"" "
2026-09-20 04:54,Playlist,Failed,0.442,Timeout or Error
2026-09-20 07:02,Video,Failed,0.282,Timeout or Error
2026-09-20 07:02,Search,Failed,1.033,Timeout or Error
2026-09-20 07:02,Channel,Failed,0.434,Timeout or Error
2026-09-20 07:02,Comments,OK,0.728,"{""commentCount"":10626660 ""videoId"":""jNQXAC9IVRw"" ""comments"":[{""authorId"":""UCC5NfQ6Mf0dq_eEwv4P_hWA"" "
2026-09-20 07:02,Playlist,Failed,0.433,Timeout or Error
2026-09-20 07:02,Video,Failed,0.276,Timeout or Error
2026-09-20 07:02,Search,OK,0.967,"[{""type"":""video"" ""title"":""OLED Test Experience Like Never Before - 16K HDR Dolby Vision 120fps  (8K/"
2026-09-20 07:02,Channel,Failed,0.414,Timeout or Error
2026-09-20 07:02,Comments,OK,0.695,"{""commentCount"":10626660 ""videoId"":""jNQXAC9IVRw"" ""comments"":[{""authorId"":""UCC5NfQ6Mf0dq_eEwv4P_hWA"" "
2026-09-20 07:02,Playlist,Failed,0.427,Timeout or Error
2026-09-20 09:33,Video,Failed,0.396,Timeout or Error
2026-09-20 09:33,Search,Failed,1.056,Timeout or Error
2026-09-20 09:33,Channel,Failed,0.508,Timeout or Error
2026-09-20 09:33,Comments,OK,0.804,"{""commentCount"":10626830 ""videoId"":""jNQXAC9IVRw"" ""comments"":[{""authorId"":""UCC5NfQ6Mf0dq_eEwv4P_hWA"" "
2026-09-20 09:33,Playlist,Failed,0.492,Timeout or Error
2026-09-20 09:33,Video,Failed,0.33,Timeout or Error
2026-09-20 09:33,Search,Failed,1.052,Timeout or Error
2026-09-20 09:33,Channel,Failed,0.488,Timeout or Error
2026-09-20 09:33,Comments,OK,0.774,"{""commentCount"":10626830 ""videoId"":""jNQXAC9IVRw"" ""comments"":[{""authorId"":""UCC5NfQ6Mf0dq_eEwv4P_hWA"" "
2026-09-20 09:33,Playlist,Failed,0.447,Timeout or Error
2026-09-20 14:37,Video,Failed,0.281,Timeout or Error
2026-09-20 14:37,Search,OK,0.964,"[{""type"":""channel"" ""author"":""test"" ""authorId"":""UCZRcA_nO3Kt-SOml2mY8D9g"" ""authorUrl"":""/channel/UCZRc"
2026-09-20 14:37,Channel,Failed,0.406,Timeout or Error
2026-09-20 14:37,Comments,OK,0.552,"{""commentCount"":10627125 ""videoId"":""jNQXAC9IVRw"" ""comments"":[{""authorId"":""UCC5NfQ6Mf0dq_eEwv4P_hWA"" "
2026-09-20 14:37,Playlist,Failed,0.413,Timeout or Error
2026-09-20 14:37,Video,Failed,0.266,Timeout or Error
2026-09-20 14:37,Search,OK,0.964,"[{""type"":""channel"" ""author"":""test"" ""authorId"":""UCZRcA_nO3Kt-SOml2mY8D9g"" ""authorUrl"":""/channel/UCZRc"
2026-09-20 14:37,Channel,Failed,0.395,Timeout or Error
2026-09-20 14:37,Comments,OK,0.599,"{""commentCount"":10627125 ""videoId"":""jNQXAC9IVRw"" ""comments"":[{""authorId"":""UCC5NfQ6Mf0dq_eEwv4P_hWA"" "
2026-09-20 14:37,Playlist,Failed,0.413,Timeout or Error
2026-09-20 19:26,Video,Failed,0.29,Timeout or Error
2026-09-20 19:26,Search,OK,0.928,"[{""type"":""channel"" ""author"":""test"" ""authorId"":""UCZRcA_nO3Kt-SOml2mY8D9g"" ""authorUrl"":""/channel/UCZRc"
2026-09-20 19:26,Channel,Failed,0.409,Timeout or Error
2026-09-20 19:26,Comments,OK,0.597,"{""commentCount"":10627340 ""videoId"":""jNQXAC9IVRw"" ""comments"":[{""authorId"":""UCC5NfQ6Mf0dq_eEwv4P_hWA"" "
2026-09-20 19:26,Playlist,Failed,0.407,Timeout or Error
2026-09-20 19:26,Video,Failed,0.287,Timeout or Error
2026-09-20 19:26,Search,OK,0.913,"[{""type"":""channel"" ""author"":""test"" ""authorId"":""UCZRcA_nO3Kt-SOml2mY8D9g"" ""authorUrl"":""/channel/UCZRc"
2026-09-20 19:26,Channel,Failed,0.417,Timeout or Error
2026-09-20 19:26,Comments,OK,0.556,"{""commentCount"":10627341 ""videoId"":""jNQXAC9IVRw"" ""comments"":[{""authorId"":""UCC5NfQ6Mf0dq_eEwv4P_hWA"" "
2026-09-20 19:26,Playlist,Failed,0.406,Timeout or Error
2026-09-20 23:25,Video,Failed,0.397,Timeout or Error
2026-09-20 23:25,Search,Failed,1.066,Timeout or Error
2026-09-20 23:25,Channel,Failed,0.501,Timeout or Error
2026-09-20 23:25,Comments,OK,0.712,"{""commentCount"":10627543 ""videoId"":""jNQXAC9IVRw"" ""comments"":[{""authorId"":""UCC5NfQ6Mf0dq_eEwv4P_hWA"" "
2026-09-20 23:25,Playlist,Failed,0.506,Timeout or Error
2026-09-20 23:25,Video,Failed,0.366,Timeout or Error
2026-09-20 23:25,Search,Failed,1.063,Timeout or Error
2026-09-20 23:25,Channel,Failed,0.484,Timeout or Error
2026-09-20 23:25,Comments,OK,0.918,"{""commentCount"":10627543 ""videoId"":""jNQXAC9IVRw"" ""comments"":[{""authorId"":""UCC5NfQ6Mf0dq_eEwv4P_hWA"" "
2026-09-20 23:25,Playlist,Failed,0.491,Timeout or Error
2026-09-21 02:52,Video,Failed,0.458,Timeout or Error
2026-09-21 02:52,Search,Failed,1.066,Timeout or Error
2026-09-21 02:52,Channel,Failed,0.623,Timeout or Error
2026-09-21 02:52,Comments,OK,0.748,"{""commentCount"":10627795 ""videoId"":""jNQXAC9IVRw"" ""comments"":[{""authorId"":""UCC5NfQ6Mf0dq_eEwv4P_hWA"" "
2026-09-21 02:52,Playlist,Failed,0.58,Timeout or Error
2026-09-21 02:52,Video,Failed,0.438,Timeout or Error
2026-09-21 02:52,Search,Failed,1.064,Timeout or Error
2026-09-21 02:52,Channel,Failed,0.58,Timeout or Error
2026-09-21 02:52,Comments,OK,0.852,"{""commentCount"":10627795 ""videoId"":""jNQXAC9IVRw"" ""comments"":[{""authorId"":""UCC5NfQ6Mf0dq_eEwv4P_hWA"" "
2026-09-21 02:52,Playlist,Failed,0.572,Timeout or Error
2026-09-21 05:08,Video,Failed,1.036,Timeout or Error
2026-09-21 05:08,Search,Failed,1.064,Timeout or Error
2026-09-21 05:08,Channel,Failed,0.482,Timeout or Error
2026-09-21 05:08,Comments,OK,0.813,"{""commentCount"":10627934 ""videoId"":""jNQXAC9IVRw"" ""comments"":[{""authorId"":""UCC5NfQ6Mf0dq_eEwv4P_hWA"" "
2026-09-21 05:08,Playlist,Failed,0.46,Timeout or Error
2026-09-21 05:08,Video,Failed,0.328,Timeout or Error
2026-09-21 05:08,Search,Failed,1.033,Timeout or Error
2026-09-21 05:08,Channel,Failed,0.468,Timeout or Error
2026-09-21 05:08,Comments,OK,0.743,"{""commentCount"":10627934 ""videoId"":""jNQXAC9IVRw"" ""comments"":[{""authorId"":""UCC5NfQ6Mf0dq_eEwv4P_hWA"" "
2026-09-21 05:08,Playlist,Failed,1.036,Timeout or Error
2026-09-21 07:52,Video,Failed,0.377,Timeout or Error
2026-09-21 07:52,Search,Failed,1.056,Timeout or Error
2026-09-21 07:52,Channel,Failed,1.048,Timeout or Error
2026-09-21 07:52,Comments,OK,0.771,"{""commentCount"":10627848 ""videoId"":""jNQXAC9IVRw"" ""comments"":[{""authorId"":""UCC5NfQ6Mf0dq_eEwv4P_hWA"" "
2026-09-21 07:52,Playlist,Failed,0.484,Timeout or Error
2026-09-21 07:52,Video,Failed,0.345,Timeout or Error
2026-09-21 07:52,Search,Failed,1.048,Timeout or Error
2026-09-21 07:52,Channel,Failed,0.467,Timeout or Error
2026-09-21 07:52,Comments,OK,0.737,"{""commentCount"":10627848 ""videoId"":""jNQXAC9IVRw"" ""comments"":[{""authorId"":""UCC5NfQ6Mf0dq_eEwv4P_hWA"" "
2026-09-21 07:52,Playlist,Failed,0.5,Timeout or Error
2026-09-21 09:45,Video,Failed,0.347,Timeout or Error
2026-09-21 09:45,Search,Failed,1.058,Timeout or Error
2026-09-21 09:45,Channel,Failed,0.465,Timeout or Error
2026-09-21 09:45,Comments,OK,0.711,"{""commentCount"":10627922 ""videoId"":""jNQXAC9IVRw"" ""comments"":[{""authorId"":""UCC5NfQ6Mf0dq_eEwv4P_hWA"" "
2026-09-21 09:45,Playlist,Failed,0.499,Timeout or Error
2026-09-21 09:45,Video,Failed,0.359,Timeout or Error
2026-09-21 09:45,Search,Failed,1.05,Timeout or Error
2026-09-21 09:45,Channel,Failed,0.445,Timeout or Error
2026-09-21 09:45,Comments,OK,0.664,"{""commentCount"":10627922 ""videoId"":""jNQXAC9IVRw"" ""comments"":[{""authorId"":""UCC5NfQ6Mf0dq_eEwv4P_hWA"" "
2026-09-21 09:45,Playlist,Failed,1.047,Timeout or Error
2026-09-21 14:47,Video,Failed,0.408,Timeout or Error
2026-09-21 14:47,Search,OK,1.016,"[{""type"":""channel"" ""author"":""test"" ""authorId"":""UCZRcA_nO3Kt-SOml2mY8D9g"" ""authorUrl"":""/channel/UCZRc"
2026-09-21 14:47,Channel,Failed,0.55,Timeout or Error
2026-09-21 14:47,Comments,OK,0.726,"{""commentCount"":10628039 ""videoId"":""jNQXAC9IVRw"" ""comments"":[{""authorId"":""UCC5NfQ6Mf0dq_eEwv4P_hWA"" "
2026-09-21 14:47,Playlist,Failed,0.55,Timeout or Error
2026-09-21 14:47,Video,Failed,0.418,Timeout or Error
2026-09-21 14:47,Search,Failed,1.029,Timeout or Error
2026-09-21 14:47,Channel,Failed,0.544,Timeout or Error
2026-09-21 14:47,Comments,OK,0.711,"{""commentCount"":10628039 ""videoId"":""jNQXAC9IVRw"" ""comments"":[{""authorId"":""UCC5NfQ6Mf0dq_eEwv4P_hWA"" "
2026-09-21 14:47,Playlist,Failed,0.537,Timeout or Error
2026-09-21 20:43,Video,Failed,0.314,Timeout or Error
2026-09-21 20:43,Search,OK,1.01,"[{""type"":""channel"" ""author"":""test"" ""authorId"":""UCZRcA_nO3Kt-SOml2mY8D9g"" ""authorUrl"":""/channel/UCZRc"
2026-09-21 20:43,Channel,Failed,0.486,Timeout or Error
2026-09-21 20:43,Comments,OK,0.686,"{""commentCount"":10628130 ""videoId"":""jNQXAC9IVRw"" ""comments"":[{""authorId"":""UCC5NfQ6Mf0dq_eEwv4P_hWA"" "
2026-09-21 20:43,Playlist,Failed,0.445,Timeout or Error
2026-09-21 20:43,Video,Failed,0.306,Timeout or Error
2026-09-21 20:43,Search,Failed,1.035,Timeout or Error
2026-09-21 20:43,Channel,Failed,0.435,Timeout or Error
2026-09-21 20:43,Comments,OK,0.619,"{""commentCount"":10628130 ""videoId"":""jNQXAC9IVRw"" ""comments"":[{""authorId"":""UCC5NfQ6Mf0dq_eEwv4P_hWA"" "
2026-09-21 20:43,Playlist,Failed,0.443,Timeout or Error
2026-09-22 02:39,Video,Failed,0.331,Timeout or Error
2026-09-22 02:39,Search,Failed,1.07,Timeout or Error
2026-09-22 02:39,Channel,Failed,0.433,Timeout or Error
2026-09-22 02:39,Comments,OK,0.845,"{""commentCount"":10628304 ""videoId"":""jNQXAC9IVRw"" ""comments"":[{""authorId"":""UCC5NfQ6Mf0dq_eEwv4P_hWA"" "
2026-09-22 02:39,Playlist,Failed,0.435,Timeout or Error
2026-09-22 02:39,Video,Failed,0.305,Timeout or Error
2026-09-22 02:39,Search,Failed,1.04,Timeout or Error
2026-09-22 02:39,Channel,Failed,0.464,Timeout or Error
2026-09-22 02:39,Comments,OK,0.647,"{""commentCount"":10628306 ""videoId"":""jNQXAC9IVRw"" ""comments"":[{""authorId"":""UCC5NfQ6Mf0dq_eEwv4P_hWA"" "
2026-09-22 02:39,Playlist,Failed,0.449,Timeout or Error
2026-09-22 06:33,Video,Failed,0.435,Timeout or Error
2026-09-22 06:33,Search,Failed,1.04,Timeout or Error
2026-09-22 06:33,Channel,Failed,0.638,Timeout or Error
2026-09-22 06:33,Comments,OK,0.81,"{""commentCount"":10628599 ""videoId"":""jNQXAC9IVRw"" ""comments"":[{""authorId"":""UCC5NfQ6Mf0dq_eEwv4P_hWA"" "
2026-09-22 06:33,Playlist,Failed,0.538,Timeout or Error
2026-09-22 06:33,Video,Failed,0.402,Timeout or Error
2026-09-22 06:33,Search,Failed,1.036,Timeout or Error
2026-09-22 06:33,Channel,Failed,0.547,Timeout or Error
2026-09-22 06:33,Comments,OK,0.782,"{""commentCount"":10628599 ""videoId"":""jNQXAC9IVRw"" ""comments"":[{""authorId"":""UCC5NfQ6Mf0dq_eEwv4P_hWA"" "
2026-09-22 06:33,Playlist,Failed,0.545,Timeout or Error
2026-09-22 09:29,Video,Failed,0.443,Timeout or Error
2026-09-22 09:29,Search,Failed,1.04,Timeout or Error
2026-09-22 09:29,Channel,Failed,0.507,Timeout or Error
2026-09-22 09:29,Comments,OK,0.975,"{""commentCount"":10628787 ""videoId"":""jNQXAC9IVRw"" ""comments"":[{""authorId"":""UCC5NfQ6Mf0dq_eEwv4P_hWA"" "
2026-09-22 09:29,Playlist,Failed,0.491,Timeout or Error
2026-09-22 09:29,Video,Failed,0.41,Timeout or Error
2026-09-22 09:29,Search,Failed,1.038,Timeout or Error
2026-09-22 09:29,Channel,Failed,0.561,Timeout or Error
2026-09-22 09:29,Comments,OK,0.75,"{""commentCount"":10628787 ""videoId"":""jNQXAC9IVRw"" ""comments"":[{""authorId"":""UCC5NfQ6Mf0dq_eEwv4P_hWA"" "
2026-09-22 09:29,Playlist,Failed,0.503,Timeout or Error
2026-09-22 14:44,Video,Failed,0.282,Timeout or Error
2026-09-22 14:44,Search,Failed,1.03,Timeout or Error
2026-09-22 14:44,Channel,Failed,0.412,Timeout or Error
2026-09-22 14:44,Comments,OK,0.561,"{""commentCount"":10629028 ""videoId"":""jNQXAC9IVRw"" ""comments"":[{""authorId"":""UCC5NfQ6Mf0dq_eEwv4P_hWA"" "
2026-09-22 14:44,Playlist,Failed,0.395,Timeout or Error
2026-09-22 14:44,Video,Failed,0.273,Timeout or Error
2026-09-22 14:44,Search,OK,0.994,"[{""type"":""channel"" ""author"":""test"" ""authorId"":""UCZRcA_nO3Kt-SOml2mY8D9g"" ""authorUrl"":""/channel/UCZRc"
2026-09-22 14:44,Channel,Failed,0.392,Timeout or Error
2026-09-22 14:44,Comments,OK,0.645,"{""commentCount"":10629028 ""videoId"":""jNQXAC9IVRw"" ""comments"":[{""authorId"":""UCC5NfQ6Mf0dq_eEwv4P_hWA"" "
2026-09-22 14:44,Playlist,Failed,0.399,Timeout or Error
2026-09-22 19:46,Video,Failed,0.362,Timeout or Error
2026-09-22 19:46,Search,OK,0.872,"[{""type"":""channel"" ""author"":""test"" ""authorId"":""UCZRcA_nO3Kt-SOml2mY8D9g"" ""authorUrl"":""/channel/UCZRc"
2026-09-22 19:46,Channel,Failed,0.406,Timeout or Error
2026-09-22 19:46,Comments,OK,0.662,"{""commentCount"":10629154 ""videoId"":""jNQXAC9IVRw"" ""comments"":[{""authorId"":""UCC5NfQ6Mf0dq_eEwv4P_hWA"" "
2026-09-22 19:46,Playlist,Failed,0.432,Timeout or Error
2026-09-22 19:46,Video,Failed,0.361,Timeout or Error
2026-09-22 19:46,Search,Failed,1.037,Timeout or Error
2026-09-22 19:46,Channel,Failed,0.4,Timeout or Error
2026-09-22 19:46,Comments,OK,0.572,"{""commentCount"":10629154 ""videoId"":""jNQXAC9IVRw"" ""comments"":[{""authorId"":""UCC5NfQ6Mf0dq_eEwv4P_hWA"" "
2026-09-22 19:46,Playlist,Failed,0.407,Timeout or Error
2026-09-23 00:20,Video,Failed,0.35,Timeout or Error
2026-09-23 00:20,Search,Failed,1.071,Timeout or Error
2026-09-23 00:20,Channel,Failed,0.479,Timeout or Error
2026-09-23 00:20,Comments,OK,0.783,"{""commentCount"":10629191 ""videoId"":""jNQXAC9IVRw"" ""comments"":[{""authorId"":""UCC5NfQ6Mf0dq_eEwv4P_hWA"" "
2026-09-23 00:20,Playlist,Failed,0.487,Timeout or Error
2026-09-23 00:20,Video,Failed,0.305,Timeout or Error
2026-09-23 00:20,Search,Failed,1.059,Timeout or Error
2026-09-23 00:20,Channel,Failed,0.49,Timeout or Error
2026-09-23 00:20,Comments,OK,0.679,"{""commentCount"":10629192 ""videoId"":""jNQXAC9IVRw"" ""comments"":[{""authorId"":""UCC5NfQ6Mf0dq_eEwv4P_hWA"" "
2026-09-23 00:20,Playlist,Failed,0.425,Timeout or Error
2026-09-23 04:28,Video,Failed,1.529,Timeout or Error
2026-09-23 04:28,Search,Failed,1.095,Timeout or Error
2026-09-23 04:28,Channel,Failed,0.719,Timeout or Error
2026-09-23 04:28,Comments,OK,0.889,"{""commentCount"":10629363 ""videoId"":""jNQXAC9IVRw"" ""comments"":[{""authorId"":""UCC5NfQ6Mf0dq_eEwv4P_hWA"" "
2026-09-23 04:28,Playlist,Failed,0.654,Timeout or Error
2026-09-23 04:28,Video,Failed,0.501,Timeout or Error
2026-09-23 04:28,Search,Failed,1.098,Timeout or Error
2026-09-23 04:28,Channel,Failed,0.55,Timeout or Error
2026-09-23 04:28,Comments,OK,1.05,"{""commentCount"":10629363 ""videoId"":""jNQXAC9IVRw"" ""comments"":[{""authorId"":""UCC5NfQ6Mf0dq_eEwv4P_hWA"" "
2026-09-23 04:28,Playlist,Failed,0.613,Timeout or Error
2026-09-23 07:37,Video,Failed,0.409,Timeout or Error
2026-09-23 07:37,Search,Failed,1.063,Timeout or Error
2026-09-23 07:37,Channel,Failed,0.561,Timeout or Error
2026-09-23 07:37,Comments,OK,0.785,"{""commentCount"":10629491 ""videoId"":""jNQXAC9IVRw"" ""comments"":[{""authorId"":""UCC5NfQ6Mf0dq_eEwv4P_hWA"" "
2026-09-23 07:37,Playlist,Failed,0.525,Timeout or Error
2026-09-23 07:37,Video,Failed,0.371,Timeout or Error
2026-09-23 07:37,Search,Failed,1.061,Timeout or Error
2026-09-23 07:37,Channel,Failed,0.535,Timeout or Error
2026-09-23 07:37,Comments,OK,0.86,"{""commentCount"":10629490 ""videoId"":""jNQXAC9IVRw"" ""comments"":[{""authorId"":""UCC5NfQ6Mf0dq_eEwv4P_hWA"" "
2026-09-23 07:37,Playlist,Failed,0.5,Timeout or Error
2026-09-23 10:09,Video,Failed,0.288,Timeout or Error
2026-09-23 10:09,Search,Failed,1.035,Timeout or Error
2026-09-23 10:09,Channel,Failed,0.445,Timeout or Error
2026-09-23 10:09,Comments,OK,0.795,"{""commentCount"":10629515 ""videoId"":""jNQXAC9IVRw"" ""comments"":[{""authorId"":""UCC5NfQ6Mf0dq_eEwv4P_hWA"" "
2026-09-23 10:09,Playlist,Failed,0.438,Timeout or Error
2026-09-23 10:09,Video,Failed,0.281,Timeout or Error
2026-09-23 10:09,Search,Failed,1.035,Timeout or Error
2026-09-23 10:09,Channel,Failed,0.453,Timeout or Error
2026-09-23 10:09,Comments,OK,0.631,"{""commentCount"":10629515 ""videoId"":""jNQXAC9IVRw"" ""comments"":[{""authorId"":""UCC5NfQ6Mf0dq_eEwv4P_hWA"" "
2026-09-23 10:09,Playlist,Failed,0.445,Timeout or Error
2026-09-23 16:09,Video,Failed,0.282,Timeout or Error
2026-09-23 16:09,Search,OK,0.976,"[{""type"":""channel"" ""author"":""test"" ""authorId"":""UCZRcA_nO3Kt-SOml2mY8D9g"" ""authorUrl"":""/channel/UCZRc"
2026-09-23 16:09,Channel,Failed,0.349,Timeout or Error
2026-09-23 16:09,Comments,OK,0.538,"{""commentCount"":10629597 ""videoId"":""jNQXAC9IVRw"" ""comments"":[{""authorId"":""UCC5NfQ6Mf0dq_eEwv4P_hWA"" "
2026-09-23 16:09,Playlist,Failed,0.357,Timeout or Error
2026-09-23 16:09,Video,Failed,0.289,Timeout or Error
2026-09-23 16:09,Search,OK,0.93,"[{""type"":""channel"" ""author"":""test"" ""authorId"":""UCZRcA_nO3Kt-SOml2mY8D9g"" ""authorUrl"":""/channel/UCZRc"
2026-09-23 16:09,Channel,Failed,0.337,Timeout or Error
2026-09-23 16:09,Comments,OK,0.612,"{""commentCount"":10629597 ""videoId"":""jNQXAC9IVRw"" ""comments"":[{""authorId"":""UCC5NfQ6Mf0dq_eEwv4P_hWA"" "
2026-09-23 16:09,Playlist,Failed,0.356,Timeout or Error
2026-09-23 22:14,Video,Failed,0.328,Timeout or Error
2026-09-23 22:14,Search,Failed,1.03,Timeout or Error
2026-09-23 22:14,Channel,Failed,0.404,Timeout or Error
2026-09-23 22:14,Comments,OK,0.65,"{""commentCount"":10629774 ""videoId"":""jNQXAC9IVRw"" ""comments"":[{""authorId"":""UCC5NfQ6Mf0dq_eEwv4P_hWA"" "
2026-09-23 22:14,Playlist,Failed,0.434,Timeout or Error
2026-09-23 22:14,Video,Failed,0.307,Timeout or Error
2026-09-23 22:14,Search,OK,1.018,"[{""type"":""channel"" ""author"":""test"" ""authorId"":""UCZRcA_nO3Kt-SOml2mY8D9g"" ""authorUrl"":""/channel/UCZRc"
2026-09-23 22:14,Channel,Failed,0.381,Timeout or Error
2026-09-23 22:14,Comments,OK,0.659,"{""commentCount"":10629773 ""videoId"":""jNQXAC9IVRw"" ""comments"":[{""authorId"":""UCC5NfQ6Mf0dq_eEwv4P_hWA"" "
2026-09-23 22:14,Playlist,Failed,0.388,Timeout or Error
2026-09-24 03:09,Video,Failed,0.39,Timeout or Error
2026-09-24 03:09,Search,Failed,1.061,Timeout or Error
2026-09-24 03:09,Channel,Failed,0.517,Timeout or Error
2026-09-24 03:09,Comments,OK,0.771,"{""commentCount"":10626874 ""videoId"":""jNQXAC9IVRw"" ""comments"":[{""authorId"":""UCC5NfQ6Mf0dq_eEwv4P_hWA"" "
2026-09-24 03:09,Playlist,Failed,0.538,Timeout or Error
2026-09-24 03:09,Video,Failed,0.406,Timeout or Error
2026-09-24 03:09,Search,Failed,1.082,Timeout or Error
2026-09-24 03:09,Channel,Failed,0.522,Timeout or Error
2026-09-24 03:09,Comments,OK,0.687,"{""commentCount"":10626874 ""videoId"":""jNQXAC9IVRw"" ""comments"":[{""authorId"":""UCC5NfQ6Mf0dq_eEwv4P_hWA"" "
2026-09-24 03:09,Playlist,Failed,0.554,Timeout or Error
2026-09-24 06:57,Video,Failed,0.294,Timeout or Error
2026-09-24 06:57,Search,Failed,1.04,Timeout or Error
2026-09-24 06:57,Channel,Failed,0.436,Timeout or Error
2026-09-24 06:57,Comments,OK,0.689,"{""commentCount"":10626935 ""videoId"":""jNQXAC9IVRw"" ""comments"":[{""authorId"":""UCC5NfQ6Mf0dq_eEwv4P_hWA"" "
2026-09-24 06:57,Playlist,Failed,0.417,Timeout or Error
2026-09-24 06:57,Video,Failed,0.288,Timeout or Error
2026-09-24 06:57,Search,Failed,1.036,Timeout or Error
2026-09-24 06:57,Channel,Failed,0.451,Timeout or Error
2026-09-24 06:57,Comments,OK,0.733,"{""commentCount"":10626937 ""videoId"":""jNQXAC9IVRw"" ""comments"":[{""authorId"":""UCC5NfQ6Mf0dq_eEwv4P_hWA"" "
2026-09-24 06:57,Playlist,Failed,0.445,Timeout or Error
2026-09-24 09:14,Video,Failed,0.305,Timeout or Error
2026-09-24 09:14,Search,Failed,1.027,Timeout or Error
2026-09-24 09:14,Channel,Failed,0.509,Timeout or Error
2026-09-24 09:14,Comments,OK,0.749,"{""commentCount"":10626942 ""videoId"":""jNQXAC9IVRw"" ""comments"":[{""authorId"":""UCC5NfQ6Mf0dq_eEwv4P_hWA"" "
2026-09-24 09:14,Playlist,Failed,0.44,Timeout or Error
2026-09-24 09:14,Video,Failed,0.278,Timeout or Error
2026-09-24 09:14,Search,Failed,1.025,Timeout or Error
2026-09-24 09:14,Channel,Failed,0.418,Timeout or Error
2026-09-24 09:14,Comments,OK,0.675,"{""commentCount"":10626943 ""videoId"":""jNQXAC9IVRw"" ""comments"":[{""authorId"":""UCC5NfQ6Mf0dq_eEwv4P_hWA"" "
2026-09-24 09:14,Playlist,Failed,0.417,Timeout or Error
2026-09-24 14:45,Video,Failed,0.445,Timeout or Error
2026-09-24 14:45,Search,Failed,1.029,Timeout or Error
2026-09-24 14:45,Channel,Failed,0.582,Timeout or Error
2026-09-24 14:45,Comments,OK,0.715,"{""commentCount"":10627057 ""videoId"":""jNQXAC9IVRw"" ""comments"":[{""authorId"":""UCC5NfQ6Mf0dq_eEwv4P_hWA"" "
2026-09-24 14:45,Playlist,Failed,0.565,Timeout or Error
2026-09-24 14:45,Video,Failed,0.442,Timeout or Error
2026-09-24 14:45,Search,Failed,1.027,Timeout or Error
2026-09-24 14:45,Channel,Failed,0.555,Timeout or Error
2026-09-24 14:45,Comments,OK,0.764,"{""commentCount"":10627056 ""videoId"":""jNQXAC9IVRw"" ""comments"":[{""authorId"":""UCC5NfQ6Mf0dq_eEwv4P_hWA"" "
2026-09-24 14:45,Playlist,Failed,0.564,Timeout or Error
2026-09-24 19:56,Video,Failed,0.384,Timeout or Error
2026-09-24 19:56,Search,OK,0.975,"[{""type"":""channel"" ""author"":""test"" ""authorId"":""UCZRcA_nO3Kt-SOml2mY8D9g"" ""authorUrl"":""/channel/UCZRc"
2026-09-24 19:56,Channel,Failed,0.503,Timeout or Error
2026-09-24 19:56,Comments,OK,0.698,"{""commentCount"":10627102 ""videoId"":""jNQXAC9IVRw"" ""comments"":[{""authorId"":""UCC5NfQ6Mf0dq_eEwv4P_hWA"" "
2026-09-24 19:56,Playlist,Failed,0.52,Timeout or Error
2026-09-24 19:56,Video,Failed,0.369,Timeout or Error
2026-09-24 19:56,Search,OK,0.998,"[{""type"":""channel"" ""author"":""test"" ""authorId"":""UCZRcA_nO3Kt-SOml2mY8D9g"" ""authorUrl"":""/channel/UCZRc"
2026-09-24 19:56,Channel,Failed,0.516,Timeout or Error
2026-09-24 19:56,Comments,OK,0.729,"{""commentCount"":10627101 ""videoId"":""jNQXAC9IVRw"" ""comments"":[{""authorId"":""UCC5NfQ6Mf0dq_eEwv4P_hWA"" "
2026-09-24 19:56,Playlist,Failed,0.514,Timeout or Error
2026-09-25 00:41,Video,Failed,0.413,Timeout or Error
2026-09-25 00:41,Search,Failed,1.1,Timeout or Error
2026-09-25 00:41,Channel,Failed,0.502,Timeout or Error
2026-09-25 00:41,Comments,OK,0.71,"{""commentCount"":10626984 ""videoId"":""jNQXAC9IVRw"" ""comments"":[{""authorId"":""UCC5NfQ6Mf0dq_eEwv4P_hWA"" "
2026-09-25 00:41,Playlist,Failed,0.483,Timeout or Error
2026-09-25 00:41,Video,Failed,0.378,Timeout or Error
2026-09-25 00:41,Search,Failed,1.056,Timeout or Error
2026-09-25 00:41,Channel,Failed,0.446,Timeout or Error
2026-09-25 00:41,Comments,OK,0.72,"{""commentCount"":10626985 ""videoId"":""jNQXAC9IVRw"" ""comments"":[{""authorId"":""UCC5NfQ6Mf0dq_eEwv4P_hWA"" "
2026-09-25 00:41,Playlist,Failed,0.534,Timeout or Error
2026-09-25 04:42,Video,Failed,0.341,Timeout or Error
2026-09-25 04:42,Search,OK,1.004,"[{""type"":""channel"" ""author"":""test"" ""authorId"":""UCZRcA_nO3Kt-SOml2mY8D9g"" ""authorUrl"":""/channel/UCZRc"
2026-09-25 04:42,Channel,Failed,0.462,Timeout or Error
2026-09-25 04:42,Comments,OK,0.703,"{""commentCount"":10627162 ""videoId"":""jNQXAC9IVRw"" ""comments"":[{""authorId"":""UCC5NfQ6Mf0dq_eEwv4P_hWA"" "
2026-09-25 04:42,Playlist,Failed,0.495,Timeout or Error
2026-09-25 04:42,Video,Failed,0.315,Timeout or Error
2026-09-25 04:42,Search,OK,0.965,"[{""type"":""channel"" ""author"":""test"" ""authorId"":""UCZRcA_nO3Kt-SOml2mY8D9g"" ""authorUrl"":""/channel/UCZRc"
2026-09-25 04:42,Channel,Failed,0.456,Timeout or Error
2026-09-25 04:42,Comments,OK,0.625,"{""commentCount"":10627162 ""videoId"":""jNQXAC9IVRw"" ""comments"":[{""authorId"":""UCC5NfQ6Mf0dq_eEwv4P_hWA"" "
2026-09-25 04:42,Playlist,Failed,0.489,Timeout or Error
2026-09-25 07:55,Video,Failed,0.407,Timeout or Error
2026-09-25 07:55,Search,Failed,1.032,Timeout or Error
2026-09-25 07:55,Channel,Failed,0.583,Timeout or Error
2026-09-25 07:55,Comments,OK,0.956,"{""commentCount"":10627269 ""videoId"":""jNQXAC9IVRw"" ""comments"":[{""authorId"":""UCC5NfQ6Mf0dq_eEwv4P_hWA"" "
2026-09-25 07:55,Playlist,Failed,0.593,Timeout or Error
2026-09-25 07:55,Video,Failed,0.425,Timeout or Error
2026-09-25 07:55,Search,Failed,1.032,Timeout or Error
2026-09-25 07:55,Channel,Failed,0.539,Timeout or Error
2026-09-25 07:55,Comments,OK,1.019,"{""commentCount"":10627269 ""videoId"":""jNQXAC9IVRw"" ""comments"":[{""authorId"":""UCC5NfQ6Mf0dq_eEwv4P_hWA"" "
2026-09-25 07:55,Playlist,Failed,0.58,Timeout or Error
2026-09-25 10:06,Video,Failed,0.339,Timeout or Error
2026-09-25 10:06,Search,Failed,1.037,Timeout or Error
2026-09-25 10:06,Channel,Failed,0.462,Timeout or Error
2026-09-25 10:06,Comments,OK,0.657,"{""commentCount"":10627360 ""videoId"":""jNQXAC9IVRw"" ""comments"":[{""authorId"":""UCC5NfQ6Mf0dq_eEwv4P_hWA"" "
2026-09-25 10:06,Playlist,Failed,0.506,Timeout or Error
2026-09-25 10:06,Video,Failed,0.355,Timeout or Error
2026-09-25 10:06,Search,OK,1.026,"[{""type"":""channel"" ""author"":""test"" ""authorId"":""UCZRcA_nO3Kt-SOml2mY8D9g"" ""authorUrl"":""/channel/UCZRc"
2026-09-25 10:06,Channel,Failed,0.453,Timeout or Error
2026-09-25 10:06,Comments,OK,0.682,"{""commentCount"":10627360 ""videoId"":""jNQXAC9IVRw"" ""comments"":[{""authorId"":""UCC5NfQ6Mf0dq_eEwv4P_hWA"" "
2026-09-25 10:06,Playlist,Failed,0.47,Timeout or Error
2026-09-25 15:59,Video,Failed,0.454,Timeout or Error
2026-09-25 15:59,Search,OK,1.022,"[{""type"":""channel"" ""author"":""test"" ""authorId"":""UCZRcA_nO3Kt-SOml2mY8D9g"" ""authorUrl"":""/channel/UCZRc"
2026-09-25 15:59,Channel,Failed,0.552,Timeout or Error
2026-09-25 15:59,Comments,OK,0.724,"{""commentCount"":10627473 ""videoId"":""jNQXAC9IVRw"" ""comments"":[{""authorId"":""UCC5NfQ6Mf0dq_eEwv4P_hWA"" "
2026-09-25 15:59,Playlist,Failed,0.543,Timeout or Error
2026-09-25 15:59,Video,Failed,0.407,Timeout or Error
2026-09-25 15:59,Search,Failed,1.028,Timeout or Error
2026-09-25 15:59,Channel,Failed,0.557,Timeout or Error
2026-09-25 15:59,Comments,OK,0.698,"{""commentCount"":10627473 ""videoId"":""jNQXAC9IVRw"" ""comments"":[{""authorId"":""UCC5NfQ6Mf0dq_eEwv4P_hWA"" "
2026-09-25 15:59,Playlist,Failed,0.531,Timeout or Error
2026-09-25 21:39,Video,Failed,0.336,Timeout or Error
2026-09-25 21:39,Search,Failed,1.033,Timeout or Error
2026-09-25 21:39,Channel,Failed,0.531,Timeout or Error
2026-09-25 21:39,Comments,OK,0.692,"{""commentCount"":10627692 ""videoId"":""jNQXAC9IVRw"" ""comments"":[{""authorId"":""UCC5NfQ6Mf0dq_eEwv4P_hWA"" "
2026-09-25 21:39,Playlist,Failed,0.512,Timeout or Error
2026-09-25 21:39,Video,Failed,0.339,Timeout or Error
2026-09-25 21:39,Search,OK,0.992,"[{""type"":""channel"" ""author"":""test"" ""authorId"":""UCZRcA_nO3Kt-SOml2mY8D9g"" ""authorUrl"":""/channel/UCZRc"
2026-09-25 21:39,Channel,Failed,0.446,Timeout or Error
2026-09-25 21:39,Comments,OK,0.644,"{""commentCount"":10627692 ""videoId"":""jNQXAC9IVRw"" ""comments"":[{""authorId"":""UCC5NfQ6Mf0dq_eEwv4P_hWA"" "
2026-09-25 21:39,Playlist,Failed,0.517,Timeout or Error
2026-09-26 02:43,Video,Failed,0.381,Timeout or Error
2026-09-26 02:43,Search,Failed,1.073,Timeout or Error
2026-09-26 02:43,Channel,Failed,0.523,Timeout or Error
2026-09-26 02:43,Comments,OK,0.766,"{""commentCount"":10627870 ""videoId"":""jNQXAC9IVRw"" ""comments"":[{""authorId"":""UCC5NfQ6Mf0dq_eEwv4P_hWA"" "
2026-09-26 02:43,Playlist,Failed,0.493,Timeout or Error
2026-09-26 02:43,Video,Failed,0.367,Timeout or Error
2026-09-26 02:43,Search,Failed,1.062,Timeout or Error
2026-09-26 02:43,Channel,Failed,0.507,Timeout or Error
2026-09-26 02:43,Comments,OK,0.709,"{""commentCount"":10627870 ""videoId"":""jNQXAC9IVRw"" ""comments"":[{""authorId"":""UCC5NfQ6Mf0dq_eEwv4P_hWA"" "
2026-09-26 02:43,Playlist,Failed,0.49,Timeout or Error
2026-09-26 05:59,Video,Failed,0.315,Timeout or Error
2026-09-26 05:59,Search,Failed,1.042,Timeout or Error
2026-09-26 05:59,Channel,Failed,0.445,Timeout or Error
2026-09-26 05:59,Comments,OK,0.646,"{""commentCount"":10627949 ""videoId"":""jNQXAC9IVRw"" ""comments"":[{""authorId"":""UCC5NfQ6Mf0dq_eEwv4P_hWA"" "
2026-09-26 05:59,Playlist,Failed,0.432,Timeout or Error
2026-09-26 05:59,Video,Failed,0.303,Timeout or Error
2026-09-26 05:59,Search,Failed,1.038,Timeout or Error
2026-09-26 05:59,Channel,Failed,0.432,Timeout or Error
2026-09-26 05:59,Comments,OK,0.595,"{""commentCount"":10627949 ""videoId"":""jNQXAC9IVRw"" ""comments"":[{""authorId"":""UCC5NfQ6Mf0dq_eEwv4P_hWA"" "
2026-09-26 05:59,Playlist,Failed,0.462,Timeout or Error
2026-09-26 08:53,Video,Failed,0.387,Timeout or Error
2026-09-26 08:53,Search,Failed,1.06,Timeout or Error
2026-09-26 08:53,Channel,Failed,0.484,Timeout or Error
2026-09-26 08:53,Comments,OK,0.846,"{""commentCount"":10628015 ""videoId"":""jNQXAC9IVRw"" ""comments"":[{""authorId"":""UCC5NfQ6Mf0dq_eEwv4P_hWA"" "
2026-09-26 08:53,Playlist,Failed,0.48,Timeout or Error
2026-09-26 08:53,Video,Failed,0.374,Timeout or Error
2026-09-26 08:53,Search,Failed,1.05,Timeout or Error
2026-09-26 08:53,Channel,Failed,0.5,Timeout or Error
2026-09-26 08:53,Comments,OK,0.72,"{""commentCount"":10628015 ""videoId"":""jNQXAC9IVRw"" ""comments"":[{""authorId"":""UCC5NfQ6Mf0dq_eEwv4P_hWA"" "
2026-09-26 08:53,Playlist,Failed,0.497,Timeout or Error
2026-09-26 12:02,Video,Failed,0.381,Timeout or Error
2026-09-26 12:02,Search,Failed,1.067,Timeout or Error
2026-09-26 12:02,Channel,Failed,0.497,Timeout or Error
2026-09-26 12:02,Comments,OK,0.683,"{""commentCount"":10628111 ""videoId"":""jNQXAC9IVRw"" ""comments"":[{""authorId"":""UCC5NfQ6Mf0dq_eEwv4P_hWA"" "
2026-09-26 12:02,Playlist,Failed,0.52,Timeout or Error
2026-09-26 12:02,Video,Failed,0.401,Timeout or Error
2026-09-26 12:02,Search,Failed,1.064,Timeout or Error
2026-09-26 12:02,Channel,Failed,0.544,Timeout or Error
2026-09-26 12:02,Comments,OK,0.673,"{""commentCount"":10628111 ""videoId"":""jNQXAC9IVRw"" ""comments"":[{""authorId"":""UCC5NfQ6Mf0dq_eEwv4P_hWA"" "
2026-09-26 12:02,Playlist,Failed,0.521,Timeout or Error
2026-09-26 17:59,Video,Failed,0.442,Timeout or Error
2026-09-26 17:59,Search,Failed,1.029,Timeout or Error
2026-09-26 17:59,Channel,Failed,0.572,Timeout or Error
2026-09-26 17:59,Comments,OK,0.69,"{""commentCount"":10628275 ""videoId"":""jNQXAC9IVRw"" ""comments"":[{""authorId"":""UCC5NfQ6Mf0dq_eEwv4P_hWA"" "
2026-09-26 17:59,Playlist,Failed,0.557,Timeout or Error
2026-09-26 17:59,Video,Failed,0.396,Timeout or Error
2026-09-26 17:59,Search,Failed,1.03,Timeout or Error
2026-09-26 17:59,Channel,Failed,0.535,Timeout or Error
2026-09-26 17:59,Comments,OK,0.751,"{""commentCount"":10628275 ""videoId"":""jNQXAC9IVRw"" ""comments"":[{""authorId"":""UCC5NfQ6Mf0dq_eEwv4P_hWA"" "
2026-09-26 17:59,Playlist,Failed,0.534,Timeout or Error
2026-09-26 22:40,Video,Failed,0.366,Timeout or Error
2026-09-26 22:40,Search,OK,1.022,"[{""type"":""channel"" ""author"":""test"" ""authorId"":""UCZRcA_nO3Kt-SOml2mY8D9g"" ""authorUrl"":""/channel/UCZRc"
2026-09-26 22:40,Channel,Failed,0.518,Timeout or Error
2026-09-26 22:40,Comments,OK,0.682,"{""commentCount"":10628378 ""videoId"":""jNQXAC9IVRw"" ""comments"":[{""authorId"":""UCC5NfQ6Mf0dq_eEwv4P_hWA"" "
2026-09-26 22:40,Playlist,Failed,0.512,Timeout or Error
2026-09-26 22:40,Video,Failed,0.361,Timeout or Error
2026-09-26 22:40,Search,Failed,1.065,Timeout or Error
2026-09-26 22:40,Channel,Failed,0.507,Timeout or Error
2026-09-26 22:40,Comments,OK,0.739,"{""commentCount"":10628378 ""videoId"":""jNQXAC9IVRw"" ""comments"":[{""authorId"":""UCC5NfQ6Mf0dq_eEwv4P_hWA"" "
2026-09-26 22:40,Playlist,Failed,0.491,Timeout or Error
2026-09-27 02:33,Video,Failed,0.346,Timeout or Error
2026-09-27 02:33,Search,Failed,1.032,Timeout or Error
2026-09-27 02:33,Channel,Failed,0.486,Timeout or Error
2026-09-27 02:33,Comments,OK,0.683,"{""commentCount"":10628611 ""videoId"":""jNQXAC9IVRw"" ""comments"":[{""authorId"":""UCC5NfQ6Mf0dq_eEwv4P_hWA"" "
2026-09-27 02:33,Playlist,Failed,0.464,Timeout or Error
2026-09-27 02:33,Video,Failed,0.348,Timeout or Error
2026-09-27 02:33,Search,Failed,1.032,Timeout or Error
2026-09-27 02:33,Channel,Failed,0.451,Timeout or Error
2026-09-27 02:33,Comments,OK,0.828,"{""commentCount"":10628611 ""videoId"":""jNQXAC9IVRw"" ""comments"":[{""authorId"":""UCC5NfQ6Mf0dq_eEwv4P_hWA"" "
2026-09-27 02:33,Playlist,Failed,0.444,Timeout or Error
2026-09-27 05:31,Video,Failed,0.322,Timeout or Error
2026-09-27 05:31,Search,Failed,1.036,Timeout or Error
2026-09-27 05:31,Channel,Failed,0.482,Timeout or Error
2026-09-27 05:31,Comments,OK,0.78,"{""commentCount"":10628799 ""videoId"":""jNQXAC9IVRw"" ""comments"":[{""authorId"":""UCC5NfQ6Mf0dq_eEwv4P_hWA"" "
2026-09-27 05:31,Playlist,Failed,0.479,Timeout or Error
2026-09-27 05:31,Video,Failed,0.321,Timeout or Error
2026-09-27 05:31,Search,Failed,1.03,Timeout or Error
2026-09-27 05:31,Channel,Failed,0.544,Timeout or Error
2026-09-27 05:31,Comments,OK,0.694,"{""commentCount"":10628799 ""videoId"":""jNQXAC9IVRw"" ""comments"":[{""authorId"":""UCC5NfQ6Mf0dq_eEwv4P_hWA"" "
2026-09-27 05:31,Playlist,Failed,0.467,Timeout or Error
2026-09-27 08:19,Video,Failed,0.446,Timeout or Error
2026-09-27 08:19,Search,Failed,1.057,Timeout or Error
2026-09-27 08:19,Channel,Failed,0.699,Timeout or Error
2026-09-27 08:19,Comments,OK,0.808,"{""commentCount"":10628949 ""videoId"":""jNQXAC9IVRw"" ""comments"":[{""authorId"":""UCC5NfQ6Mf0dq_eEwv4P_hWA"" "
2026-09-27 08:19,Playlist,Failed,0.546,Timeout or Error
2026-09-27 08:19,Video,Failed,0.41,Timeout or Error
2026-09-27 08:19,Search,Failed,1.046,Timeout or Error
2026-09-27 08:19,Channel,Failed,0.619,Timeout or Error
2026-09-27 08:19,Comments,OK,1.017,"{""commentCount"":10628949 ""videoId"":""jNQXAC9IVRw"" ""comments"":[{""authorId"":""UCC5NfQ6Mf0dq_eEwv4P_hWA"" "
2026-09-27 08:19,Playlist,Failed,0.546,Timeout or Error
2026-09-27 12:07,Video,Failed,0.31,Timeout or Error
2026-09-27 12:07,Search,Failed,1.039,Timeout or Error
2026-09-27 12:07,Channel,Failed,0.412,Timeout or Error
2026-09-27 12:07,Comments,OK,0.595,"{""commentCount"":10628605 ""videoId"":""jNQXAC9IVRw"" ""comments"":[{""authorId"":""UCC5NfQ6Mf0dq_eEwv4P_hWA"" "
2026-09-27 12:07,Playlist,Failed,0.421,Timeout or Error
2026-09-27 12:07,Video,Failed,0.283,Timeout or Error
2026-09-27 12:07,Search,Failed,1.036,Timeout or Error
2026-09-27 12:07,Channel,Failed,0.44,Timeout or Error
2026-09-27 12:07,Comments,OK,0.691,"{""commentCount"":10628605 ""videoId"":""jNQXAC9IVRw"" ""comments"":[{""authorId"":""UCC5NfQ6Mf0dq_eEwv4P_hWA"" "
2026-09-27 12:07,Playlist,Failed,0.446,Timeout or Error
2026-09-27 18:43,Video,Failed,0.39,Timeout or Error
2026-09-27 18:43,Search,Failed,1.036,Timeout or Error
2026-09-27 18:43,Channel,Failed,0.551,Timeout or Error
2026-09-27 18:43,Comments,OK,0.703,"{""commentCount"":10628737 ""videoId"":""jNQXAC9IVRw"" ""comments"":[{""authorId"":""UCC5NfQ6Mf0dq_eEwv4P_hWA"" "
2026-09-27 18:43,Playlist,Failed,0.561,Timeout or Error
2026-09-27 18:43,Video,Failed,0.454,Timeout or Error
2026-09-27 18:43,Search,Failed,1.035,Timeout or Error
2026-09-27 18:43,Channel,Failed,0.543,Timeout or Error
2026-09-27 18:43,Comments,OK,0.724,"{""commentCount"":10628737 ""videoId"":""jNQXAC9IVRw"" ""comments"":[{""authorId"":""UCC5NfQ6Mf0dq_eEwv4P_hWA"" "
2026-09-27 18:43,Playlist,Failed,0.534,Timeout or Error
2026-09-27 23:56,Video,Failed,0.305,Timeout or Error
2026-09-27 23:56,Search,Failed,1.039,Timeout or Error
2026-09-27 23:56,Channel,Failed,0.418,Timeout or Error
2026-09-27 23:56,Comments,OK,0.636,"{""commentCount"":10629065 ""videoId"":""jNQXAC9IVRw"" ""comments"":[{""authorId"":""UCC5NfQ6Mf0dq_eEwv4P_hWA"" "
2026-09-27 23:56,Playlist,Failed,0.446,Timeout or Error
2026-09-27 23:56,Video,Failed,0.301,Timeout or Error
2026-09-27 23:56,Search,Failed,1.036,Timeout or Error
2026-09-27 23:56,Channel,Failed,0.434,Timeout or Error
2026-09-27 23:56,Comments,OK,0.709,"{""commentCount"":10629066 ""videoId"":""jNQXAC9IVRw"" ""comments"":[{""authorId"":""UCC5NfQ6Mf0dq_eEwv4P_hWA"" "
2026-09-27 23:56,Playlist,Failed,0.446,Timeout or Error
2026-09-28 03:52,Video,Failed,0.359,Timeout or Error
2026-09-28 03:52,Search,Failed,1.043,Timeout or Error
2026-09-28 03:52,Channel,Failed,0.497,Timeout or Error
2026-09-28 03:52,Comments,OK,0.666,"{""commentCount"":10629356 ""videoId"":""jNQXAC9IVRw"" ""comments"":[{""authorId"":""UCC5NfQ6Mf0dq_eEwv4P_hWA"" "
2026-09-28 03:52,Playlist,Failed,0.507,Timeout or Error
2026-09-28 03:52,Video,Failed,0.371,Timeout or Error
2026-09-28 03:52,Search,Failed,1.045,Timeout or Error
2026-09-28 03:52,Channel,Failed,0.513,Timeout or Error
2026-09-28 03:52,Comments,OK,0.692,"{""commentCount"":10629357 ""videoId"":""jNQXAC9IVRw"" ""comments"":[{""authorId"":""UCC5NfQ6Mf0dq_eEwv4P_hWA"" "
2026-09-28 03:52,Playlist,Failed,0.521,Timeout or Error
2026-09-28 06:48,Video,Failed,0.431,Timeout or Error
2026-09-28 06:48,Search,Failed,1.043,Timeout or Error
2026-09-28 06:48,Channel,Failed,0.63,Timeout or Error
2026-09-28 06:48,Comments,OK,0.937,"{""commentCount"":10629538 ""videoId"":""jNQXAC9IVRw"" ""comments"":[{""authorId"":""UCC5NfQ6Mf0dq_eEwv4P_hWA"" "
2026-09-28 06:48,Playlist,Failed,0.619,Timeout or Error
2026-09-28 06:48,Video,Failed,0.421,Timeout or Error
2026-09-28 06:48,Search,Failed,1.035,Timeout or Error
2026-09-28 06:48,Channel,Failed,0.532,Timeout or Error
2026-09-28 06:48,Comments,OK,0.74,"{""commentCount"":10629538 ""videoId"":""jNQXAC9IVRw"" ""comments"":[{""authorId"":""UCC5NfQ6Mf0dq_eEwv4P_hWA"" "
2026-09-28 06:48,Playlist,Failed,0.559,Timeout or Error
2026-09-28 09:14,Video,Failed,0.298,Timeout or Error
2026-09-28 09:14,Search,OK,1.012,"[{""type"":""channel"" ""author"":""test"" ""authorId"":""UCZRcA_nO3Kt-SOml2mY8D9g"" ""authorUrl"":""/channel/UCZRc"
2026-09-28 09:14,Channel,Failed,0.38,Timeout or Error
2026-09-28 09:14,Comments,OK,0.663,"{""commentCount"":10629595 ""videoId"":""jNQXAC9IVRw"" ""comments"":[{""authorId"":""UCC5NfQ6Mf0dq_eEwv4P_hWA"" "
2026-09-28 09:14,Playlist,Failed,0.376,Timeout or Error
2026-09-28 09:14,Video,Failed,0.285,Timeout or Error
2026-09-28 09:14,Search,OK,1.009,"[{""type"":""channel"" ""author"":""test"" ""authorId"":""UCZRcA_nO3Kt-SOml2mY8D9g"" ""authorUrl"":""/channel/UCZRc"
2026-09-28 09:14,Channel,Failed,0.385,Timeout or Error
2026-09-28 09:14,Comments,OK,0.617,"{""commentCount"":10629595 ""videoId"":""jNQXAC9IVRw"" ""comments"":[{""authorId"":""UCC5NfQ6Mf0dq_eEwv4P_hWA"" "
2026-09-28 09:14,Playlist,Failed,0.365,Timeout or Error
2026-09-28 15:14,Video,Failed,0.34,Timeout or Error
2026-09-28 15:14,Search,Failed,1.042,Timeout or Error
2026-09-28 15:14,Channel,Failed,0.536,Timeout or Error
2026-09-28 15:14,Comments,OK,0.701,"{""commentCount"":10629814 ""videoId"":""jNQXAC9IVRw"" ""comments"":[{""authorId"":""UCC5NfQ6Mf0dq_eEwv4P_hWA"" "
2026-09-28 15:14,Playlist,Failed,0.462,Timeout or Error
2026-09-28 15:14,Video,Failed,0.33,Timeout or Error
2026-09-28 15:14,Search,Failed,1.032,Timeout or Error
2026-09-28 15:14,Channel,Failed,0.453,Timeout or Error
2026-09-28 15:14,Comments,OK,0.631,"{""commentCount"":10629814 ""videoId"":""jNQXAC9IVRw"" ""comments"":[{""authorId"":""UCC5NfQ6Mf0dq_eEwv4P_hWA"" "
2026-09-28 15:14,Playlist,Failed,0.448,Timeout or Error
2026-09-28 23:51,Video,Failed,0.432,Timeout or Error
2026-09-28 23:51,Search,Failed,1.321,Timeout or Error
2026-09-28 23:51,Channel,Failed,1.332,Timeout or Error
2026-09-28 23:51,Comments,OK,1.114,"{""commentCount"":10630059 ""videoId"":""jNQXAC9IVRw"" ""comments"":[{""authorId"":""UCC5NfQ6Mf0dq_eEwv4P_hWA"" "
2026-09-28 23:51,Playlist,Failed,0.544,Timeout or Error
2026-09-28 23:51,Video,Failed,0.779,Timeout or Error
2026-09-28 23:51,Search,Failed,1.333,Timeout or Error
2026-09-28 23:51,Channel,Failed,0.495,Timeout or Error
2026-09-28 23:51,Comments,OK,1.144,"{""commentCount"":10630059 ""videoId"":""jNQXAC9IVRw"" ""comments"":[{""authorId"":""UCC5NfQ6Mf0dq_eEwv4P_hWA"" "
2026-09-28 23:51,Playlist,Failed,1.021,Timeout or Error
2026-09-29 06:00,Video,Failed,0.348,Timeout or Error
2026-09-29 06:00,Search,Failed,1.063,Timeout or Error
2026-09-29 06:00,Channel,Failed,0.503,Timeout or Error
2026-09-29 06:00,Comments,OK,0.734,"{""commentCount"":10630305 ""videoId"":""jNQXAC9IVRw"" ""comments"":[{""authorId"":""UCC5NfQ6Mf0dq_eEwv4P_hWA"" "
2026-09-29 06:00,Playlist,Failed,0.508,Timeout or Error
2026-09-29 06:00,Video,Failed,0.48,Timeout or Error
2026-09-29 06:00,Search,Failed,1.053,Timeout or Error
2026-09-29 06:00,Channel,Failed,0.525,Timeout or Error
2026-09-29 06:00,Comments,OK,0.808,"{""commentCount"":10630305 ""videoId"":""jNQXAC9IVRw"" ""comments"":[{""authorId"":""UCC5NfQ6Mf0dq_eEwv4P_hWA"" "
2026-09-29 06:00,Playlist,Failed,0.543,Timeout or Error
2026-09-29 09:55,Video,Failed,0.729,Timeout or Error
2026-09-29 09:55,Search,Failed,1.154,Timeout or Error
2026-09-29 09:55,Channel,Failed,0.605,Timeout or Error
2026-09-29 09:55,Comments,OK,0.678,"{""commentCount"":10630413 ""videoId"":""jNQXAC9IVRw"" ""comments"":[{""authorId"":""UCC5NfQ6Mf0dq_eEwv4P_hWA"" "
2026-09-29 09:55,Playlist,Failed,0.827,Timeout or Error
2026-09-29 09:55,Video,Failed,0.523,Timeout or Error
2026-09-29 09:55,Search,OK,1.082,"[{""type"":""channel"" ""author"":""test"" ""authorId"":""UCZRcA_nO3Kt-SOml2mY8D9g"" ""authorUrl"":""/channel/UCZRc"
2026-09-29 09:55,Channel,Failed,0.879,Timeout or Error
2026-09-29 09:55,Comments,OK,0.736,"{""commentCount"":10630413 ""videoId"":""jNQXAC9IVRw"" ""comments"":[{""authorId"":""UCC5NfQ6Mf0dq_eEwv4P_hWA"" "
2026-09-29 09:55,Playlist,Failed,0.811,Timeout or Error
2026-09-29 15:31,Video,Failed,0.752,Timeout or Error
2026-09-29 15:31,Search,OK,1.041,"[{""type"":""channel"" ""author"":""test"" ""authorId"":""UCZRcA_nO3Kt-SOml2mY8D9g"" ""authorUrl"":""/channel/UCZRc"
2026-09-29 15:31,Channel,Failed,0.563,Timeout or Error
2026-09-29 15:31,Comments,OK,0.756,"{""commentCount"":10630542 ""videoId"":""jNQXAC9IVRw"" ""comments"":[{""authorId"":""UCC5NfQ6Mf0dq_eEwv4P_hWA"" "
2026-09-29 15:31,Playlist,Failed,0.574,Timeout or Error
2026-09-29 15:31,Video,Failed,0.746,Timeout or Error
2026-09-29 15:31,Search,OK,1.082,"[{""type"":""channel"" ""author"":""test"" ""authorId"":""UCZRcA_nO3Kt-SOml2mY8D9g"" ""authorUrl"":""/channel/UCZRc"
2026-09-29 15:31,Channel,Failed,0.557,Timeout or Error
2026-09-29 15:31,Comments,OK,0.707,"{""commentCount"":10630542 ""videoId"":""jNQXAC9IVRw"" ""comments"":[{""authorId"":""UCC5NfQ6Mf0dq_eEwv4P_hWA"" "
2026-09-29 15:31,Playlist,Failed,0.874,Timeout or Error
2026-09-29 22:40,Video,Failed,0.372,Timeout or Error
2026-09-29 22:40,Search,Failed,1.069,Timeout or Error
2026-09-29 22:40,Channel,Failed,0.491,Timeout or Error
2026-09-29 22:40,Comments,OK,0.791,"{""commentCount"":10630718 ""videoId"":""jNQXAC9IVRw"" ""comments"":[{""authorId"":""UCC5NfQ6Mf0dq_eEwv4P_hWA"" "
2026-09-29 22:40,Playlist,Failed,0.539,Timeout or Error
2026-09-29 22:40,Video,Failed,0.382,Timeout or Error
2026-09-29 22:40,Search,Failed,1.066,Timeout or Error
2026-09-29 22:40,Channel,Failed,0.47,Timeout or Error
2026-09-29 22:40,Comments,OK,0.673,"{""commentCount"":10630718 ""videoId"":""jNQXAC9IVRw"" ""comments"":[{""authorId"":""UCC5NfQ6Mf0dq_eEwv4P_hWA"" "
2026-09-29 22:40,Playlist,Failed,0.46,Timeout or Error
2026-09-30 04:04,Video,Failed,0.479,Timeout or Error
2026-09-30 04:04,Search,Failed,1.064,Timeout or Error
2026-09-30 04:04,Channel,Failed,0.867,Timeout or Error
2026-09-30 04:04,Comments,OK,0.782,"{""commentCount"":10630914 ""videoId"":""jNQXAC9IVRw"" ""comments"":[{""authorId"":""UCC5NfQ6Mf0dq_eEwv4P_hWA"" "
2026-09-30 04:04,Playlist,Failed,0.57,Timeout or Error
2026-09-30 04:04,Video,Failed,0.755,Timeout or Error
2026-09-30 04:04,Search,Failed,1.129,Timeout or Error
2026-09-30 04:04,Channel,Failed,0.592,Timeout or Error
2026-09-30 04:04,Comments,OK,1.118,"{""commentCount"":10630914 ""videoId"":""jNQXAC9IVRw"" ""comments"":[{""authorId"":""UCC5NfQ6Mf0dq_eEwv4P_hWA"" "
2026-09-30 04:04,Playlist,Failed,0.588,Timeout or Error
2026-09-30 08:21,Video,Failed,0.319,Timeout or Error
2026-09-30 08:21,Search,Failed,1.03,Timeout or Error
2026-09-30 08:21,Channel,Failed,0.401,Timeout or Error
2026-09-30 08:21,Comments,OK,0.652,"{""commentCount"":10631118 ""videoId"":""jNQXAC9IVRw"" ""comments"":[{""authorId"":""UCC5NfQ6Mf0dq_eEwv4P_hWA"" "
2026-09-30 08:21,Playlist,Failed,0.345,Timeout or Error
2026-09-30 08:21,Video,Failed,0.295,Timeout or Error
2026-09-30 08:21,Search,Failed,1.03,Timeout or Error
2026-09-30 08:21,Channel,Failed,0.35,Timeout or Error
2026-09-30 08:21,Comments,OK,0.595,"{""commentCount"":10631118 ""videoId"":""jNQXAC9IVRw"" ""comments"":[{""authorId"":""UCC5NfQ6Mf0dq_eEwv4P_hWA"" "
2026-09-30 08:21,Playlist,Failed,0.378,Timeout or Error
2026-09-30 12:32,Video,Failed,0.295,Timeout or Error
2026-09-30 12:32,Search,OK,0.87,"[{""type"":""channel"" ""author"":""test"" ""authorId"":""UCZRcA_nO3Kt-SOml2mY8D9g"" ""authorUrl"":""/channel/UCZRc"
2026-09-30 12:32,Channel,Failed,0.374,Timeout or Error
2026-09-30 12:32,Comments,OK,0.585,"{""commentCount"":10631218 ""videoId"":""jNQXAC9IVRw"" ""comments"":[{""authorId"":""UCC5NfQ6Mf0dq_eEwv4P_hWA"" "
2026-09-30 12:32,Playlist,Failed,0.358,Timeout or Error
2026-09-30 12:32,Video,Failed,0.291,Timeout or Error
2026-09-30 12:32,Search,OK,0.886,"[{""type"":""channel"" ""author"":""test"" ""authorId"":""UCZRcA_nO3Kt-SOml2mY8D9g"" ""authorUrl"":""/channel/UCZRc"
2026-09-30 12:32,Channel,Failed,0.368,Timeout or Error
2026-09-30 12:32,Comments,OK,0.541,"{""commentCount"":10631218 ""videoId"":""jNQXAC9IVRw"" ""comments"":[{""authorId"":""UCC5NfQ6Mf0dq_eEwv4P_hWA"" "
2026-09-30 12:32,Playlist,Failed,0.364,Timeout or Error
2026-09-30 19:12,Video,Failed,0.343,Timeout or Error
2026-09-30 19:12,Search,OK,1.004,"[{""type"":""channel"" ""author"":""test"" ""authorId"":""UCZRcA_nO3Kt-SOml2mY8D9g"" ""authorUrl"":""/channel/UCZRc"
2026-09-30 19:12,Channel,Failed,0.481,Timeout or Error
2026-09-30 19:12,Comments,OK,0.672,"{""commentCount"":10631356 ""videoId"":""jNQXAC9IVRw"" ""comments"":[{""authorId"":""UCC5NfQ6Mf0dq_eEwv4P_hWA"" "
2026-09-30 19:12,Playlist,Failed,0.504,Timeout or Error
2026-09-30 19:12,Video,Failed,0.343,Timeout or Error
2026-09-30 19:12,Search,OK,0.955,"[{""type"":""channel"" ""author"":""test"" ""authorId"":""UCZRcA_nO3Kt-SOml2mY8D9g"" ""authorUrl"":""/channel/UCZRc"
2026-09-30 19:12,Channel,Failed,0.471,Timeout or Error
2026-09-30 19:12,Comments,OK,0.739,"{""commentCount"":10631356 ""videoId"":""jNQXAC9IVRw"" ""comments"":[{""authorId"":""UCC5NfQ6Mf0dq_eEwv4P_hWA"" "
2026-09-30 19:12,Playlist,Failed,0.481,Timeout or Error
2026-10-01 01:37,Video,Failed,1.158,Timeout or Error
2026-10-01 01:37,Search,Failed,1.36,Timeout or Error
2026-10-01 01:37,Channel,Failed,0.598,Timeout or Error
2026-10-01 01:37,Comments,OK,1.202,"{""commentCount"":10631479 ""videoId"":""jNQXAC9IVRw"" ""comments"":[{""authorId"":""UCC5NfQ6Mf0dq_eEwv4P_hWA"" "
2026-10-01 01:37,Playlist,Failed,0.916,Timeout or Error
2026-10-01 01:37,Video,Failed,0.789,Timeout or Error
2026-10-01 01:37,Search,OK,1.14,"[{""type"":""channel"" ""author"":""test"" ""authorId"":""UCZRcA_nO3Kt-SOml2mY8D9g"" ""authorUrl"":""/channel/UCZRc"
2026-10-01 01:37,Channel,Failed,0.646,Timeout or Error
2026-10-01 01:37,Comments,OK,1.157,"{""commentCount"":10631480 ""videoId"":""jNQXAC9IVRw"" ""comments"":[{""authorId"":""UCC5NfQ6Mf0dq_eEwv4P_hWA"" "
2026-10-01 01:37,Playlist,Failed,0.626,Timeout or Error
2026-10-01 06:09,Video,Failed,0.396,Timeout or Error
2026-10-01 06:09,Search,Failed,1.071,Timeout or Error
2026-10-01 06:09,Channel,Failed,0.521,Timeout or Error
2026-10-01 06:09,Comments,OK,0.739,"{""commentCount"":10631527 ""videoId"":""jNQXAC9IVRw"" ""comments"":[{""authorId"":""UCC5NfQ6Mf0dq_eEwv4P_hWA"" "
2026-10-01 06:09,Playlist,Failed,0.514,Timeout or Error
2026-10-01 06:09,Video,Failed,0.363,Timeout or Error
2026-10-01 06:09,Search,Failed,1.062,Timeout or Error
2026-10-01 06:09,Channel,Failed,0.512,Timeout or Error
2026-10-01 06:09,Comments,OK,0.705,"{""commentCount"":10631527 ""videoId"":""jNQXAC9IVRw"" ""comments"":[{""authorId"":""UCC5NfQ6Mf0dq_eEwv4P_hWA"" "
2026-10-01 06:09,Playlist,Failed,0.495,Timeout or Error
2026-10-01 10:00,Video,Failed,0.381,Timeout or Error
2026-10-01 10:00,Search,Failed,1.072,Timeout or Error
2026-10-01 10:00,Channel,Failed,0.526,Timeout or Error
2026-10-01 10:00,Comments,OK,0.761,"{""commentCount"":10631524 ""videoId"":""jNQXAC9IVRw"" ""comments"":[{""authorId"":""UCC5NfQ6Mf0dq_eEwv4P_hWA"" "
2026-10-01 10:00,Playlist,Failed,0.488,Timeout or Error
2026-10-01 10:00,Video,Failed,0.383,Timeout or Error
2026-10-01 10:00,Search,Failed,1.055,Timeout or Error
2026-10-01 10:00,Channel,Failed,0.529,Timeout or Error
2026-10-01 10:00,Comments,OK,0.825,"{""commentCount"":10631524 ""videoId"":""jNQXAC9IVRw"" ""comments"":[{""authorId"":""UCC5NfQ6Mf0dq_eEwv4P_hWA"" "
2026-10-01 10:00,Playlist,Failed,0.534,Timeout or Error
2026-10-01 16:06,Video,Failed,0.441,Timeout or Error
2026-10-01 16:06,Search,OK,0.972,"[{""type"":""channel"" ""author"":""test"" ""authorId"":""UCZRcA_nO3Kt-SOml2mY8D9g"" ""authorUrl"":""/channel/UCZRc"
2026-10-01 16:06,Channel,Failed,0.488,Timeout or Error
2026-10-01 16:06,Comments,OK,0.678,"{""commentCount"":10631685 ""videoId"":""jNQXAC9IVRw"" ""comments"":[{""authorId"":""UCC5NfQ6Mf0dq_eEwv4P_hWA"" "
2026-10-01 16:06,Playlist,Failed,0.487,Timeout or Error
2026-10-01 16:06,Video,Failed,0.436,Timeout or Error
2026-10-01 16:06,Search,OK,1.001,"[{""type"":""channel"" ""author"":""test"" ""authorId"":""UCZRcA_nO3Kt-SOml2mY8D9g"" ""authorUrl"":""/channel/UCZRc"
2026-10-01 16:06,Channel,Failed,0.485,Timeout or Error
2026-10-01 16:06,Comments,OK,0.662,"{""commentCount"":10631686 ""videoId"":""jNQXAC9IVRw"" ""comments"":[{""authorId"":""UCC5NfQ6Mf0dq_eEwv4P_hWA"" "
2026-10-01 16:06,Playlist,Failed,0.461,Timeout or Error
2026-10-02 00:00,Video,Failed,0.328,Timeout or Error
2026-10-02 00:00,Search,Failed,1.051,Timeout or Error
2026-10-02 00:00,Channel,Failed,0.462,Timeout or Error
2026-10-02 00:00,Comments,OK,0.699,"{""commentCount"":10631670 ""videoId"":""jNQXAC9IVRw"" ""comments"":[{""authorId"":""UCC5NfQ6Mf0dq_eEwv4P_hWA"" "
2026-10-02 00:00,Playlist,Failed,0.424,Timeout or Error
2026-10-02 00:00,Video,Failed,0.299,Timeout or Error
2026-10-02 00:00,Search,OK,1.053,"[{""type"":""channel"" ""author"":""test"" ""authorId"":""UCZRcA_nO3Kt-SOml2mY8D9g"" ""authorUrl"":""/channel/UCZRc"
2026-10-02 00:00,Channel,Failed,0.469,Timeout or Error
2026-10-02 00:00,Comments,OK,0.641,"{""commentCount"":10631670 ""videoId"":""jNQXAC9IVRw"" ""comments"":[{""authorId"":""UCC5NfQ6Mf0dq_eEwv4P_hWA"" "
2026-10-02 00:00,Playlist,Failed,0.406,Timeout or Error
2026-10-02 05:16,Video,Failed,0.329,Timeout or Error
2026-10-02 05:16,Search,Failed,1.042,Timeout or Error
2026-10-02 05:16,Channel,Failed,0.403,Timeout or Error
2026-10-02 05:16,Comments,OK,0.674,"{""commentCount"":10631835 ""videoId"":""jNQXAC9IVRw"" ""comments"":[{""authorId"":""UCC5NfQ6Mf0dq_eEwv4P_hWA"" "
2026-10-02 05:16,Playlist,Failed,0.389,Timeout or Error
2026-10-02 05:16,Video,Failed,0.337,Timeout or Error
2026-10-02 05:16,Search,OK,1.044,"[{""type"":""channel"" ""author"":""test"" ""authorId"":""UCZRcA_nO3Kt-SOml2mY8D9g"" ""authorUrl"":""/channel/UCZRc"
2026-10-02 05:16,Channel,Failed,0.365,Timeout or Error
2026-10-02 05:16,Comments,OK,0.607,"{""commentCount"":10631835 ""videoId"":""jNQXAC9IVRw"" ""comments"":[{""authorId"":""UCC5NfQ6Mf0dq_eEwv4P_hWA"" "
2026-10-02 05:16,Playlist,Failed,0.396,Timeout or Error
2026-10-02 09:25,Video,Failed,0.357,Timeout or Error
2026-10-02 09:25,Search,Failed,1.045,Timeout or Error
2026-10-02 09:25,Channel,Failed,0.439,Timeout or Error
2026-10-02 09:25,Comments,OK,0.768,"{""commentCount"":10632030 ""videoId"":""jNQXAC9IVRw"" ""comments"":[{""authorId"":""UCC5NfQ6Mf0dq_eEwv4P_hWA"" "
2026-10-02 09:25,Playlist,Failed,0.442,Timeout or Error
2026-10-02 09:25,Video,Failed,0.341,Timeout or Error
2026-10-02 09:25,Search,Failed,1.051,Timeout or Error
2026-10-02 09:25,Channel,Failed,0.402,Timeout or Error
2026-10-02 09:25,Comments,OK,0.615,"{""commentCount"":10632030 ""videoId"":""jNQXAC9IVRw"" ""comments"":[{""authorId"":""UCC5NfQ6Mf0dq_eEwv4P_hWA"" "
2026-10-02 09:25,Playlist,Failed,0.425,Timeout or Error
2026-10-02 15:33,Video,Failed,0.346,Timeout or Error
2026-10-02 15:33,Search,OK,0.807,"[{""type"":""channel"" ""author"":""test"" ""authorId"":""UCZRcA_nO3Kt-SOml2mY8D9g"" ""authorUrl"":""/channel/UCZRc"
2026-10-02 15:33,Channel,Failed,0.388,Timeout or Error
2026-10-02 15:33,Comments,OK,0.561,"{""commentCount"":10632239 ""videoId"":""jNQXAC9IVRw"" ""comments"":[{""authorId"":""UCC5NfQ6Mf0dq_eEwv4P_hWA"" "
2026-10-02 15:33,Playlist,Failed,0.396,Timeout or Error
2026-10-02 15:33,Video,Failed,0.306,Timeout or Error
2026-10-02 15:33,Search,OK,0.852,"[{""type"":""channel"" ""author"":""test"" ""authorId"":""UCZRcA_nO3Kt-SOml2mY8D9g"" ""authorUrl"":""/channel/UCZRc"
2026-10-02 15:33,Channel,Failed,0.392,Timeout or Error
2026-10-02 15:33,Comments,OK,0.555,"{""commentCount"":10632239 ""videoId"":""jNQXAC9IVRw"" ""comments"":[{""authorId"":""UCC5NfQ6Mf0dq_eEwv4P_hWA"" "
2026-10-02 15:33,Playlist,Failed,0.379,Timeout or Error
2026-10-02 22:27,Video,Failed,0.398,Timeout or Error
2026-10-02 22:27,Search,Failed,1.042,Timeout or Error
2026-10-02 22:27,Channel,Failed,0.473,Timeout or Error
2026-10-02 22:27,Comments,OK,0.68,"{""commentCount"":10632426 ""videoId"":""jNQXAC9IVRw"" ""comments"":[{""authorId"":""UCC5NfQ6Mf0dq_eEwv4P_hWA"" "
2026-10-02 22:27,Playlist,Failed,0.46,Timeout or Error
2026-10-02 22:27,Video,Failed,0.397,Timeout or Error
2026-10-02 22:27,Search,Failed,1.037,Timeout or Error
2026-10-02 22:27,Channel,Failed,0.458,Timeout or Error
2026-10-02 22:27,Comments,OK,0.625,"{""commentCount"":10632426 ""videoId"":""jNQXAC9IVRw"" ""comments"":[{""authorId"":""UCC5NfQ6Mf0dq_eEwv4P_hWA"" "
2026-10-02 22:27,Playlist,Failed,0.465,Timeout or Error
2026-10-03 03:52,Video,Failed,0.408,Timeout or Error
2026-10-03 03:52,Search,Failed,1.119,Timeout or Error
2026-10-03 03:52,Channel,Failed,0.521,Timeout or Error
2026-10-03 03:52,Comments,OK,0.852,"{""commentCount"":10632539 ""videoId"":""jNQXAC9IVRw"" ""comments"":[{""authorId"":""UCC5NfQ6Mf0dq_eEwv4P_hWA"" "
2026-10-03 03:52,Playlist,Failed,0.541,Timeout or Error
2026-10-03 03:52,Video,Failed,0.447,Timeout or Error
2026-10-03 03:52,Search,OK,1.053,"[{""type"":""video"" ""title"":""DOLBY Atmos 5.1 SUBWOOFER TEST PART 2 | EXTREME HIGH BASS TEST | SOUND CHE"
2026-10-03 03:52,Channel,Failed,0.588,Timeout or Error
2026-10-03 03:52,Comments,OK,0.762,"{""commentCount"":10632539 ""videoId"":""jNQXAC9IVRw"" ""comments"":[{""authorId"":""UCC5NfQ6Mf0dq_eEwv4P_hWA"" "
2026-10-03 03:52,Playlist,Failed,0.547,Timeout or Error
2026-10-03 07:45,Video,Failed,0.361,Timeout or Error
2026-10-03 07:45,Search,Failed,1.036,Timeout or Error
2026-10-03 07:45,Channel,Failed,0.488,Timeout or Error
2026-10-03 07:45,Comments,OK,0.693,"{""commentCount"":10632416 ""videoId"":""jNQXAC9IVRw"" ""comments"":[{""authorId"":""UCC5NfQ6Mf0dq_eEwv4P_hWA"" "
2026-10-03 07:45,Playlist,Failed,0.517,Timeout or Error
2026-10-03 07:45,Video,Failed,0.402,Timeout or Error
2026-10-03 07:45,Search,Failed,1.056,Timeout or Error
2026-10-03 07:45,Channel,Failed,0.449,Timeout or Error
2026-10-03 07:45,Comments,OK,0.662,"{""commentCount"":10632417 ""videoId"":""jNQXAC9IVRw"" ""comments"":[{""authorId"":""UCC5NfQ6Mf0dq_eEwv4P_hWA"" "
2026-10-03 07:45,Playlist,Failed,0.484,Timeout or Error
2026-10-03 10:38,Video,Failed,0.434,Timeout or Error
2026-10-03 10:38,Search,Failed,1.033,Timeout or Error
2026-10-03 10:38,Channel,Failed,0.485,Timeout or Error
2026-10-03 10:38,Comments,OK,0.639,"{""commentCount"":10632476 ""videoId"":""jNQXAC9IVRw"" ""comments"":[{""authorId"":""UCC5NfQ6Mf0dq_eEwv4P_hWA"" "
2026-10-03 10:38,Playlist,Failed,0.492,Timeout or Error
2026-10-03 10:38,Video,Failed,0.394,Timeout or Error
2026-10-03 10:38,Search,Failed,1.028,Timeout or Error
2026-10-03 10:38,Channel,Failed,0.463,Timeout or Error
2026-10-03 10:38,Comments,OK,0.718,"{""commentCount"":10632477 ""videoId"":""jNQXAC9IVRw"" ""comments"":[{""authorId"":""UCC5NfQ6Mf0dq_eEwv4P_hWA"" "
2026-10-03 10:38,Playlist,Failed,0.478,Timeout or Error
2026-10-03 16:26,Video,Failed,0.3,Timeout or Error
2026-10-03 16:26,Search,OK,0.892,"[{""type"":""channel"" ""author"":""test"" ""authorId"":""UCZRcA_nO3Kt-SOml2mY8D9g"" ""authorUrl"":""/channel/UCZRc"
2026-10-03 16:26,Channel,Failed,0.349,Timeout or Error
2026-10-03 16:26,Comments,OK,0.563,"{""commentCount"":10631857 ""videoId"":""jNQXAC9IVRw"" ""comments"":[{""authorId"":""UCC5NfQ6Mf0dq_eEwv4P_hWA"" "
2026-10-03 16:26,Playlist,Failed,0.347,Timeout or Error
2026-10-03 16:26,Video,Failed,0.287,Timeout or Error
2026-10-03 16:26,Search,OK,0.908,"[{""type"":""video"" ""title"":""OLED TEST HDR 4K 120FPS DOLBY VISION 🏞 4K / 8K Monitor Test Video #BGM"" ""v"
2026-10-03 16:26,Channel,Failed,0.356,Timeout or Error
2026-10-03 16:26,Comments,OK,0.524,"{""commentCount"":10631857 ""videoId"":""jNQXAC9IVRw"" ""comments"":[{""authorId"":""UCC5NfQ6Mf0dq_eEwv4P_hWA"" "
2026-10-03 16:26,Playlist,Failed,0.354,Timeout or Error
2026-10-03 21:56,Video,Failed,0.407,Timeout or Error
2026-10-03 21:56,Search,Failed,1.042,Timeout or Error
2026-10-03 21:56,Channel,Failed,0.491,Timeout or Error
2026-10-03 21:56,Comments,OK,0.648,"{""commentCount"":10632075 ""videoId"":""jNQXAC9IVRw"" ""comments"":[{""authorId"":""UCC5NfQ6Mf0dq_eEwv4P_hWA"" "
2026-10-03 21:56,Playlist,Failed,0.479,Timeout or Error
2026-10-03 21:56,Video,Failed,0.414,Timeout or Error
2026-10-03 21:56,Search,Failed,1.034,Timeout or Error
2026-10-03 21:56,Channel,Failed,0.465,Timeout or Error
2026-10-03 21:56,Comments,OK,0.709,"{""commentCount"":10632075 ""videoId"":""jNQXAC9IVRw"" ""comments"":[{""authorId"":""UCC5NfQ6Mf0dq_eEwv4P_hWA"" "
2026-10-03 21:56,Playlist,Failed,0.491,Timeout or Error
2026-10-04 01:58,Video,Failed,0.335,Timeout or Error
2026-10-04 01:58,Search,Failed,1.048,Timeout or Error
2026-10-04 01:58,Channel,Failed,0.475,Timeout or Error
2026-10-04 01:58,Comments,OK,0.682,"{""commentCount"":10632271 ""videoId"":""jNQXAC9IVRw"" ""comments"":[{""authorId"":""UCC5NfQ6Mf0dq_eEwv4P_hWA"" "
2026-10-04 01:58,Playlist,Failed,0.459,Timeout or Error
2026-10-04 01:58,Video,Failed,0.328,Timeout or Error
2026-10-04 01:58,Search,Failed,1.053,Timeout or Error
2026-10-04 01:58,Channel,Failed,0.473,Timeout or Error
2026-10-04 01:58,Comments,OK,0.75,"{""commentCount"":10632274 ""videoId"":""jNQXAC9IVRw"" ""comments"":[{""authorId"":""UCC5NfQ6Mf0dq_eEwv4P_hWA"" "
2026-10-04 01:58,Playlist,Failed,0.481,Timeout or Error
2026-10-04 04:42,Video,Failed,0.336,Timeout or Error
2026-10-04 04:42,Search,Failed,1.048,Timeout or Error
2026-10-04 04:42,Channel,Failed,0.471,Timeout or Error
2026-10-04 04:42,Comments,OK,0.693,"{""commentCount"":10632499 ""videoId"":""jNQXAC9IVRw"" ""comments"":[{""authorId"":""UCC5NfQ6Mf0dq_eEwv4P_hWA"" "
2026-10-04 04:42,Playlist,Failed,0.458,Timeout or Error
2026-10-04 04:42,Video,Failed,0.349,Timeout or Error
2026-10-04 04:42,Search,OK,1.01,"[{""type"":""channel"" ""author"":""test"" ""authorId"":""UCZRcA_nO3Kt-SOml2mY8D9g"" ""authorUrl"":""/channel/UCZRc"
2026-10-04 04:42,Channel,Failed,0.478,Timeout or Error
2026-10-04 04:42,Comments,OK,0.681,"{""commentCount"":10632499 ""videoId"":""jNQXAC9IVRw"" ""comments"":[{""authorId"":""UCC5NfQ6Mf0dq_eEwv4P_hWA"" "
2026-10-04 04:42,Playlist,Failed,0.479,Timeout or Error
2026-10-04 07:36,Video,Failed,0.341,Timeout or Error
2026-10-04 07:36,Search,OK,0.936,"[{""type"":""channel"" ""author"":""test"" ""authorId"":""UCZRcA_nO3Kt-SOml2mY8D9g"" ""authorUrl"":""/channel/UCZRc"
2026-10-04 07:36,Channel,Failed,0.454,Timeout or Error
2026-10-04 07:36,Comments,OK,0.723,"{""commentCount"":10632663 ""videoId"":""jNQXAC9IVRw"" ""comments"":[{""authorId"":""UCC5NfQ6Mf0dq_eEwv4P_hWA"" "
2026-10-04 07:36,Playlist,Failed,0.435,Timeout or Error
2026-10-04 07:36,Video,Failed,0.352,Timeout or Error
2026-10-04 07:36,Search,Failed,1.044,Timeout or Error
2026-10-04 07:36,Channel,Failed,0.42,Timeout or Error
2026-10-04 07:36,Comments,OK,0.734,"{""commentCount"":10632663 ""videoId"":""jNQXAC9IVRw"" ""comments"":[{""authorId"":""UCC5NfQ6Mf0dq_eEwv4P_hWA"" "
2026-10-04 07:36,Playlist,Failed,0.425,Timeout or Error
2026-10-04 11:19,Video,Failed,0.326,Timeout or Error
2026-10-04 11:19,Search,OK,0.878,"[{""type"":""video"" ""title"":""Stunning Razaullah Innings | Highlights - England v Pakistan Day 3 | Rothe"
2026-10-04 11:19,Channel,Failed,0.342,Timeout or Error
2026-10-04 11:19,Comments,OK,0.538,"{""commentCount"":10632740 ""videoId"":""jNQXAC9IVRw"" ""comments"":[{""authorId"":""UCC5NfQ6Mf0dq_eEwv4P_hWA"" "
2026-10-04 11:19,Playlist,Failed,0.375,Timeout or Error
2026-10-04 11:19,Video,Failed,0.272,Timeout or Error
2026-10-04 11:19,Search,OK,0.968,"[{""type"":""channel"" ""author"":""test"" ""authorId"":""UCZRcA_nO3Kt-SOml2mY8D9g"" ""authorUrl"":""/channel/UCZRc"
2026-10-04 11:19,Channel,Failed,0.34,Timeout or Error
2026-10-04 11:19,Comments,OK,0.549,"{""commentCount"":10632740 ""videoId"":""jNQXAC9IVRw"" ""comments"":[{""authorId"":""UCC5NfQ6Mf0dq_eEwv4P_hWA"" "
2026-10-04 11:19,Playlist,Failed,0.367,Timeout or Error
2026-10-04 18:14,Video,Failed,0.306,Timeout or Error
2026-10-04 18:14,Search,OK,0.925,"[{""type"":""channel"" ""author"":""test"" ""authorId"":""UCZRcA_nO3Kt-SOml2mY8D9g"" ""authorUrl"":""/channel/UCZRc"
2026-10-04 18:14,Channel,Failed,0.369,Timeout or Error
2026-10-04 18:14,Comments,OK,0.515,"{""commentCount"":10632937 ""videoId"":""jNQXAC9IVRw"" ""comments"":[{""authorId"":""UCC5NfQ6Mf0dq_eEwv4P_hWA"" "
2026-10-04 18:14,Playlist,Failed,0.36,Timeout or Error
2026-10-04 18:14,Video,Failed,0.31,Timeout or Error
2026-10-04 18:14,Search,OK,0.85,"[{""type"":""video"" ""title"":""42 QUESTIONS about BRAZIL 🟢🟡 Test Your Knowledge 🧠"" ""videoId"":""WJqWQ5x7oE8"
2026-10-04 18:14,Channel,Failed,0.36,Timeout or Error
2026-10-04 18:14,Comments,OK,0.577,"{""commentCount"":10632939 ""videoId"":""jNQXAC9IVRw"" ""comments"":[{""authorId"":""UCC5NfQ6Mf0dq_eEwv4P_hWA"" "
2026-10-04 18:14,Playlist,Failed,0.36,Timeout or Error
2026-10-05 00:05,Video,Failed,0.33,Timeout or Error
2026-10-05 00:05,Search,Failed,1.039,Timeout or Error
2026-10-05 00:05,Channel,Failed,0.366,Timeout or Error
2026-10-05 00:05,Comments,OK,0.614,"{""commentCount"":10633228 ""videoId"":""jNQXAC9IVRw"" ""comments"":[{""authorId"":""UCC5NfQ6Mf0dq_eEwv4P_hWA"" "
2026-10-05 00:05,Playlist,Failed,0.364,Timeout or Error
2026-10-05 00:05,Video,Failed,0.306,Timeout or Error
2026-10-05 00:05,Search,OK,0.958,"[{""type"":""channel"" ""author"":""test"" ""authorId"":""UCZRcA_nO3Kt-SOml2mY8D9g"" ""authorUrl"":""/channel/UCZRc"
2026-10-05 00:05,Channel,Failed,0.349,Timeout or Error
2026-10-05 00:05,Comments,OK,0.723,"{""commentCount"":10633227 ""videoId"":""jNQXAC9IVRw"" ""comments"":[{""authorId"":""UCC5NfQ6Mf0dq_eEwv4P_hWA"" "
2026-10-05 00:05,Playlist,Failed,0.373,Timeout or Error
2026-10-05 03:56,Video,Failed,0.392,Timeout or Error
2026-10-05 03:56,Search,Failed,1.039,Timeout or Error
2026-10-05 03:56,Channel,Failed,0.482,Timeout or Error
2026-10-05 03:56,Comments,OK,0.768,"{""commentCount"":10633507 ""videoId"":""jNQXAC9IVRw"" ""comments"":[{""authorId"":""UCC5NfQ6Mf0dq_eEwv4P_hWA"" "
2026-10-05 03:56,Playlist,Failed,0.483,Timeout or Error
2026-10-05 03:56,Video,Failed,0.366,Timeout or Error
2026-10-05 03:56,Search,OK,1.037,"[{""type"":""channel"" ""author"":""test"" ""authorId"":""UCZRcA_nO3Kt-SOml2mY8D9g"" ""authorUrl"":""/channel/UCZRc"
2026-10-05 03:56,Channel,Failed,0.464,Timeout or Error
2026-10-05 03:56,Comments,OK,0.775,"{""commentCount"":10633509 ""videoId"":""jNQXAC9IVRw"" ""comments"":[{""authorId"":""UCC5NfQ6Mf0dq_eEwv4P_hWA"" "
2026-10-05 03:56,Playlist,Failed,0.548,Timeout or Error
2026-10-05 07:11,Video,Failed,0.323,Timeout or Error
2026-10-05 07:11,Search,Failed,1.03,Timeout or Error
2026-10-05 07:11,Channel,Failed,0.409,Timeout or Error
2026-10-05 07:11,Comments,OK,0.855,"{""commentCount"":10633659 ""videoId"":""jNQXAC9IVRw"" ""comments"":[{""authorId"":""UCC5NfQ6Mf0dq_eEwv4P_hWA"" "
2026-10-05 07:11,Playlist,Failed,0.355,Timeout or Error
2026-10-05 07:11,Video,Failed,0.289,Timeout or Error
2026-10-05 07:11,Search,Failed,1.03,Timeout or Error
2026-10-05 07:11,Channel,Failed,0.348,Timeout or Error
2026-10-05 07:11,Comments,OK,0.688,"{""commentCount"":10633659 ""videoId"":""jNQXAC9IVRw"" ""comments"":[{""authorId"":""UCC5NfQ6Mf0dq_eEwv4P_hWA"" "
2026-10-05 07:11,Playlist,Failed,0.37,Timeout or Error
2026-10-05 10:28,Video,Failed,0.291,Timeout or Error
2026-10-05 10:28,Search,OK,1.001,"[{""type"":""video"" ""title"":""DISTORTED - TEST [Official Lyric Video] | Original Motion Picture Soundtra"
2026-10-05 10:28,Channel,Failed,0.353,Timeout or Error
2026-10-05 10:28,Comments,OK,0.6,"{""commentCount"":10633796 ""videoId"":""jNQXAC9IVRw"" ""comments"":[{""authorId"":""UCC5NfQ6Mf0dq_eEwv4P_hWA"" "
2026-10-05 10:28,Playlist,Failed,0.359,Timeout or Error
2026-10-05 10:28,Video,Failed,0.289,Timeout or Error
2026-10-05 10:28,Search,Failed,1.031,Timeout or Error
2026-10-05 10:28,Channel,Failed,0.389,Timeout or Error
2026-10-05 10:28,Comments,OK,0.573,"{""commentCount"":10633796 ""videoId"":""jNQXAC9IVRw"" ""comments"":[{""authorId"":""UCC5NfQ6Mf0dq_eEwv4P_hWA"" "
2026-10-05 10:28,Playlist,Failed,0.394,Timeout or Error
2026-10-05 17:06,Video,Failed,0.313,Timeout or Error
2026-10-05 17:06,Search,OK,0.877,"[{""type"":""channel"" ""author"":""test"" ""authorId"":""UCZRcA_nO3Kt-SOml2mY8D9g"" ""authorUrl"":""/channel/UCZRc"
2026-10-05 17:06,Channel,Failed,0.351,Timeout or Error
2026-10-05 17:06,Comments,OK,0.542,"{""commentCount"":10633912 ""videoId"":""jNQXAC9IVRw"" ""comments"":[{""authorId"":""UCC5NfQ6Mf0dq_eEwv4P_hWA"" "
2026-10-05 17:06,Playlist,Failed,0.357,Timeout or Error
2026-10-05 17:06,Video,Failed,0.285,Timeout or Error
2026-10-05 17:06,Search,OK,0.902,"[{""type"":""channel"" ""author"":""test"" ""authorId"":""UCZRcA_nO3Kt-SOml2mY8D9g"" ""authorUrl"":""/channel/UCZRc"
2026-10-05 17:06,Channel,Failed,0.363,Timeout or Error
2026-10-05 17:06,Comments,OK,0.482,"{""commentCount"":10633911 ""videoId"":""jNQXAC9IVRw"" ""comments"":[{""authorId"":""UCC5NfQ6Mf0dq_eEwv4P_hWA"" "
2026-10-05 17:06,Playlist,Failed,0.359,Timeout or Error
2026-10-06 02:42,Video,Failed,0.376,Timeout or Error
2026-10-06 02:42,Search,Failed,1.077,Timeout or Error
2026-10-06 02:42,Channel,Failed,0.56,Timeout or Error
2026-10-06 02:42,Comments,OK,0.772,"{""commentCount"":10634161 ""videoId"":""jNQXAC9IVRw"" ""comments"":[{""authorId"":""UCC5NfQ6Mf0dq_eEwv4P_hWA"" "
2026-10-06 02:42,Playlist,Failed,0.517,Timeout or Error
2026-10-06 02:42,Video,Failed,0.399,Timeout or Error
2026-10-06 02:42,Search,Failed,1.08,Timeout or Error
2026-10-06 02:42,Channel,Failed,0.505,Timeout or Error
2026-10-06 02:42,Comments,OK,0.716,"{""commentCount"":10634161 ""videoId"":""jNQXAC9IVRw"" ""comments"":[{""authorId"":""UCC5NfQ6Mf0dq_eEwv4P_hWA"" "
2026-10-06 02:42,Playlist,Failed,0.467,Timeout or Error
2026-10-06 08:35,Video,Failed,0.404,Timeout or Error
2026-10-06 08:35,Search,OK,0.998,"[{""type"":""channel"" ""author"":""test"" ""authorId"":""UCZRcA_nO3Kt-SOml2mY8D9g"" ""authorUrl"":""/channel/UCZRc"
2026-10-06 08:35,Channel,Failed,0.473,Timeout or Error
2026-10-06 08:35,Comments,OK,0.678,"{""commentCount"":10634452 ""videoId"":""jNQXAC9IVRw"" ""comments"":[{""authorId"":""UCC5NfQ6Mf0dq_eEwv4P_hWA"" "
2026-10-06 08:35,Playlist,Failed,0.451,Timeout or Error
2026-10-06 08:35,Video,Failed,0.367,Timeout or Error
2026-10-06 08:35,Search,Failed,1.046,Timeout or Error
2026-10-06 08:35,Channel,Failed,0.485,Timeout or Error
2026-10-06 08:35,Comments,OK,0.671,"{""commentCount"":10634452 ""videoId"":""jNQXAC9IVRw"" ""comments"":[{""authorId"":""UCC5NfQ6Mf0dq_eEwv4P_hWA"" "
2026-10-06 08:35,Playlist,Failed,0.442,Timeout or Error
2026-10-06 13:21,Video,Failed,0.321,Timeout or Error
2026-10-06 13:21,Search,OK,0.995,"[{""type"":""channel"" ""author"":""test"" ""authorId"":""UCZRcA_nO3Kt-SOml2mY8D9g"" ""authorUrl"":""/channel/UCZRc"
2026-10-06 13:21,Channel,Failed,0.451,Timeout or Error
2026-10-06 13:21,Comments,OK,0.515,"{""commentCount"":10634590 ""videoId"":""jNQXAC9IVRw"" ""comments"":[{""authorId"":""UCC5NfQ6Mf0dq_eEwv4P_hWA"" "
2026-10-06 13:21,Playlist,Failed,0.424,Timeout or Error
2026-10-06 13:21,Video,Failed,0.34,Timeout or Error
2026-10-06 13:21,Search,OK,1.02,"[{""type"":""channel"" ""author"":""test"" ""authorId"":""UCZRcA_nO3Kt-SOml2mY8D9g"" ""authorUrl"":""/channel/UCZRc"
2026-10-06 13:21,Channel,Failed,0.421,Timeout or Error
2026-10-06 13:21,Comments,OK,0.548,"{""commentCount"":10634590 ""videoId"":""jNQXAC9IVRw"" ""comments"":[{""authorId"":""UCC5NfQ6Mf0dq_eEwv4P_hWA"" "
2026-10-06 13:21,Playlist,Failed,0.377,Timeout or Error
2026-10-06 20:40,Video,Failed,0.335,Timeout or Error
2026-10-06 20:40,Search,Failed,1.033,Timeout or Error
2026-10-06 20:40,Channel,Failed,0.404,Timeout or Error
2026-10-06 20:40,Comments,OK,0.604,"{""commentCount"":10634737 ""videoId"":""jNQXAC9IVRw"" ""comments"":[{""authorId"":""UCC5NfQ6Mf0dq_eEwv4P_hWA"" "
2026-10-06 20:40,Playlist,Failed,0.396,Timeout or Error
2026-10-06 20:40,Video,Failed,0.351,Timeout or Error
2026-10-06 20:40,Search,OK,0.938,"[{""type"":""channel"" ""author"":""test"" ""authorId"":""UCZRcA_nO3Kt-SOml2mY8D9g"" ""authorUrl"":""/channel/UCZRc"
2026-10-06 20:40,Channel,Failed,0.4,Timeout or Error
2026-10-06 20:40,Comments,OK,0.591,"{""commentCount"":10634738 ""videoId"":""jNQXAC9IVRw"" ""comments"":[{""authorId"":""UCC5NfQ6Mf0dq_eEwv4P_hWA"" "
2026-10-06 20:40,Playlist,Failed,0.396,Timeout or Error
2026-10-07 02:45,Video,Failed,0.298,Timeout or Error
2026-10-07 02:45,Search,OK,0.943,"[{""type"":""channel"" ""author"":""test"" ""authorId"":""UCZRcA_nO3Kt-SOml2mY8D9g"" ""authorUrl"":""/channel/UCZRc"
2026-10-07 02:45,Channel,Failed,0.428,Timeout or Error
2026-10-07 02:45,Comments,OK,0.623,"{""commentCount"":10634525 ""videoId"":""jNQXAC9IVRw"" ""comments"":[{""authorId"":""UCC5NfQ6Mf0dq_eEwv4P_hWA"" "
2026-10-07 02:45,Playlist,Failed,0.415,Timeout or Error
2026-10-07 02:45,Video,Failed,0.3,Timeout or Error
2026-10-07 02:45,Search,OK,0.984,"[{""type"":""channel"" ""author"":""test"" ""authorId"":""UCZRcA_nO3Kt-SOml2mY8D9g"" ""authorUrl"":""/channel/UCZRc"
2026-10-07 02:45,Channel,Failed,0.44,Timeout or Error
2026-10-07 02:45,Comments,OK,0.813,"{""commentCount"":10634525 ""videoId"":""jNQXAC9IVRw"" ""comments"":[{""authorId"":""UCC5NfQ6Mf0dq_eEwv4P_hWA"" "
2026-10-07 02:45,Playlist,Failed,0.449,Timeout or Error
2026-10-07 07:09,Video,Failed,0.386,Timeout or Error
2026-10-07 07:09,Search,Failed,1.096,Timeout or Error
2026-10-07 07:09,Channel,Failed,0.441,Timeout or Error
2026-10-07 07:09,Comments,OK,0.981,"{""commentCount"":10634763 ""videoId"":""jNQXAC9IVRw"" ""comments"":[{""authorId"":""UCC5NfQ6Mf0dq_eEwv4P_hWA"" "
2026-10-07 07:09,Playlist,Failed,0.465,Timeout or Error
2026-10-07 07:09,Video,Failed,0.403,Timeout or Error
2026-10-07 07:09,Search,OK,1.029,"[{""type"":""channel"" ""author"":""test"" ""authorId"":""UCZRcA_nO3Kt-SOml2mY8D9g"" ""authorUrl"":""/channel/UCZRc"
2026-10-07 07:09,Channel,Failed,0.47,Timeout or Error
2026-10-07 07:09,Comments,OK,0.752,"{""commentCount"":10634763 ""videoId"":""jNQXAC9IVRw"" ""comments"":[{""authorId"":""UCC5NfQ6Mf0dq_eEwv4P_hWA"" "
2026-10-07 07:09,Playlist,Failed,0.46,Timeout or Error
2026-10-07 10:58,Video,Failed,0.295,Timeout or Error
2026-10-07 10:58,Search,OK,0.978,"[{""type"":""channel"" ""author"":""test"" ""authorId"":""UCZRcA_nO3Kt-SOml2mY8D9g"" ""authorUrl"":""/channel/UCZRc"
2026-10-07 10:58,Channel,Failed,0.355,Timeout or Error
2026-10-07 10:58,Comments,OK,0.569,"{""commentCount"":10634755 ""videoId"":""jNQXAC9IVRw"" ""comments"":[{""authorId"":""UCC5NfQ6Mf0dq_eEwv4P_hWA"" "
2026-10-07 10:58,Playlist,Failed,0.351,Timeout or Error
2026-10-07 10:58,Video,Failed,0.273,Timeout or Error
2026-10-07 10:58,Search,OK,0.994,"[{""type"":""channel"" ""author"":""test"" ""authorId"":""UCZRcA_nO3Kt-SOml2mY8D9g"" ""authorUrl"":""/channel/UCZRc"
2026-10-07 10:58,Channel,Failed,0.362,Timeout or Error
2026-10-07 10:58,Comments,OK,0.543,"{""commentCount"":10634755 ""videoId"":""jNQXAC9IVRw"" ""comments"":[{""authorId"":""UCC5NfQ6Mf0dq_eEwv4P_hWA"" "
2026-10-07 10:58,Playlist,Failed,0.359,Timeout or Error
2026-10-07 17:15,Video,Failed,0.422,Timeout or Error
2026-10-07 17:15,Search,OK,0.999,"[{""type"":""channel"" ""author"":""test"" ""authorId"":""UCZRcA_nO3Kt-SOml2mY8D9g"" ""authorUrl"":""/channel/UCZRc"
2026-10-07 17:15,Channel,Failed,0.545,Timeout or Error
2026-10-07 17:15,Comments,OK,0.686,"{""commentCount"":10634925 ""videoId"":""jNQXAC9IVRw"" ""comments"":[{""authorId"":""UCC5NfQ6Mf0dq_eEwv4P_hWA"" "
2026-10-07 17:15,Playlist,Failed,0.546,Timeout or Error
2026-10-07 17:15,Video,Failed,0.398,Timeout or Error
2026-10-07 17:15,Search,OK,1.04,"[{""type"":""channel"" ""author"":""test"" ""authorId"":""UCZRcA_nO3Kt-SOml2mY8D9g"" ""authorUrl"":""/channel/UCZRc"
2026-10-07 17:15,Channel,Failed,0.533,Timeout or Error
2026-10-07 17:15,Comments,OK,0.655,"{""commentCount"":10634925 ""videoId"":""jNQXAC9IVRw"" ""comments"":[{""authorId"":""UCC5NfQ6Mf0dq_eEwv4P_hWA"" "
2026-10-07 17:15,Playlist,Failed,0.542,Timeout or Error
2026-10-08 00:59,Video,Failed,0.382,Timeout or Error
2026-10-08 00:59,Search,Failed,1.092,Timeout or Error
2026-10-08 00:59,Channel,Failed,0.505,Timeout or Error
2026-10-08 00:59,Comments,OK,0.788,"{""commentCount"":10635096 ""videoId"":""jNQXAC9IVRw"" ""comments"":[{""authorId"":""UCC5NfQ6Mf0dq_eEwv4P_hWA"" "
2026-10-08 00:59,Playlist,Failed,0.503,Timeout or Error
2026-10-08 00:59,Video,Failed,0.456,Timeout or Error
2026-10-08 00:59,Search,OK,1.076,"[{""type"":""channel"" ""author"":""test"" ""authorId"":""UCZRcA_nO3Kt-SOml2mY8D9g"" ""authorUrl"":""/channel/UCZRc"
2026-10-08 00:59,Channel,Failed,0.508,Timeout or Error
2026-10-08 00:59,Comments,OK,0.755,"{""commentCount"":10635096 ""videoId"":""jNQXAC9IVRw"" ""comments"":[{""authorId"":""UCC5NfQ6Mf0dq_eEwv4P_hWA"" "
2026-10-08 00:59,Playlist,Failed,0.558,Timeout or Error
2026-10-08 06:08,Video,Failed,0.402,Timeout or Error
2026-10-08 06:08,Search,Failed,1.038,Timeout or Error
2026-10-08 06:08,Channel,Failed,0.563,Timeout or Error
2026-10-08 06:08,Comments,OK,0.786,"{""commentCount"":10635241 ""videoId"":""jNQXAC9IVRw"" ""comments"":[{""authorId"":""UCC5NfQ6Mf0dq_eEwv4P_hWA"" "
2026-10-08 06:08,Playlist,Failed,0.538,Timeout or Error
2026-10-08 06:08,Video,Failed,0.443,Timeout or Error
2026-10-08 06:08,Search,Failed,1.053,Timeout or Error
2026-10-08 06:08,Channel,Failed,1.032,Timeout or Error
2026-10-08 06:08,Comments,OK,0.886,"{""commentCount"":10635241 ""videoId"":""jNQXAC9IVRw"" ""comments"":[{""authorId"":""UCC5NfQ6Mf0dq_eEwv4P_hWA"" "
2026-10-08 06:08,Playlist,Failed,0.544,Timeout or Error
