Timestamp,Category,Status,ResponseTime,RawData
2026-09-10 16:46,Video,OK,0.414,"<!doctype html><html lang=""en""><head><title>Making sure you&#39;re not a bot!</title><link rel=""styl"
2026-09-10 16:46,Search,OK,0.305,"<!doctype html><html lang=""en""><head><title>Making sure you&#39;re not a bot!</title><link rel=""styl"
2026-09-10 16:46,Channel,OK,0.306,"<!doctype html><html lang=""en""><head><title>Making sure you&#39;re not a bot!</title><link rel=""styl"
2026-09-10 16:46,Comments,OK,0.337,"<!doctype html><html lang=""en""><head><title>Making sure you&#39;re not a bot!</title><link rel=""styl"
2026-09-10 16:46,Playlist,OK,0.308,"<!doctype html><html lang=""en""><head><title>Making sure you&#39;re not a bot!</title><link rel=""styl"
2026-09-10 21:36,Video,OK,0.762,"<!doctype html><html lang=""en""><head><title>Making sure you&#39;re not a bot!</title><link rel=""styl"
2026-09-10 21:36,Search,OK,0.498,"<!doctype html><html lang=""en""><head><title>Making sure you&#39;re not a bot!</title><link rel=""styl"
2026-09-10 21:36,Channel,OK,0.504,"<!doctype html><html lang=""en""><head><title>Making sure you&#39;re not a bot!</title><link rel=""styl"
2026-09-10 21:36,Comments,OK,0.492,"<!doctype html><html lang=""en""><head><title>Making sure you&#39;re not a bot!</title><link rel=""styl"
2026-09-10 21:36,Playlist,OK,0.496,"<!doctype html><html lang=""en""><head><title>Making sure you&#39;re not a bot!</title><link rel=""styl"
2026-09-11 01:50,Video,OK,0.759,"<!doctype html><html lang=""en""><head><title>Making sure you&#39;re not a bot!</title><link rel=""styl"
2026-09-11 01:50,Search,OK,0.505,"<!doctype html><html lang=""en""><head><title>Making sure you&#39;re not a bot!</title><link rel=""styl"
2026-09-11 01:50,Channel,OK,0.49,"<!doctype html><html lang=""en""><head><title>Making sure you&#39;re not a bot!</title><link rel=""styl"
2026-09-11 01:50,Comments,OK,0.51,"<!doctype html><html lang=""en""><head><title>Making sure you&#39;re not a bot!</title><link rel=""styl"
2026-09-11 01:50,Playlist,OK,0.506,"<!doctype html><html lang=""en""><head><title>Making sure you&#39;re not a bot!</title><link rel=""styl"
2026-09-11 04:25,Video,OK,0.582,"<!doctype html><html lang=""en""><head><title>Making sure you&#39;re not a bot!</title><link rel=""styl"
2026-09-11 04:25,Search,OK,0.455,"<!doctype html><html lang=""en""><head><title>Making sure you&#39;re not a bot!</title><link rel=""styl"
2026-09-11 04:25,Channel,OK,0.434,"<!doctype html><html lang=""en""><head><title>Making sure you&#39;re not a bot!</title><link rel=""styl"
2026-09-11 04:25,Comments,OK,0.425,"<!doctype html><html lang=""en""><head><title>Making sure you&#39;re not a bot!</title><link rel=""styl"
2026-09-11 04:25,Playlist,OK,0.435,"<!doctype html><html lang=""en""><head><title>Making sure you&#39;re not a bot!</title><link rel=""styl"
2026-09-11 07:10,Video,OK,0.566,"<!doctype html><html lang=""en""><head><title>Making sure you&#39;re not a bot!</title><link rel=""styl"
2026-09-11 07:10,Search,OK,0.426,"<!doctype html><html lang=""en""><head><title>Making sure you&#39;re not a bot!</title><link rel=""styl"
2026-09-11 07:10,Channel,OK,0.433,"<!doctype html><html lang=""en""><head><title>Making sure you&#39;re not a bot!</title><link rel=""styl"
2026-09-11 07:10,Comments,OK,0.436,"<!doctype html><html lang=""en""><head><title>Making sure you&#39;re not a bot!</title><link rel=""styl"
2026-09-11 07:10,Playlist,OK,0.434,"<!doctype html><html lang=""en""><head><title>Making sure you&#39;re not a bot!</title><link rel=""styl"
2026-09-11 09:45,Video,OK,0.497,"<!doctype html><html lang=""en""><head><title>Making sure you&#39;re not a bot!</title><link rel=""styl"
2026-09-11 09:45,Search,OK,0.418,"<!doctype html><html lang=""en""><head><title>Making sure you&#39;re not a bot!</title><link rel=""styl"
2026-09-11 09:45,Channel,OK,0.38,"<!doctype html><html lang=""en""><head><title>Making sure you&#39;re not a bot!</title><link rel=""styl"
2026-09-11 09:45,Comments,OK,0.377,"<!doctype html><html lang=""en""><head><title>Making sure you&#39;re not a bot!</title><link rel=""styl"
2026-09-11 09:45,Playlist,OK,0.378,"<!doctype html><html lang=""en""><head><title>Making sure you&#39;re not a bot!</title><link rel=""styl"
2026-09-11 14:31,Video,OK,0.419,"<!doctype html><html lang=""en""><head><title>Making sure you&#39;re not a bot!</title><link rel=""styl"
2026-09-11 14:31,Search,OK,0.306,"<!doctype html><html lang=""en""><head><title>Making sure you&#39;re not a bot!</title><link rel=""styl"
2026-09-11 14:31,Channel,OK,0.325,"<!doctype html><html lang=""en""><head><title>Making sure you&#39;re not a bot!</title><link rel=""styl"
2026-09-11 14:31,Comments,OK,0.315,"<!doctype html><html lang=""en""><head><title>Making sure you&#39;re not a bot!</title><link rel=""styl"
2026-09-11 14:31,Playlist,OK,0.323,"<!doctype html><html lang=""en""><head><title>Making sure you&#39;re not a bot!</title><link rel=""styl"
2026-09-11 19:25,Video,OK,0.497,"<!doctype html><html lang=""en""><head><title>Making sure you&#39;re not a bot!</title><link rel=""styl"
2026-09-11 19:25,Search,OK,0.334,"<!doctype html><html lang=""en""><head><title>Making sure you&#39;re not a bot!</title><link rel=""styl"
2026-09-11 19:25,Channel,OK,0.34,"<!doctype html><html lang=""en""><head><title>Making sure you&#39;re not a bot!</title><link rel=""styl"
2026-09-11 19:25,Comments,OK,0.34,"<!doctype html><html lang=""en""><head><title>Making sure you&#39;re not a bot!</title><link rel=""styl"
2026-09-11 19:25,Playlist,OK,0.323,"<!doctype html><html lang=""en""><head><title>Making sure you&#39;re not a bot!</title><link rel=""styl"
2026-09-11 23:47,Video,OK,0.721,"<!doctype html><html lang=""en""><head><title>Making sure you&#39;re not a bot!</title><link rel=""styl"
2026-09-11 23:47,Search,OK,0.49,"<!doctype html><html lang=""en""><head><title>Making sure you&#39;re not a bot!</title><link rel=""styl"
2026-09-11 23:47,Channel,OK,0.482,"<!doctype html><html lang=""en""><head><title>Making sure you&#39;re not a bot!</title><link rel=""styl"
2026-09-11 23:47,Comments,OK,0.494,"<!doctype html><html lang=""en""><head><title>Making sure you&#39;re not a bot!</title><link rel=""styl"
2026-09-11 23:47,Playlist,OK,0.507,"<!doctype html><html lang=""en""><head><title>Making sure you&#39;re not a bot!</title><link rel=""styl"
2026-09-12 03:05,Video,OK,0.967,"<!doctype html><html lang=""en""><head><title>Making sure you&#39;re not a bot!</title><link rel=""styl"
2026-09-12 03:05,Search,OK,0.494,"<!doctype html><html lang=""en""><head><title>Making sure you&#39;re not a bot!</title><link rel=""styl"
2026-09-12 03:05,Channel,OK,0.495,"<!doctype html><html lang=""en""><head><title>Making sure you&#39;re not a bot!</title><link rel=""styl"
2026-09-12 03:05,Comments,OK,0.506,"<!doctype html><html lang=""en""><head><title>Making sure you&#39;re not a bot!</title><link rel=""styl"
2026-09-12 03:05,Playlist,OK,0.503,"<!doctype html><html lang=""en""><head><title>Making sure you&#39;re not a bot!</title><link rel=""styl"
2026-09-12 06:30,Video,OK,0.455,"<!doctype html><html lang=""en""><head><title>Making sure you&#39;re not a bot!</title><link rel=""styl"
2026-09-12 06:30,Search,OK,0.318,"<!doctype html><html lang=""en""><head><title>Making sure you&#39;re not a bot!</title><link rel=""styl"
2026-09-12 06:30,Channel,OK,0.323,"<!doctype html><html lang=""en""><head><title>Making sure you&#39;re not a bot!</title><link rel=""styl"
2026-09-12 06:30,Comments,OK,0.306,"<!doctype html><html lang=""en""><head><title>Making sure you&#39;re not a bot!</title><link rel=""styl"
2026-09-12 06:30,Playlist,OK,0.325,"<!doctype html><html lang=""en""><head><title>Making sure you&#39;re not a bot!</title><link rel=""styl"
2026-09-12 08:47,Video,OK,0.906,"<!doctype html><html lang=""en""><head><title>Making sure you&#39;re not a bot!</title><link rel=""styl"
2026-09-12 08:47,Search,OK,0.373,"<!doctype html><html lang=""en""><head><title>Making sure you&#39;re not a bot!</title><link rel=""styl"
2026-09-12 08:47,Channel,OK,0.363,"<!doctype html><html lang=""en""><head><title>Making sure you&#39;re not a bot!</title><link rel=""styl"
2026-09-12 08:47,Comments,OK,0.35,"<!doctype html><html lang=""en""><head><title>Making sure you&#39;re not a bot!</title><link rel=""styl"
2026-09-12 08:47,Playlist,OK,0.357,"<!doctype html><html lang=""en""><head><title>Making sure you&#39;re not a bot!</title><link rel=""styl"
2026-09-12 11:40,Video,OK,0.381,"<!doctype html><html lang=""en""><head><title>Making sure you&#39;re not a bot!</title><link rel=""styl"
2026-09-12 11:40,Search,OK,0.307,"<!doctype html><html lang=""en""><head><title>Making sure you&#39;re not a bot!</title><link rel=""styl"
2026-09-12 11:40,Channel,OK,0.314,"<!doctype html><html lang=""en""><head><title>Making sure you&#39;re not a bot!</title><link rel=""styl"
2026-09-12 11:40,Comments,OK,0.31,"<!doctype html><html lang=""en""><head><title>Making sure you&#39;re not a bot!</title><link rel=""styl"
2026-09-12 11:40,Playlist,OK,0.305,"<!doctype html><html lang=""en""><head><title>Making sure you&#39;re not a bot!</title><link rel=""styl"
2026-09-12 16:35,Video,OK,0.395,"<!doctype html><html lang=""en""><head><title>Making sure you&#39;re not a bot!</title><link rel=""styl"
2026-09-12 16:35,Search,OK,0.306,"<!doctype html><html lang=""en""><head><title>Making sure you&#39;re not a bot!</title><link rel=""styl"
2026-09-12 16:35,Channel,OK,0.337,"<!doctype html><html lang=""en""><head><title>Making sure you&#39;re not a bot!</title><link rel=""styl"
2026-09-12 16:35,Comments,OK,0.305,"<!doctype html><html lang=""en""><head><title>Making sure you&#39;re not a bot!</title><link rel=""styl"
2026-09-12 16:35,Playlist,OK,0.314,"<!doctype html><html lang=""en""><head><title>Making sure you&#39;re not a bot!</title><link rel=""styl"
2026-09-12 20:53,Video,OK,0.45,"<!doctype html><html lang=""en""><head><title>Making sure you&#39;re not a bot!</title><link rel=""styl"
2026-09-12 20:53,Search,OK,0.349,"<!doctype html><html lang=""en""><head><title>Making sure you&#39;re not a bot!</title><link rel=""styl"
2026-09-12 20:53,Channel,OK,0.349,"<!doctype html><html lang=""en""><head><title>Making sure you&#39;re not a bot!</title><link rel=""styl"
2026-09-12 20:53,Comments,OK,0.41,"<!doctype html><html lang=""en""><head><title>Making sure you&#39;re not a bot!</title><link rel=""styl"
2026-09-12 20:53,Playlist,OK,0.349,"<!doctype html><html lang=""en""><head><title>Making sure you&#39;re not a bot!</title><link rel=""styl"
2026-09-12 23:49,Video,OK,0.99,"<!doctype html><html lang=""en""><head><title>Making sure you&#39;re not a bot!</title><link rel=""styl"
2026-09-12 23:49,Search,OK,0.482,"<!doctype html><html lang=""en""><head><title>Making sure you&#39;re not a bot!</title><link rel=""styl"
2026-09-12 23:49,Channel,OK,0.464,"<!doctype html><html lang=""en""><head><title>Making sure you&#39;re not a bot!</title><link rel=""styl"
2026-09-12 23:49,Comments,OK,0.482,"<!doctype html><html lang=""en""><head><title>Making sure you&#39;re not a bot!</title><link rel=""styl"
2026-09-12 23:49,Playlist,OK,0.479,"<!doctype html><html lang=""en""><head><title>Making sure you&#39;re not a bot!</title><link rel=""styl"
2026-09-13 02:37,Video,OK,0.867,"<!doctype html><html lang=""en""><head><title>Making sure you&#39;re not a bot!</title><link rel=""styl"
2026-09-13 02:37,Search,OK,0.418,"<!doctype html><html lang=""en""><head><title>Making sure you&#39;re not a bot!</title><link rel=""styl"
2026-09-13 02:37,Channel,OK,0.416,"<!doctype html><html lang=""en""><head><title>Making sure you&#39;re not a bot!</title><link rel=""styl"
2026-09-13 02:37,Comments,OK,0.417,"<!doctype html><html lang=""en""><head><title>Making sure you&#39;re not a bot!</title><link rel=""styl"
2026-09-13 02:37,Playlist,OK,0.434,"<!doctype html><html lang=""en""><head><title>Making sure you&#39;re not a bot!</title><link rel=""styl"
2026-09-13 05:00,Video,OK,0.469,"<!doctype html><html lang=""en""><head><title>Making sure you&#39;re not a bot!</title><link rel=""styl"
2026-09-13 05:00,Search,OK,0.327,"<!doctype html><html lang=""en""><head><title>Making sure you&#39;re not a bot!</title><link rel=""styl"
2026-09-13 05:00,Channel,OK,0.327,"<!doctype html><html lang=""en""><head><title>Making sure you&#39;re not a bot!</title><link rel=""styl"
2026-09-13 05:00,Comments,OK,0.324,"<!doctype html><html lang=""en""><head><title>Making sure you&#39;re not a bot!</title><link rel=""styl"
2026-09-13 05:00,Playlist,OK,0.317,"<!doctype html><html lang=""en""><head><title>Making sure you&#39;re not a bot!</title><link rel=""styl"
2026-09-13 07:45,Video,OK,0.388,"<!doctype html><html lang=""en""><head><title>Making sure you&#39;re not a bot!</title><link rel=""styl"
2026-09-13 07:45,Search,OK,0.304,"<!doctype html><html lang=""en""><head><title>Making sure you&#39;re not a bot!</title><link rel=""styl"
2026-09-13 07:45,Channel,OK,0.313,"<!doctype html><html lang=""en""><head><title>Making sure you&#39;re not a bot!</title><link rel=""styl"
2026-09-13 07:45,Comments,OK,0.303,"<!doctype html><html lang=""en""><head><title>Making sure you&#39;re not a bot!</title><link rel=""styl"
2026-09-13 07:45,Playlist,OK,0.305,"<!doctype html><html lang=""en""><head><title>Making sure you&#39;re not a bot!</title><link rel=""styl"
2026-09-13 09:32,Video,OK,0.522,"<!doctype html><html lang=""en""><head><title>Making sure you&#39;re not a bot!</title><link rel=""styl"
2026-09-13 09:32,Search,OK,0.341,"<!doctype html><html lang=""en""><head><title>Making sure you&#39;re not a bot!</title><link rel=""styl"
2026-09-13 09:32,Channel,OK,0.372,"<!doctype html><html lang=""en""><head><title>Making sure you&#39;re not a bot!</title><link rel=""styl"
2026-09-13 09:32,Comments,OK,0.349,"<!doctype html><html lang=""en""><head><title>Making sure you&#39;re not a bot!</title><link rel=""styl"
2026-09-13 09:32,Playlist,OK,0.382,"<!doctype html><html lang=""en""><head><title>Making sure you&#39;re not a bot!</title><link rel=""styl"
2026-09-13 14:34,Video,OK,0.44,"<!doctype html><html lang=""en""><head><title>Making sure you&#39;re not a bot!</title><link rel=""styl"
2026-09-13 14:34,Search,OK,0.34,"<!doctype html><html lang=""en""><head><title>Making sure you&#39;re not a bot!</title><link rel=""styl"
2026-09-13 14:34,Channel,OK,0.347,"<!doctype html><html lang=""en""><head><title>Making sure you&#39;re not a bot!</title><link rel=""styl"
2026-09-13 14:34,Comments,OK,0.348,"<!doctype html><html lang=""en""><head><title>Making sure you&#39;re not a bot!</title><link rel=""styl"
2026-09-13 14:34,Playlist,OK,0.339,"<!doctype html><html lang=""en""><head><title>Making sure you&#39;re not a bot!</title><link rel=""styl"
2026-09-13 19:55,Video,OK,0.477,"<!doctype html><html lang=""en""><head><title>Making sure you&#39;re not a bot!</title><link rel=""styl"
2026-09-13 19:55,Search,OK,0.343,"<!doctype html><html lang=""en""><head><title>Making sure you&#39;re not a bot!</title><link rel=""styl"
2026-09-13 19:55,Channel,OK,0.35,"<!doctype html><html lang=""en""><head><title>Making sure you&#39;re not a bot!</title><link rel=""styl"
2026-09-13 19:55,Comments,OK,0.369,"<!doctype html><html lang=""en""><head><title>Making sure you&#39;re not a bot!</title><link rel=""styl"
2026-09-13 19:55,Playlist,OK,0.342,"<!doctype html><html lang=""en""><head><title>Making sure you&#39;re not a bot!</title><link rel=""styl"
2026-09-13 23:46,Video,OK,0.715,"<!doctype html><html lang=""en""><head><title>Making sure you&#39;re not a bot!</title><link rel=""styl"
2026-09-13 23:46,Search,OK,0.481,"<!doctype html><html lang=""en""><head><title>Making sure you&#39;re not a bot!</title><link rel=""styl"
2026-09-13 23:46,Channel,OK,0.503,"<!doctype html><html lang=""en""><head><title>Making sure you&#39;re not a bot!</title><link rel=""styl"
2026-09-13 23:46,Comments,OK,0.503,"<!doctype html><html lang=""en""><head><title>Making sure you&#39;re not a bot!</title><link rel=""styl"
2026-09-13 23:46,Playlist,OK,0.496,"<!doctype html><html lang=""en""><head><title>Making sure you&#39;re not a bot!</title><link rel=""styl"
2026-09-14 02:50,Video,OK,0.702,"<!doctype html><html lang=""en""><head><title>Making sure you&#39;re not a bot!</title><link rel=""styl"
2026-09-14 02:50,Search,OK,0.447,"<!doctype html><html lang=""en""><head><title>Making sure you&#39;re not a bot!</title><link rel=""styl"
2026-09-14 02:50,Channel,OK,0.454,"<!doctype html><html lang=""en""><head><title>Making sure you&#39;re not a bot!</title><link rel=""styl"
2026-09-14 02:50,Comments,OK,0.445,"<!doctype html><html lang=""en""><head><title>Making sure you&#39;re not a bot!</title><link rel=""styl"
2026-09-14 02:50,Playlist,OK,0.448,"<!doctype html><html lang=""en""><head><title>Making sure you&#39;re not a bot!</title><link rel=""styl"
2026-09-14 05:08,Video,OK,0.56,"<!doctype html><html lang=""en""><head><title>Making sure you&#39;re not a bot!</title><link rel=""styl"
2026-09-14 05:08,Search,OK,0.372,"<!doctype html><html lang=""en""><head><title>Making sure you&#39;re not a bot!</title><link rel=""styl"
2026-09-14 05:08,Channel,OK,0.425,"<!doctype html><html lang=""en""><head><title>Making sure you&#39;re not a bot!</title><link rel=""styl"
2026-09-14 05:08,Comments,OK,0.371,"<!doctype html><html lang=""en""><head><title>Making sure you&#39;re not a bot!</title><link rel=""styl"
2026-09-14 05:08,Playlist,OK,0.371,"<!doctype html><html lang=""en""><head><title>Making sure you&#39;re not a bot!</title><link rel=""styl"
2026-09-14 07:46,Video,OK,0.697,"<!doctype html><html lang=""en""><head><title>Making sure you&#39;re not a bot!</title><link rel=""styl"
2026-09-14 07:46,Search,OK,0.312,"<!doctype html><html lang=""en""><head><title>Making sure you&#39;re not a bot!</title><link rel=""styl"
2026-09-14 07:46,Channel,OK,0.314,"<!doctype html><html lang=""en""><head><title>Making sure you&#39;re not a bot!</title><link rel=""styl"
2026-09-14 07:46,Comments,OK,0.322,"<!doctype html><html lang=""en""><head><title>Making sure you&#39;re not a bot!</title><link rel=""styl"
2026-09-14 07:46,Playlist,OK,0.33,"<!doctype html><html lang=""en""><head><title>Making sure you&#39;re not a bot!</title><link rel=""styl"
2026-09-14 09:35,Video,OK,0.588,"<!doctype html><html lang=""en""><head><title>Making sure you&#39;re not a bot!</title><link rel=""styl"
2026-09-14 09:35,Search,OK,0.37,"<!doctype html><html lang=""en""><head><title>Making sure you&#39;re not a bot!</title><link rel=""styl"
2026-09-14 09:35,Channel,OK,0.4,"<!doctype html><html lang=""en""><head><title>Making sure you&#39;re not a bot!</title><link rel=""styl"
2026-09-14 09:35,Comments,OK,0.371,"<!doctype html><html lang=""en""><head><title>Making sure you&#39;re not a bot!</title><link rel=""styl"
2026-09-14 09:35,Playlist,OK,0.393,"<!doctype html><html lang=""en""><head><title>Making sure you&#39;re not a bot!</title><link rel=""styl"
2026-09-14 14:38,Video,OK,0.892,"<!doctype html><html lang=""en""><head><title>Making sure you&#39;re not a bot!</title><link rel=""styl"
2026-09-14 14:38,Search,OK,0.319,"<!doctype html><html lang=""en""><head><title>Making sure you&#39;re not a bot!</title><link rel=""styl"
2026-09-14 14:38,Channel,OK,0.333,"<!doctype html><html lang=""en""><head><title>Making sure you&#39;re not a bot!</title><link rel=""styl"
2026-09-14 14:38,Comments,OK,0.317,"<!doctype html><html lang=""en""><head><title>Making sure you&#39;re not a bot!</title><link rel=""styl"
2026-09-14 14:38,Playlist,OK,0.328,"<!doctype html><html lang=""en""><head><title>Making sure you&#39;re not a bot!</title><link rel=""styl"
2026-09-14 20:29,Video,OK,0.715,"<!doctype html><html lang=""en""><head><title>Making sure you&#39;re not a bot!</title><link rel=""styl"
2026-09-14 20:29,Search,OK,0.306,"<!doctype html><html lang=""en""><head><title>Making sure you&#39;re not a bot!</title><link rel=""styl"
2026-09-14 20:29,Channel,OK,0.306,"<!doctype html><html lang=""en""><head><title>Making sure you&#39;re not a bot!</title><link rel=""styl"
2026-09-14 20:29,Comments,OK,0.325,"<!doctype html><html lang=""en""><head><title>Making sure you&#39;re not a bot!</title><link rel=""styl"
2026-09-14 20:29,Playlist,OK,0.305,"<!doctype html><html lang=""en""><head><title>Making sure you&#39;re not a bot!</title><link rel=""styl"
2026-09-15 02:25,Video,OK,0.602,"<!doctype html><html lang=""en""><head><title>Making sure you&#39;re not a bot!</title><link rel=""styl"
2026-09-15 02:25,Search,OK,0.373,"<!doctype html><html lang=""en""><head><title>Making sure you&#39;re not a bot!</title><link rel=""styl"
2026-09-15 02:25,Channel,OK,0.4,"<!doctype html><html lang=""en""><head><title>Making sure you&#39;re not a bot!</title><link rel=""styl"
2026-09-15 02:25,Comments,OK,0.371,"<!doctype html><html lang=""en""><head><title>Making sure you&#39;re not a bot!</title><link rel=""styl"
2026-09-15 02:25,Playlist,OK,0.394,"<!doctype html><html lang=""en""><head><title>Making sure you&#39;re not a bot!</title><link rel=""styl"
2026-09-15 06:17,Video,OK,0.489,"<!doctype html><html lang=""en""><head><title>Making sure you&#39;re not a bot!</title><link rel=""styl"
2026-09-15 06:17,Search,OK,0.316,"<!doctype html><html lang=""en""><head><title>Making sure you&#39;re not a bot!</title><link rel=""styl"
2026-09-15 06:17,Channel,OK,0.331,"<!doctype html><html lang=""en""><head><title>Making sure you&#39;re not a bot!</title><link rel=""styl"
2026-09-15 06:17,Comments,OK,0.3,"<!doctype html><html lang=""en""><head><title>Making sure you&#39;re not a bot!</title><link rel=""styl"
2026-09-15 06:17,Playlist,OK,0.31,"<!doctype html><html lang=""en""><head><title>Making sure you&#39;re not a bot!</title><link rel=""styl"
2026-09-15 09:09,Video,OK,0.512,"<!doctype html><html lang=""en""><head><title>Making sure you&#39;re not a bot!</title><link rel=""styl"
2026-09-15 09:09,Search,OK,0.356,"<!doctype html><html lang=""en""><head><title>Making sure you&#39;re not a bot!</title><link rel=""styl"
2026-09-15 09:09,Channel,OK,0.362,"<!doctype html><html lang=""en""><head><title>Making sure you&#39;re not a bot!</title><link rel=""styl"
2026-09-15 09:09,Comments,OK,0.356,"<!doctype html><html lang=""en""><head><title>Making sure you&#39;re not a bot!</title><link rel=""styl"
2026-09-15 09:09,Playlist,OK,0.387,"<!doctype html><html lang=""en""><head><title>Making sure you&#39;re not a bot!</title><link rel=""styl"
2026-09-15 14:40,Video,OK,0.948,"<!doctype html><html lang=""en""><head><title>Making sure you&#39;re not a bot!</title><link rel=""styl"
2026-09-15 14:40,Search,OK,0.5,"<!doctype html><html lang=""en""><head><title>Making sure you&#39;re not a bot!</title><link rel=""styl"
2026-09-15 14:40,Channel,OK,0.51,"<!doctype html><html lang=""en""><head><title>Making sure you&#39;re not a bot!</title><link rel=""styl"
2026-09-15 14:40,Comments,OK,0.511,"<!doctype html><html lang=""en""><head><title>Making sure you&#39;re not a bot!</title><link rel=""styl"
2026-09-15 14:40,Playlist,OK,0.494,"<!doctype html><html lang=""en""><head><title>Making sure you&#39;re not a bot!</title><link rel=""styl"
2026-09-15 19:50,Video,OK,0.951,"<!doctype html><html lang=""en""><head><title>Making sure you&#39;re not a bot!</title><link rel=""styl"
2026-09-15 19:50,Search,OK,0.476,"<!doctype html><html lang=""en""><head><title>Making sure you&#39;re not a bot!</title><link rel=""styl"
2026-09-15 19:50,Channel,OK,0.463,"<!doctype html><html lang=""en""><head><title>Making sure you&#39;re not a bot!</title><link rel=""styl"
2026-09-15 19:50,Comments,OK,0.46,"<!doctype html><html lang=""en""><head><title>Making sure you&#39;re not a bot!</title><link rel=""styl"
2026-09-15 19:50,Playlist,OK,0.477,"<!doctype html><html lang=""en""><head><title>Making sure you&#39;re not a bot!</title><link rel=""styl"
2026-09-16 00:23,Video,OK,0.84,"<!doctype html><html lang=""en""><head><title>Making sure you&#39;re not a bot!</title><link rel=""styl"
2026-09-16 00:23,Search,OK,0.42,"<!doctype html><html lang=""en""><head><title>Making sure you&#39;re not a bot!</title><link rel=""styl"
2026-09-16 00:23,Channel,OK,0.386,"<!doctype html><html lang=""en""><head><title>Making sure you&#39;re not a bot!</title><link rel=""styl"
2026-09-16 00:23,Comments,OK,0.415,"<!doctype html><html lang=""en""><head><title>Making sure you&#39;re not a bot!</title><link rel=""styl"
2026-09-16 00:23,Playlist,OK,0.383,"<!doctype html><html lang=""en""><head><title>Making sure you&#39;re not a bot!</title><link rel=""styl"
2026-09-16 04:25,Video,OK,0.739,"<!doctype html><html lang=""en""><head><title>Making sure you&#39;re not a bot!</title><link rel=""styl"
2026-09-16 04:25,Search,OK,0.461,"<!doctype html><html lang=""en""><head><title>Making sure you&#39;re not a bot!</title><link rel=""styl"
2026-09-16 04:25,Channel,OK,0.453,"<!doctype html><html lang=""en""><head><title>Making sure you&#39;re not a bot!</title><link rel=""styl"
2026-09-16 04:25,Comments,OK,0.484,"<!doctype html><html lang=""en""><head><title>Making sure you&#39;re not a bot!</title><link rel=""styl"
2026-09-16 04:25,Playlist,OK,0.47,"<!doctype html><html lang=""en""><head><title>Making sure you&#39;re not a bot!</title><link rel=""styl"
2026-09-16 07:37,Video,OK,0.713,"<!doctype html><html lang=""en""><head><title>Making sure you&#39;re not a bot!</title><link rel=""styl"
2026-09-16 07:37,Search,OK,0.479,"<!doctype html><html lang=""en""><head><title>Making sure you&#39;re not a bot!</title><link rel=""styl"
2026-09-16 07:37,Channel,OK,0.496,"<!doctype html><html lang=""en""><head><title>Making sure you&#39;re not a bot!</title><link rel=""styl"
2026-09-16 07:37,Comments,OK,0.455,"<!doctype html><html lang=""en""><head><title>Making sure you&#39;re not a bot!</title><link rel=""styl"
2026-09-16 07:37,Playlist,OK,0.452,"<!doctype html><html lang=""en""><head><title>Making sure you&#39;re not a bot!</title><link rel=""styl"
2026-09-16 09:57,Video,OK,0.381,"<!doctype html><html lang=""en""><head><title>Making sure you&#39;re not a bot!</title><link rel=""styl"
2026-09-16 09:57,Search,OK,0.318,"<!doctype html><html lang=""en""><head><title>Making sure you&#39;re not a bot!</title><link rel=""styl"
2026-09-16 09:57,Channel,OK,0.314,"<!doctype html><html lang=""en""><head><title>Making sure you&#39;re not a bot!</title><link rel=""styl"
2026-09-16 09:57,Comments,OK,0.351,"<!doctype html><html lang=""en""><head><title>Making sure you&#39;re not a bot!</title><link rel=""styl"
2026-09-16 09:57,Playlist,OK,0.318,"<!doctype html><html lang=""en""><head><title>Making sure you&#39;re not a bot!</title><link rel=""styl"
2026-09-16 14:41,Video,OK,0.781,"<!doctype html><html lang=""en""><head><title>Making sure you&#39;re not a bot!</title><link rel=""styl"
2026-09-16 14:41,Search,OK,0.304,"<!doctype html><html lang=""en""><head><title>Making sure you&#39;re not a bot!</title><link rel=""styl"
2026-09-16 14:41,Channel,OK,0.32,"<!doctype html><html lang=""en""><head><title>Making sure you&#39;re not a bot!</title><link rel=""styl"
2026-09-16 14:41,Comments,OK,0.335,"<!doctype html><html lang=""en""><head><title>Making sure you&#39;re not a bot!</title><link rel=""styl"
2026-09-16 14:41,Playlist,OK,0.305,"<!doctype html><html lang=""en""><head><title>Making sure you&#39;re not a bot!</title><link rel=""styl"
2026-09-16 19:40,Video,OK,0.666,"<!doctype html><html lang=""en""><head><title>Making sure you&#39;re not a bot!</title><link rel=""styl"
2026-09-16 19:40,Search,OK,0.336,"<!doctype html><html lang=""en""><head><title>Making sure you&#39;re not a bot!</title><link rel=""styl"
2026-09-16 19:40,Channel,OK,0.339,"<!doctype html><html lang=""en""><head><title>Making sure you&#39;re not a bot!</title><link rel=""styl"
2026-09-16 19:40,Comments,OK,0.317,"<!doctype html><html lang=""en""><head><title>Making sure you&#39;re not a bot!</title><link rel=""styl"
2026-09-16 19:40,Playlist,OK,0.331,"<!doctype html><html lang=""en""><head><title>Making sure you&#39;re not a bot!</title><link rel=""styl"
2026-09-17 00:16,Video,OK,0.764,"<!doctype html><html lang=""en""><head><title>Making sure you&#39;re not a bot!</title><link rel=""styl"
2026-09-17 00:16,Search,OK,0.525,"<!doctype html><html lang=""en""><head><title>Making sure you&#39;re not a bot!</title><link rel=""styl"
2026-09-17 00:16,Channel,OK,0.533,"<!doctype html><html lang=""en""><head><title>Making sure you&#39;re not a bot!</title><link rel=""styl"
2026-09-17 00:16,Comments,OK,0.481,"<!doctype html><html lang=""en""><head><title>Making sure you&#39;re not a bot!</title><link rel=""styl"
2026-09-17 00:16,Playlist,OK,0.508,"<!doctype html><html lang=""en""><head><title>Making sure you&#39;re not a bot!</title><link rel=""styl"
2026-09-17 04:17,Video,OK,0.409,"<!doctype html><html lang=""en""><head><title>Making sure you&#39;re not a bot!</title><link rel=""styl"
2026-09-17 04:17,Search,OK,0.343,"<!doctype html><html lang=""en""><head><title>Making sure you&#39;re not a bot!</title><link rel=""styl"
2026-09-17 04:17,Channel,OK,0.375,"<!doctype html><html lang=""en""><head><title>Making sure you&#39;re not a bot!</title><link rel=""styl"
2026-09-17 04:17,Comments,OK,0.342,"<!doctype html><html lang=""en""><head><title>Making sure you&#39;re not a bot!</title><link rel=""styl"
2026-09-17 04:17,Playlist,OK,0.359,"<!doctype html><html lang=""en""><head><title>Making sure you&#39;re not a bot!</title><link rel=""styl"
2026-09-17 07:33,Video,OK,0.485,"<!doctype html><html lang=""en""><head><title>Making sure you&#39;re not a bot!</title><link rel=""styl"
2026-09-17 07:33,Search,OK,0.331,"<!doctype html><html lang=""en""><head><title>Making sure you&#39;re not a bot!</title><link rel=""styl"
2026-09-17 07:33,Channel,OK,0.332,"<!doctype html><html lang=""en""><head><title>Making sure you&#39;re not a bot!</title><link rel=""styl"
2026-09-17 07:33,Comments,OK,0.331,"<!doctype html><html lang=""en""><head><title>Making sure you&#39;re not a bot!</title><link rel=""styl"
2026-09-17 07:33,Playlist,OK,0.333,"<!doctype html><html lang=""en""><head><title>Making sure you&#39;re not a bot!</title><link rel=""styl"
2026-09-17 10:01,Video,OK,0.823,"<!doctype html><html lang=""en""><head><title>Making sure you&#39;re not a bot!</title><link rel=""styl"
2026-09-17 10:01,Search,OK,0.326,"<!doctype html><html lang=""en""><head><title>Making sure you&#39;re not a bot!</title><link rel=""styl"
2026-09-17 10:01,Channel,OK,0.323,"<!doctype html><html lang=""en""><head><title>Making sure you&#39;re not a bot!</title><link rel=""styl"
2026-09-17 10:01,Comments,OK,0.331,"<!doctype html><html lang=""en""><head><title>Making sure you&#39;re not a bot!</title><link rel=""styl"
2026-09-17 10:01,Playlist,OK,0.324,"<!doctype html><html lang=""en""><head><title>Making sure you&#39;re not a bot!</title><link rel=""styl"
2026-09-17 16:01,Video,OK,0.43,"<!doctype html><html lang=""en""><head><title>Making sure you&#39;re not a bot!</title><link rel=""styl"
2026-09-17 16:01,Search,OK,0.351,"<!doctype html><html lang=""en""><head><title>Making sure you&#39;re not a bot!</title><link rel=""styl"
2026-09-17 16:01,Channel,OK,0.305,"<!doctype html><html lang=""en""><head><title>Making sure you&#39;re not a bot!</title><link rel=""styl"
2026-09-17 16:01,Comments,OK,0.307,"<!doctype html><html lang=""en""><head><title>Making sure you&#39;re not a bot!</title><link rel=""styl"
2026-09-17 16:01,Playlist,OK,0.328,"<!doctype html><html lang=""en""><head><title>Making sure you&#39;re not a bot!</title><link rel=""styl"
2026-09-17 21:56,Video,OK,0.617,"<!doctype html><html lang=""en""><head><title>Making sure you&#39;re not a bot!</title><link rel=""styl"
2026-09-17 21:56,Search,OK,0.325,"<!doctype html><html lang=""en""><head><title>Making sure you&#39;re not a bot!</title><link rel=""styl"
2026-09-17 21:56,Channel,OK,0.32,"<!doctype html><html lang=""en""><head><title>Making sure you&#39;re not a bot!</title><link rel=""styl"
2026-09-17 21:56,Comments,OK,0.305,"<!doctype html><html lang=""en""><head><title>Making sure you&#39;re not a bot!</title><link rel=""styl"
2026-09-17 21:56,Playlist,OK,0.32,"<!doctype html><html lang=""en""><head><title>Making sure you&#39;re not a bot!</title><link rel=""styl"
2026-09-18 02:28,Video,OK,0.889,"<!doctype html><html lang=""en""><head><title>Making sure you&#39;re not a bot!</title><link rel=""styl"
2026-09-18 02:28,Search,OK,0.417,"<!doctype html><html lang=""en""><head><title>Making sure you&#39;re not a bot!</title><link rel=""styl"
2026-09-18 02:28,Channel,OK,0.434,"<!doctype html><html lang=""en""><head><title>Making sure you&#39;re not a bot!</title><link rel=""styl"
2026-09-18 02:28,Comments,OK,0.425,"<!doctype html><html lang=""en""><head><title>Making sure you&#39;re not a bot!</title><link rel=""styl"
2026-09-18 02:28,Playlist,OK,0.432,"<!doctype html><html lang=""en""><head><title>Making sure you&#39;re not a bot!</title><link rel=""styl"
2026-09-18 05:50,Video,OK,0.566,"<!doctype html><html lang=""en""><head><title>Making sure you&#39;re not a bot!</title><link rel=""styl"
2026-09-18 05:50,Search,OK,0.377,"<!doctype html><html lang=""en""><head><title>Making sure you&#39;re not a bot!</title><link rel=""styl"
2026-09-18 05:50,Channel,OK,0.403,"<!doctype html><html lang=""en""><head><title>Making sure you&#39;re not a bot!</title><link rel=""styl"
2026-09-18 05:50,Comments,OK,0.373,"<!doctype html><html lang=""en""><head><title>Making sure you&#39;re not a bot!</title><link rel=""styl"
2026-09-18 05:50,Playlist,OK,0.411,"<!doctype html><html lang=""en""><head><title>Making sure you&#39;re not a bot!</title><link rel=""styl"
2026-09-18 08:19,Video,OK,0.58,"<!doctype html><html lang=""en""><head><title>Making sure you&#39;re not a bot!</title><link rel=""styl"
2026-09-18 08:19,Search,OK,0.377,"<!doctype html><html lang=""en""><head><title>Making sure you&#39;re not a bot!</title><link rel=""styl"
2026-09-18 08:19,Channel,OK,0.396,"<!doctype html><html lang=""en""><head><title>Making sure you&#39;re not a bot!</title><link rel=""styl"
2026-09-18 08:19,Comments,OK,0.385,"<!doctype html><html lang=""en""><head><title>Making sure you&#39;re not a bot!</title><link rel=""styl"
2026-09-18 08:19,Playlist,OK,0.379,"<!doctype html><html lang=""en""><head><title>Making sure you&#39;re not a bot!</title><link rel=""styl"
2026-09-18 11:42,Video,OK,0.993,"<!doctype html><html lang=""en""><head><title>Making sure you&#39;re not a bot!</title><link rel=""styl"
2026-09-18 11:42,Search,OK,0.311,"<!doctype html><html lang=""en""><head><title>Making sure you&#39;re not a bot!</title><link rel=""styl"
2026-09-18 11:42,Channel,OK,0.313,"<!doctype html><html lang=""en""><head><title>Making sure you&#39;re not a bot!</title><link rel=""styl"
2026-09-18 11:42,Comments,OK,0.305,"<!doctype html><html lang=""en""><head><title>Making sure you&#39;re not a bot!</title><link rel=""styl"
2026-09-18 11:42,Playlist,OK,0.314,"<!doctype html><html lang=""en""><head><title>Making sure you&#39;re not a bot!</title><link rel=""styl"
2026-09-18 16:52,Video,OK,0.733,"<!doctype html><html lang=""en""><head><title>Making sure you&#39;re not a bot!</title><link rel=""styl"
2026-09-18 16:52,Search,OK,0.342,"<!doctype html><html lang=""en""><head><title>Making sure you&#39;re not a bot!</title><link rel=""styl"
2026-09-18 16:52,Channel,OK,0.366,"<!doctype html><html lang=""en""><head><title>Making sure you&#39;re not a bot!</title><link rel=""styl"
2026-09-18 16:52,Comments,OK,0.323,"<!doctype html><html lang=""en""><head><title>Making sure you&#39;re not a bot!</title><link rel=""styl"
2026-09-18 16:52,Playlist,OK,0.327,"<!doctype html><html lang=""en""><head><title>Making sure you&#39;re not a bot!</title><link rel=""styl"
2026-09-18 21:35,Video,OK,0.705,"<!doctype html><html lang=""en""><head><title>Making sure you&#39;re not a bot!</title><link rel=""styl"
2026-09-18 21:35,Search,OK,0.516,"<!doctype html><html lang=""en""><head><title>Making sure you&#39;re not a bot!</title><link rel=""styl"
2026-09-18 21:35,Channel,OK,0.505,"<!doctype html><html lang=""en""><head><title>Making sure you&#39;re not a bot!</title><link rel=""styl"
2026-09-18 21:35,Comments,OK,0.484,"<!doctype html><html lang=""en""><head><title>Making sure you&#39;re not a bot!</title><link rel=""styl"
2026-09-18 21:35,Playlist,OK,0.504,"<!doctype html><html lang=""en""><head><title>Making sure you&#39;re not a bot!</title><link rel=""styl"
2026-09-19 01:52,Video,OK,0.38,"<!doctype html><html lang=""en""><head><title>Making sure you&#39;re not a bot!</title><link rel=""styl"
2026-09-19 01:52,Search,OK,0.32,"<!doctype html><html lang=""en""><head><title>Making sure you&#39;re not a bot!</title><link rel=""styl"
2026-09-19 01:52,Channel,OK,0.305,"<!doctype html><html lang=""en""><head><title>Making sure you&#39;re not a bot!</title><link rel=""styl"
2026-09-19 01:52,Comments,OK,0.319,"<!doctype html><html lang=""en""><head><title>Making sure you&#39;re not a bot!</title><link rel=""styl"
2026-09-19 01:52,Playlist,OK,0.312,"<!doctype html><html lang=""en""><head><title>Making sure you&#39;re not a bot!</title><link rel=""styl"
2026-09-19 04:22,Video,OK,1.229,"<!doctype html><html lang=""en""><head><title>Making sure you&#39;re not a bot!</title><link rel=""styl"
2026-09-19 04:22,Search,OK,0.441,"<!doctype html><html lang=""en""><head><title>Making sure you&#39;re not a bot!</title><link rel=""styl"
2026-09-19 04:22,Channel,OK,0.454,"<!doctype html><html lang=""en""><head><title>Making sure you&#39;re not a bot!</title><link rel=""styl"
2026-09-19 04:22,Comments,OK,0.442,"<!doctype html><html lang=""en""><head><title>Making sure you&#39;re not a bot!</title><link rel=""styl"
2026-09-19 04:22,Playlist,OK,0.441,"<!doctype html><html lang=""en""><head><title>Making sure you&#39;re not a bot!</title><link rel=""styl"
2026-09-19 07:09,Video,OK,0.508,"<!doctype html><html lang=""en""><head><title>Making sure you&#39;re not a bot!</title><link rel=""styl"
2026-09-19 07:09,Search,OK,0.4,"<!doctype html><html lang=""en""><head><title>Making sure you&#39;re not a bot!</title><link rel=""styl"
2026-09-19 07:09,Channel,OK,0.401,"<!doctype html><html lang=""en""><head><title>Making sure you&#39;re not a bot!</title><link rel=""styl"
2026-09-19 07:09,Comments,OK,0.371,"<!doctype html><html lang=""en""><head><title>Making sure you&#39;re not a bot!</title><link rel=""styl"
2026-09-19 07:09,Playlist,OK,0.37,"<!doctype html><html lang=""en""><head><title>Making sure you&#39;re not a bot!</title><link rel=""styl"
2026-09-19 09:52,Video,OK,0.701,"<!doctype html><html lang=""en""><head><title>Making sure you&#39;re not a bot!</title><link rel=""styl"
2026-09-19 09:52,Search,OK,0.443,"<!doctype html><html lang=""en""><head><title>Making sure you&#39;re not a bot!</title><link rel=""styl"
2026-09-19 09:52,Channel,OK,0.484,"<!doctype html><html lang=""en""><head><title>Making sure you&#39;re not a bot!</title><link rel=""styl"
2026-09-19 09:52,Comments,OK,0.446,"<!doctype html><html lang=""en""><head><title>Making sure you&#39;re not a bot!</title><link rel=""styl"
2026-09-19 09:52,Playlist,OK,0.442,"<!doctype html><html lang=""en""><head><title>Making sure you&#39;re not a bot!</title><link rel=""styl"
2026-09-19 14:24,Video,OK,0.763,"<!doctype html><html lang=""en""><head><title>Making sure you&#39;re not a bot!</title><link rel=""styl"
2026-09-19 14:24,Search,OK,0.32,"<!doctype html><html lang=""en""><head><title>Making sure you&#39;re not a bot!</title><link rel=""styl"
2026-09-19 14:24,Channel,OK,0.314,"<!doctype html><html lang=""en""><head><title>Making sure you&#39;re not a bot!</title><link rel=""styl"
2026-09-19 14:24,Comments,OK,0.32,"<!doctype html><html lang=""en""><head><title>Making sure you&#39;re not a bot!</title><link rel=""styl"
2026-09-19 14:24,Playlist,OK,0.345,"<!doctype html><html lang=""en""><head><title>Making sure you&#39;re not a bot!</title><link rel=""styl"
2026-09-19 19:07,Video,OK,0.601,"<!doctype html><html lang=""en""><head><title>Making sure you&#39;re not a bot!</title><link rel=""styl"
2026-09-19 19:07,Search,OK,0.426,"<!doctype html><html lang=""en""><head><title>Making sure you&#39;re not a bot!</title><link rel=""styl"
2026-09-19 19:07,Channel,OK,0.425,"<!doctype html><html lang=""en""><head><title>Making sure you&#39;re not a bot!</title><link rel=""styl"
2026-09-19 19:07,Comments,OK,0.424,"<!doctype html><html lang=""en""><head><title>Making sure you&#39;re not a bot!</title><link rel=""styl"
2026-09-19 19:07,Playlist,OK,0.422,"<!doctype html><html lang=""en""><head><title>Making sure you&#39;re not a bot!</title><link rel=""styl"
2026-09-19 23:06,Video,OK,0.692,"<!doctype html><html lang=""en""><head><title>Making sure you&#39;re not a bot!</title><link rel=""styl"
2026-09-19 23:06,Search,OK,0.469,"<!doctype html><html lang=""en""><head><title>Making sure you&#39;re not a bot!</title><link rel=""styl"
2026-09-19 23:06,Channel,OK,0.465,"<!doctype html><html lang=""en""><head><title>Making sure you&#39;re not a bot!</title><link rel=""styl"
2026-09-19 23:06,Comments,OK,0.461,"<!doctype html><html lang=""en""><head><title>Making sure you&#39;re not a bot!</title><link rel=""styl"
2026-09-19 23:06,Playlist,OK,0.457,"<!doctype html><html lang=""en""><head><title>Making sure you&#39;re not a bot!</title><link rel=""styl"
2026-09-20 02:40,Video,OK,0.662,"<!doctype html><html lang=""en""><head><title>Making sure you&#39;re not a bot!</title><link rel=""styl"
2026-09-20 02:40,Search,OK,0.411,"<!doctype html><html lang=""en""><head><title>Making sure you&#39;re not a bot!</title><link rel=""styl"
2026-09-20 02:40,Channel,OK,0.407,"<!doctype html><html lang=""en""><head><title>Making sure you&#39;re not a bot!</title><link rel=""styl"
2026-09-20 02:40,Comments,OK,0.414,"<!doctype html><html lang=""en""><head><title>Making sure you&#39;re not a bot!</title><link rel=""styl"
2026-09-20 02:40,Playlist,OK,0.416,"<!doctype html><html lang=""en""><head><title>Making sure you&#39;re not a bot!</title><link rel=""styl"
2026-09-20 04:54,Video,OK,0.532,"<!doctype html><html lang=""en""><head><title>Making sure you&#39;re not a bot!</title><link rel=""styl"
2026-09-20 04:54,Search,OK,0.376,"<!doctype html><html lang=""en""><head><title>Making sure you&#39;re not a bot!</title><link rel=""styl"
2026-09-20 04:54,Channel,OK,0.418,"<!doctype html><html lang=""en""><head><title>Making sure you&#39;re not a bot!</title><link rel=""styl"
2026-09-20 04:54,Comments,OK,0.343,"<!doctype html><html lang=""en""><head><title>Making sure you&#39;re not a bot!</title><link rel=""styl"
2026-09-20 04:54,Playlist,OK,0.37,"<!doctype html><html lang=""en""><head><title>Making sure you&#39;re not a bot!</title><link rel=""styl"
2026-09-20 07:02,Video,OK,0.406,"<!doctype html><html lang=""en""><head><title>Making sure you&#39;re not a bot!</title><link rel=""styl"
2026-09-20 07:02,Search,OK,0.321,"<!doctype html><html lang=""en""><head><title>Making sure you&#39;re not a bot!</title><link rel=""styl"
2026-09-20 07:02,Channel,OK,0.321,"<!doctype html><html lang=""en""><head><title>Making sure you&#39;re not a bot!</title><link rel=""styl"
2026-09-20 07:02,Comments,OK,0.33,"<!doctype html><html lang=""en""><head><title>Making sure you&#39;re not a bot!</title><link rel=""styl"
2026-09-20 07:02,Playlist,OK,0.321,"<!doctype html><html lang=""en""><head><title>Making sure you&#39;re not a bot!</title><link rel=""styl"
2026-09-20 09:33,Video,OK,0.5,"<!doctype html><html lang=""en""><head><title>Making sure you&#39;re not a bot!</title><link rel=""styl"
2026-09-20 09:33,Search,OK,0.391,"<!doctype html><html lang=""en""><head><title>Making sure you&#39;re not a bot!</title><link rel=""styl"
2026-09-20 09:33,Channel,OK,0.364,"<!doctype html><html lang=""en""><head><title>Making sure you&#39;re not a bot!</title><link rel=""styl"
2026-09-20 09:33,Comments,OK,0.38,"<!doctype html><html lang=""en""><head><title>Making sure you&#39;re not a bot!</title><link rel=""styl"
2026-09-20 09:33,Playlist,OK,0.41,"<!doctype html><html lang=""en""><head><title>Making sure you&#39;re not a bot!</title><link rel=""styl"
2026-09-20 14:37,Video,OK,0.769,"<!doctype html><html lang=""en""><head><title>Making sure you&#39;re not a bot!</title><link rel=""styl"
2026-09-20 14:37,Search,OK,0.324,"<!doctype html><html lang=""en""><head><title>Making sure you&#39;re not a bot!</title><link rel=""styl"
2026-09-20 14:37,Channel,OK,0.306,"<!doctype html><html lang=""en""><head><title>Making sure you&#39;re not a bot!</title><link rel=""styl"
2026-09-20 14:37,Comments,OK,0.315,"<!doctype html><html lang=""en""><head><title>Making sure you&#39;re not a bot!</title><link rel=""styl"
2026-09-20 14:37,Playlist,OK,0.313,"<!doctype html><html lang=""en""><head><title>Making sure you&#39;re not a bot!</title><link rel=""styl"
2026-09-20 19:26,Video,OK,0.738,"<!doctype html><html lang=""en""><head><title>Making sure you&#39;re not a bot!</title><link rel=""styl"
2026-09-20 19:26,Search,OK,0.328,"<!doctype html><html lang=""en""><head><title>Making sure you&#39;re not a bot!</title><link rel=""styl"
2026-09-20 19:26,Channel,OK,0.317,"<!doctype html><html lang=""en""><head><title>Making sure you&#39;re not a bot!</title><link rel=""styl"
2026-09-20 19:26,Comments,OK,0.334,"<!doctype html><html lang=""en""><head><title>Making sure you&#39;re not a bot!</title><link rel=""styl"
2026-09-20 19:26,Playlist,OK,0.323,"<!doctype html><html lang=""en""><head><title>Making sure you&#39;re not a bot!</title><link rel=""styl"
2026-09-20 23:25,Video,OK,0.582,"<!doctype html><html lang=""en""><head><title>Making sure you&#39;re not a bot!</title><link rel=""styl"
2026-09-20 23:25,Search,OK,0.424,"<!doctype html><html lang=""en""><head><title>Making sure you&#39;re not a bot!</title><link rel=""styl"
2026-09-20 23:25,Channel,OK,0.426,"<!doctype html><html lang=""en""><head><title>Making sure you&#39;re not a bot!</title><link rel=""styl"
2026-09-20 23:25,Comments,OK,0.413,"<!doctype html><html lang=""en""><head><title>Making sure you&#39;re not a bot!</title><link rel=""styl"
2026-09-20 23:25,Playlist,OK,0.418,"<!doctype html><html lang=""en""><head><title>Making sure you&#39;re not a bot!</title><link rel=""styl"
2026-09-21 02:52,Video,OK,0.718,"<!doctype html><html lang=""en""><head><title>Making sure you&#39;re not a bot!</title><link rel=""styl"
2026-09-21 02:52,Search,OK,0.452,"<!doctype html><html lang=""en""><head><title>Making sure you&#39;re not a bot!</title><link rel=""styl"
2026-09-21 02:52,Channel,OK,0.453,"<!doctype html><html lang=""en""><head><title>Making sure you&#39;re not a bot!</title><link rel=""styl"
2026-09-21 02:52,Comments,OK,0.449,"<!doctype html><html lang=""en""><head><title>Making sure you&#39;re not a bot!</title><link rel=""styl"
2026-09-21 02:52,Playlist,OK,0.451,"<!doctype html><html lang=""en""><head><title>Making sure you&#39;re not a bot!</title><link rel=""styl"
2026-09-21 05:08,Video,OK,0.612,"<!doctype html><html lang=""en""><head><title>Making sure you&#39;re not a bot!</title><link rel=""styl"
2026-09-21 05:08,Search,OK,0.37,"<!doctype html><html lang=""en""><head><title>Making sure you&#39;re not a bot!</title><link rel=""styl"
2026-09-21 05:08,Channel,OK,0.378,"<!doctype html><html lang=""en""><head><title>Making sure you&#39;re not a bot!</title><link rel=""styl"
2026-09-21 05:08,Comments,OK,0.362,"<!doctype html><html lang=""en""><head><title>Making sure you&#39;re not a bot!</title><link rel=""styl"
2026-09-21 05:08,Playlist,OK,0.364,"<!doctype html><html lang=""en""><head><title>Making sure you&#39;re not a bot!</title><link rel=""styl"
2026-09-21 07:52,Video,OK,0.539,"<!doctype html><html lang=""en""><head><title>Making sure you&#39;re not a bot!</title><link rel=""styl"
2026-09-21 07:52,Search,OK,0.438,"<!doctype html><html lang=""en""><head><title>Making sure you&#39;re not a bot!</title><link rel=""styl"
2026-09-21 07:52,Channel,OK,0.395,"<!doctype html><html lang=""en""><head><title>Making sure you&#39;re not a bot!</title><link rel=""styl"
2026-09-21 07:52,Comments,OK,0.375,"<!doctype html><html lang=""en""><head><title>Making sure you&#39;re not a bot!</title><link rel=""styl"
2026-09-21 07:52,Playlist,OK,0.364,"<!doctype html><html lang=""en""><head><title>Making sure you&#39;re not a bot!</title><link rel=""styl"
2026-09-21 09:45,Video,OK,0.56,"<!doctype html><html lang=""en""><head><title>Making sure you&#39;re not a bot!</title><link rel=""styl"
2026-09-21 09:45,Search,OK,0.364,"<!doctype html><html lang=""en""><head><title>Making sure you&#39;re not a bot!</title><link rel=""styl"
2026-09-21 09:45,Channel,OK,0.355,"<!doctype html><html lang=""en""><head><title>Making sure you&#39;re not a bot!</title><link rel=""styl"
2026-09-21 09:45,Comments,OK,0.364,"<!doctype html><html lang=""en""><head><title>Making sure you&#39;re not a bot!</title><link rel=""styl"
2026-09-21 09:45,Playlist,OK,0.393,"<!doctype html><html lang=""en""><head><title>Making sure you&#39;re not a bot!</title><link rel=""styl"
2026-09-21 14:47,Video,OK,0.89,"<!doctype html><html lang=""en""><head><title>Making sure you&#39;re not a bot!</title><link rel=""styl"
2026-09-21 14:47,Search,OK,0.515,"<!doctype html><html lang=""en""><head><title>Making sure you&#39;re not a bot!</title><link rel=""styl"
2026-09-21 14:47,Channel,OK,0.481,"<!doctype html><html lang=""en""><head><title>Making sure you&#39;re not a bot!</title><link rel=""styl"
2026-09-21 14:47,Comments,OK,0.481,"<!doctype html><html lang=""en""><head><title>Making sure you&#39;re not a bot!</title><link rel=""styl"
2026-09-21 14:47,Playlist,OK,0.513,"<!doctype html><html lang=""en""><head><title>Making sure you&#39;re not a bot!</title><link rel=""styl"
2026-09-21 20:43,Video,OK,0.824,"<!doctype html><html lang=""en""><head><title>Making sure you&#39;re not a bot!</title><link rel=""styl"
2026-09-21 20:43,Search,OK,0.343,"<!doctype html><html lang=""en""><head><title>Making sure you&#39;re not a bot!</title><link rel=""styl"
2026-09-21 20:43,Channel,OK,0.387,"<!doctype html><html lang=""en""><head><title>Making sure you&#39;re not a bot!</title><link rel=""styl"
2026-09-21 20:43,Comments,OK,0.392,"<!doctype html><html lang=""en""><head><title>Making sure you&#39;re not a bot!</title><link rel=""styl"
2026-09-21 20:43,Playlist,OK,0.403,"<!doctype html><html lang=""en""><head><title>Making sure you&#39;re not a bot!</title><link rel=""styl"
2026-09-22 02:39,Video,OK,0.795,"<!doctype html><html lang=""en""><head><title>Making sure you&#39;re not a bot!</title><link rel=""styl"
2026-09-22 02:39,Search,OK,0.331,"<!doctype html><html lang=""en""><head><title>Making sure you&#39;re not a bot!</title><link rel=""styl"
2026-09-22 02:39,Channel,OK,0.337,"<!doctype html><html lang=""en""><head><title>Making sure you&#39;re not a bot!</title><link rel=""styl"
2026-09-22 02:39,Comments,OK,0.317,"<!doctype html><html lang=""en""><head><title>Making sure you&#39;re not a bot!</title><link rel=""styl"
2026-09-22 02:39,Playlist,OK,0.34,"<!doctype html><html lang=""en""><head><title>Making sure you&#39;re not a bot!</title><link rel=""styl"
2026-09-22 06:33,Video,OK,0.716,"<!doctype html><html lang=""en""><head><title>Making sure you&#39;re not a bot!</title><link rel=""styl"
2026-09-22 06:33,Search,OK,0.476,"<!doctype html><html lang=""en""><head><title>Making sure you&#39;re not a bot!</title><link rel=""styl"
2026-09-22 06:33,Channel,OK,0.483,"<!doctype html><html lang=""en""><head><title>Making sure you&#39;re not a bot!</title><link rel=""styl"
2026-09-22 06:33,Comments,OK,0.484,"<!doctype html><html lang=""en""><head><title>Making sure you&#39;re not a bot!</title><link rel=""styl"
2026-09-22 06:33,Playlist,OK,0.49,"<!doctype html><html lang=""en""><head><title>Making sure you&#39;re not a bot!</title><link rel=""styl"
2026-09-22 09:29,Video,OK,0.684,"<!doctype html><html lang=""en""><head><title>Making sure you&#39;re not a bot!</title><link rel=""styl"
2026-09-22 09:29,Search,OK,0.483,"<!doctype html><html lang=""en""><head><title>Making sure you&#39;re not a bot!</title><link rel=""styl"
2026-09-22 09:29,Channel,OK,0.481,"<!doctype html><html lang=""en""><head><title>Making sure you&#39;re not a bot!</title><link rel=""styl"
2026-09-22 09:29,Comments,OK,0.482,"<!doctype html><html lang=""en""><head><title>Making sure you&#39;re not a bot!</title><link rel=""styl"
2026-09-22 09:29,Playlist,OK,0.488,"<!doctype html><html lang=""en""><head><title>Making sure you&#39;re not a bot!</title><link rel=""styl"
2026-09-22 14:44,Video,OK,0.474,"<!doctype html><html lang=""en""><head><title>Making sure you&#39;re not a bot!</title><link rel=""styl"
2026-09-22 14:44,Search,OK,0.321,"<!doctype html><html lang=""en""><head><title>Making sure you&#39;re not a bot!</title><link rel=""styl"
2026-09-22 14:44,Channel,OK,0.353,"<!doctype html><html lang=""en""><head><title>Making sure you&#39;re not a bot!</title><link rel=""styl"
2026-09-22 14:44,Comments,OK,0.305,"<!doctype html><html lang=""en""><head><title>Making sure you&#39;re not a bot!</title><link rel=""styl"
2026-09-22 14:44,Playlist,OK,0.353,"<!doctype html><html lang=""en""><head><title>Making sure you&#39;re not a bot!</title><link rel=""styl"
2026-09-22 19:46,Video,OK,0.864,"<!doctype html><html lang=""en""><head><title>Making sure you&#39;re not a bot!</title><link rel=""styl"
2026-09-22 19:46,Search,OK,0.39,"<!doctype html><html lang=""en""><head><title>Making sure you&#39;re not a bot!</title><link rel=""styl"
2026-09-22 19:46,Channel,OK,0.368,"<!doctype html><html lang=""en""><head><title>Making sure you&#39;re not a bot!</title><link rel=""styl"
2026-09-22 19:46,Comments,OK,0.425,"<!doctype html><html lang=""en""><head><title>Making sure you&#39;re not a bot!</title><link rel=""styl"
2026-09-22 19:46,Playlist,OK,0.386,"<!doctype html><html lang=""en""><head><title>Making sure you&#39;re not a bot!</title><link rel=""styl"
2026-09-23 00:20,Video,OK,0.378,"<!doctype html><html lang=""en""><head><title>Making sure you&#39;re not a bot!</title><link rel=""styl"
2026-09-23 00:20,Search,OK,0.311,"<!doctype html><html lang=""en""><head><title>Making sure you&#39;re not a bot!</title><link rel=""styl"
2026-09-23 00:20,Channel,OK,0.314,"<!doctype html><html lang=""en""><head><title>Making sure you&#39;re not a bot!</title><link rel=""styl"
2026-09-23 00:20,Comments,OK,0.305,"<!doctype html><html lang=""en""><head><title>Making sure you&#39;re not a bot!</title><link rel=""styl"
2026-09-23 00:20,Playlist,OK,0.306,"<!doctype html><html lang=""en""><head><title>Making sure you&#39;re not a bot!</title><link rel=""styl"
2026-09-23 04:28,Video,OK,0.68,"<!doctype html><html lang=""en""><head><title>Making sure you&#39;re not a bot!</title><link rel=""styl"
2026-09-23 04:28,Search,OK,0.468,"<!doctype html><html lang=""en""><head><title>Making sure you&#39;re not a bot!</title><link rel=""styl"
2026-09-23 04:28,Channel,OK,0.447,"<!doctype html><html lang=""en""><head><title>Making sure you&#39;re not a bot!</title><link rel=""styl"
2026-09-23 04:28,Comments,OK,0.473,"<!doctype html><html lang=""en""><head><title>Making sure you&#39;re not a bot!</title><link rel=""styl"
2026-09-23 04:28,Playlist,OK,0.474,"<!doctype html><html lang=""en""><head><title>Making sure you&#39;re not a bot!</title><link rel=""styl"
2026-09-23 07:37,Video,OK,0.576,"<!doctype html><html lang=""en""><head><title>Making sure you&#39;re not a bot!</title><link rel=""styl"
2026-09-23 07:37,Search,OK,0.42,"<!doctype html><html lang=""en""><head><title>Making sure you&#39;re not a bot!</title><link rel=""styl"
2026-09-23 07:37,Channel,OK,0.424,"<!doctype html><html lang=""en""><head><title>Making sure you&#39;re not a bot!</title><link rel=""styl"
2026-09-23 07:37,Comments,OK,0.426,"<!doctype html><html lang=""en""><head><title>Making sure you&#39;re not a bot!</title><link rel=""styl"
2026-09-23 07:37,Playlist,OK,0.425,"<!doctype html><html lang=""en""><head><title>Making sure you&#39;re not a bot!</title><link rel=""styl"
2026-09-23 10:09,Video,OK,0.427,"<!doctype html><html lang=""en""><head><title>Making sure you&#39;re not a bot!</title><link rel=""styl"
2026-09-23 10:09,Search,OK,0.31,"<!doctype html><html lang=""en""><head><title>Making sure you&#39;re not a bot!</title><link rel=""styl"
2026-09-23 10:09,Channel,OK,0.312,"<!doctype html><html lang=""en""><head><title>Making sure you&#39;re not a bot!</title><link rel=""styl"
2026-09-23 10:09,Comments,OK,0.322,"<!doctype html><html lang=""en""><head><title>Making sure you&#39;re not a bot!</title><link rel=""styl"
2026-09-23 10:09,Playlist,OK,0.336,"<!doctype html><html lang=""en""><head><title>Making sure you&#39;re not a bot!</title><link rel=""styl"
2026-09-23 16:09,Video,OK,0.4,"<!doctype html><html lang=""en""><head><title>Making sure you&#39;re not a bot!</title><link rel=""styl"
2026-09-23 16:09,Search,OK,0.336,"<!doctype html><html lang=""en""><head><title>Making sure you&#39;re not a bot!</title><link rel=""styl"
2026-09-23 16:09,Channel,OK,0.312,"<!doctype html><html lang=""en""><head><title>Making sure you&#39;re not a bot!</title><link rel=""styl"
2026-09-23 16:09,Comments,OK,0.354,"<!doctype html><html lang=""en""><head><title>Making sure you&#39;re not a bot!</title><link rel=""styl"
2026-09-23 16:09,Playlist,OK,0.311,"<!doctype html><html lang=""en""><head><title>Making sure you&#39;re not a bot!</title><link rel=""styl"
2026-09-23 22:14,Video,OK,0.51,"<!doctype html><html lang=""en""><head><title>Making sure you&#39;re not a bot!</title><link rel=""styl"
2026-09-23 22:14,Search,OK,0.395,"<!doctype html><html lang=""en""><head><title>Making sure you&#39;re not a bot!</title><link rel=""styl"
2026-09-23 22:14,Channel,OK,0.347,"<!doctype html><html lang=""en""><head><title>Making sure you&#39;re not a bot!</title><link rel=""styl"
2026-09-23 22:14,Comments,OK,0.377,"<!doctype html><html lang=""en""><head><title>Making sure you&#39;re not a bot!</title><link rel=""styl"
2026-09-23 22:14,Playlist,OK,0.407,"<!doctype html><html lang=""en""><head><title>Making sure you&#39;re not a bot!</title><link rel=""styl"
2026-09-24 03:09,Video,OK,0.498,"<!doctype html><html lang=""en""><head><title>Making sure you&#39;re not a bot!</title><link rel=""styl"
2026-09-24 03:09,Search,OK,0.391,"<!doctype html><html lang=""en""><head><title>Making sure you&#39;re not a bot!</title><link rel=""styl"
2026-09-24 03:09,Channel,OK,0.447,"<!doctype html><html lang=""en""><head><title>Making sure you&#39;re not a bot!</title><link rel=""styl"
2026-09-24 03:09,Comments,OK,0.426,"<!doctype html><html lang=""en""><head><title>Making sure you&#39;re not a bot!</title><link rel=""styl"
2026-09-24 03:09,Playlist,OK,0.394,"<!doctype html><html lang=""en""><head><title>Making sure you&#39;re not a bot!</title><link rel=""styl"
2026-09-24 06:57,Video,OK,0.438,"<!doctype html><html lang=""en""><head><title>Making sure you&#39;re not a bot!</title><link rel=""styl"
2026-09-24 06:57,Search,OK,0.323,"<!doctype html><html lang=""en""><head><title>Making sure you&#39;re not a bot!</title><link rel=""styl"
2026-09-24 06:57,Channel,OK,0.346,"<!doctype html><html lang=""en""><head><title>Making sure you&#39;re not a bot!</title><link rel=""styl"
2026-09-24 06:57,Comments,OK,0.325,"<!doctype html><html lang=""en""><head><title>Making sure you&#39;re not a bot!</title><link rel=""styl"
2026-09-24 06:57,Playlist,OK,0.317,"<!doctype html><html lang=""en""><head><title>Making sure you&#39;re not a bot!</title><link rel=""styl"
2026-09-24 09:14,Video,OK,0.403,"<!doctype html><html lang=""en""><head><title>Making sure you&#39;re not a bot!</title><link rel=""styl"
2026-09-24 09:14,Search,OK,0.299,"<!doctype html><html lang=""en""><head><title>Making sure you&#39;re not a bot!</title><link rel=""styl"
2026-09-24 09:14,Channel,OK,0.306,"<!doctype html><html lang=""en""><head><title>Making sure you&#39;re not a bot!</title><link rel=""styl"
2026-09-24 09:14,Comments,OK,0.3,"<!doctype html><html lang=""en""><head><title>Making sure you&#39;re not a bot!</title><link rel=""styl"
2026-09-24 09:14,Playlist,OK,0.301,"<!doctype html><html lang=""en""><head><title>Making sure you&#39;re not a bot!</title><link rel=""styl"
2026-09-24 14:45,Video,OK,0.755,"<!doctype html><html lang=""en""><head><title>Making sure you&#39;re not a bot!</title><link rel=""styl"
2026-09-24 14:45,Search,OK,0.483,"<!doctype html><html lang=""en""><head><title>Making sure you&#39;re not a bot!</title><link rel=""styl"
2026-09-24 14:45,Channel,OK,0.499,"<!doctype html><html lang=""en""><head><title>Making sure you&#39;re not a bot!</title><link rel=""styl"
2026-09-24 14:45,Comments,OK,0.482,"<!doctype html><html lang=""en""><head><title>Making sure you&#39;re not a bot!</title><link rel=""styl"
2026-09-24 14:45,Playlist,OK,0.489,"<!doctype html><html lang=""en""><head><title>Making sure you&#39;re not a bot!</title><link rel=""styl"
2026-09-24 19:56,Video,OK,0.575,"<!doctype html><html lang=""en""><head><title>Making sure you&#39;re not a bot!</title><link rel=""styl"
2026-09-24 19:56,Search,OK,0.432,"<!doctype html><html lang=""en""><head><title>Making sure you&#39;re not a bot!</title><link rel=""styl"
2026-09-24 19:56,Channel,OK,0.446,"<!doctype html><html lang=""en""><head><title>Making sure you&#39;re not a bot!</title><link rel=""styl"
2026-09-24 19:56,Comments,OK,0.455,"<!doctype html><html lang=""en""><head><title>Making sure you&#39;re not a bot!</title><link rel=""styl"
2026-09-24 19:56,Playlist,OK,0.424,"<!doctype html><html lang=""en""><head><title>Making sure you&#39;re not a bot!</title><link rel=""styl"
2026-09-25 00:41,Video,OK,0.635,"<!doctype html><html lang=""en""><head><title>Making sure you&#39;re not a bot!</title><link rel=""styl"
2026-09-25 00:41,Search,OK,0.42,"<!doctype html><html lang=""en""><head><title>Making sure you&#39;re not a bot!</title><link rel=""styl"
2026-09-25 00:41,Channel,OK,0.381,"<!doctype html><html lang=""en""><head><title>Making sure you&#39;re not a bot!</title><link rel=""styl"
2026-09-25 00:41,Comments,OK,0.373,"<!doctype html><html lang=""en""><head><title>Making sure you&#39;re not a bot!</title><link rel=""styl"
2026-09-25 00:41,Playlist,OK,0.366,"<!doctype html><html lang=""en""><head><title>Making sure you&#39;re not a bot!</title><link rel=""styl"
2026-09-25 04:42,Video,OK,1.055,"<!doctype html><html lang=""en""><head><title>Making sure you&#39;re not a bot!</title><link rel=""styl"
2026-09-25 04:42,Search,OK,0.306,"<!doctype html><html lang=""en""><head><title>Making sure you&#39;re not a bot!</title><link rel=""styl"
2026-09-25 04:42,Channel,OK,0.328,"<!doctype html><html lang=""en""><head><title>Making sure you&#39;re not a bot!</title><link rel=""styl"
2026-09-25 04:42,Comments,OK,0.305,"<!doctype html><html lang=""en""><head><title>Making sure you&#39;re not a bot!</title><link rel=""styl"
2026-09-25 04:42,Playlist,OK,0.327,"<!doctype html><html lang=""en""><head><title>Making sure you&#39;re not a bot!</title><link rel=""styl"
2026-09-25 07:55,Video,OK,0.703,"<!doctype html><html lang=""en""><head><title>Making sure you&#39;re not a bot!</title><link rel=""styl"
2026-09-25 07:55,Search,OK,0.506,"<!doctype html><html lang=""en""><head><title>Making sure you&#39;re not a bot!</title><link rel=""styl"
2026-09-25 07:55,Channel,OK,0.486,"<!doctype html><html lang=""en""><head><title>Making sure you&#39;re not a bot!</title><link rel=""styl"
2026-09-25 07:55,Comments,OK,0.507,"<!doctype html><html lang=""en""><head><title>Making sure you&#39;re not a bot!</title><link rel=""styl"
2026-09-25 07:55,Playlist,OK,0.506,"<!doctype html><html lang=""en""><head><title>Making sure you&#39;re not a bot!</title><link rel=""styl"
2026-09-25 10:06,Video,OK,0.723,"<!doctype html><html lang=""en""><head><title>Making sure you&#39;re not a bot!</title><link rel=""styl"
2026-09-25 10:06,Search,OK,0.349,"<!doctype html><html lang=""en""><head><title>Making sure you&#39;re not a bot!</title><link rel=""styl"
2026-09-25 10:06,Channel,OK,0.377,"<!doctype html><html lang=""en""><head><title>Making sure you&#39;re not a bot!</title><link rel=""styl"
2026-09-25 10:06,Comments,OK,0.346,"<!doctype html><html lang=""en""><head><title>Making sure you&#39;re not a bot!</title><link rel=""styl"
2026-09-25 10:06,Playlist,OK,0.39,"<!doctype html><html lang=""en""><head><title>Making sure you&#39;re not a bot!</title><link rel=""styl"
2026-09-25 15:59,Video,OK,0.978,"<!doctype html><html lang=""en""><head><title>Making sure you&#39;re not a bot!</title><link rel=""styl"
2026-09-25 15:59,Search,OK,0.503,"<!doctype html><html lang=""en""><head><title>Making sure you&#39;re not a bot!</title><link rel=""styl"
2026-09-25 15:59,Channel,OK,0.485,"<!doctype html><html lang=""en""><head><title>Making sure you&#39;re not a bot!</title><link rel=""styl"
2026-09-25 15:59,Comments,OK,0.492,"<!doctype html><html lang=""en""><head><title>Making sure you&#39;re not a bot!</title><link rel=""styl"
2026-09-25 15:59,Playlist,OK,0.496,"<!doctype html><html lang=""en""><head><title>Making sure you&#39;re not a bot!</title><link rel=""styl"
2026-09-25 21:39,Video,OK,0.771,"<!doctype html><html lang=""en""><head><title>Making sure you&#39;re not a bot!</title><link rel=""styl"
2026-09-25 21:39,Search,OK,0.354,"<!doctype html><html lang=""en""><head><title>Making sure you&#39;re not a bot!</title><link rel=""styl"
2026-09-25 21:39,Channel,OK,0.361,"<!doctype html><html lang=""en""><head><title>Making sure you&#39;re not a bot!</title><link rel=""styl"
2026-09-25 21:39,Comments,OK,0.365,"<!doctype html><html lang=""en""><head><title>Making sure you&#39;re not a bot!</title><link rel=""styl"
2026-09-25 21:39,Playlist,OK,0.355,"<!doctype html><html lang=""en""><head><title>Making sure you&#39;re not a bot!</title><link rel=""styl"
2026-09-26 02:43,Video,OK,0.58,"<!doctype html><html lang=""en""><head><title>Making sure you&#39;re not a bot!</title><link rel=""styl"
2026-09-26 02:43,Search,OK,0.453,"<!doctype html><html lang=""en""><head><title>Making sure you&#39;re not a bot!</title><link rel=""styl"
2026-09-26 02:43,Channel,OK,0.442,"<!doctype html><html lang=""en""><head><title>Making sure you&#39;re not a bot!</title><link rel=""styl"
2026-09-26 02:43,Comments,OK,0.425,"<!doctype html><html lang=""en""><head><title>Making sure you&#39;re not a bot!</title><link rel=""styl"
2026-09-26 02:43,Playlist,OK,0.424,"<!doctype html><html lang=""en""><head><title>Making sure you&#39;re not a bot!</title><link rel=""styl"
2026-09-26 05:59,Video,OK,0.626,"<!doctype html><html lang=""en""><head><title>Making sure you&#39;re not a bot!</title><link rel=""styl"
2026-09-26 05:59,Search,OK,0.34,"<!doctype html><html lang=""en""><head><title>Making sure you&#39;re not a bot!</title><link rel=""styl"
2026-09-26 05:59,Channel,OK,0.344,"<!doctype html><html lang=""en""><head><title>Making sure you&#39;re not a bot!</title><link rel=""styl"
2026-09-26 05:59,Comments,OK,0.317,"<!doctype html><html lang=""en""><head><title>Making sure you&#39;re not a bot!</title><link rel=""styl"
2026-09-26 05:59,Playlist,OK,0.343,"<!doctype html><html lang=""en""><head><title>Making sure you&#39;re not a bot!</title><link rel=""styl"
2026-09-26 08:53,Video,OK,0.775,"<!doctype html><html lang=""en""><head><title>Making sure you&#39;re not a bot!</title><link rel=""styl"
2026-09-26 08:53,Search,OK,0.38,"<!doctype html><html lang=""en""><head><title>Making sure you&#39;re not a bot!</title><link rel=""styl"
2026-09-26 08:53,Channel,OK,0.384,"<!doctype html><html lang=""en""><head><title>Making sure you&#39;re not a bot!</title><link rel=""styl"
2026-09-26 08:53,Comments,OK,0.375,"<!doctype html><html lang=""en""><head><title>Making sure you&#39;re not a bot!</title><link rel=""styl"
2026-09-26 08:53,Playlist,OK,0.374,"<!doctype html><html lang=""en""><head><title>Making sure you&#39;re not a bot!</title><link rel=""styl"
2026-09-26 12:02,Video,OK,0.576,"<!doctype html><html lang=""en""><head><title>Making sure you&#39;re not a bot!</title><link rel=""styl"
2026-09-26 12:02,Search,OK,0.439,"<!doctype html><html lang=""en""><head><title>Making sure you&#39;re not a bot!</title><link rel=""styl"
2026-09-26 12:02,Channel,OK,0.435,"<!doctype html><html lang=""en""><head><title>Making sure you&#39;re not a bot!</title><link rel=""styl"
2026-09-26 12:02,Comments,OK,0.419,"<!doctype html><html lang=""en""><head><title>Making sure you&#39;re not a bot!</title><link rel=""styl"
2026-09-26 12:02,Playlist,OK,0.417,"<!doctype html><html lang=""en""><head><title>Making sure you&#39;re not a bot!</title><link rel=""styl"
2026-09-26 17:59,Video,OK,0.681,"<!doctype html><html lang=""en""><head><title>Making sure you&#39;re not a bot!</title><link rel=""styl"
2026-09-26 17:59,Search,OK,0.467,"<!doctype html><html lang=""en""><head><title>Making sure you&#39;re not a bot!</title><link rel=""styl"
2026-09-26 17:59,Channel,OK,0.48,"<!doctype html><html lang=""en""><head><title>Making sure you&#39;re not a bot!</title><link rel=""styl"
2026-09-26 17:59,Comments,OK,0.527,"<!doctype html><html lang=""en""><head><title>Making sure you&#39;re not a bot!</title><link rel=""styl"
2026-09-26 17:59,Playlist,OK,0.476,"<!doctype html><html lang=""en""><head><title>Making sure you&#39;re not a bot!</title><link rel=""styl"
2026-09-26 22:40,Video,OK,0.59,"<!doctype html><html lang=""en""><head><title>Making sure you&#39;re not a bot!</title><link rel=""styl"
2026-09-26 22:40,Search,OK,0.413,"<!doctype html><html lang=""en""><head><title>Making sure you&#39;re not a bot!</title><link rel=""styl"
2026-09-26 22:40,Channel,OK,0.425,"<!doctype html><html lang=""en""><head><title>Making sure you&#39;re not a bot!</title><link rel=""styl"
2026-09-26 22:40,Comments,OK,0.426,"<!doctype html><html lang=""en""><head><title>Making sure you&#39;re not a bot!</title><link rel=""styl"
2026-09-26 22:40,Playlist,OK,0.417,"<!doctype html><html lang=""en""><head><title>Making sure you&#39;re not a bot!</title><link rel=""styl"
2026-09-27 02:33,Video,OK,0.511,"<!doctype html><html lang=""en""><head><title>Making sure you&#39;re not a bot!</title><link rel=""styl"
2026-09-27 02:33,Search,OK,0.342,"<!doctype html><html lang=""en""><head><title>Making sure you&#39;re not a bot!</title><link rel=""styl"
2026-09-27 02:33,Channel,OK,0.341,"<!doctype html><html lang=""en""><head><title>Making sure you&#39;re not a bot!</title><link rel=""styl"
2026-09-27 02:33,Comments,OK,0.4,"<!doctype html><html lang=""en""><head><title>Making sure you&#39;re not a bot!</title><link rel=""styl"
2026-09-27 02:33,Playlist,OK,0.399,"<!doctype html><html lang=""en""><head><title>Making sure you&#39;re not a bot!</title><link rel=""styl"
2026-09-27 05:31,Video,OK,0.545,"<!doctype html><html lang=""en""><head><title>Making sure you&#39;re not a bot!</title><link rel=""styl"
2026-09-27 05:31,Search,OK,0.407,"<!doctype html><html lang=""en""><head><title>Making sure you&#39;re not a bot!</title><link rel=""styl"
2026-09-27 05:31,Channel,OK,0.416,"<!doctype html><html lang=""en""><head><title>Making sure you&#39;re not a bot!</title><link rel=""styl"
2026-09-27 05:31,Comments,OK,0.377,"<!doctype html><html lang=""en""><head><title>Making sure you&#39;re not a bot!</title><link rel=""styl"
2026-09-27 05:31,Playlist,OK,0.349,"<!doctype html><html lang=""en""><head><title>Making sure you&#39;re not a bot!</title><link rel=""styl"
2026-09-27 08:19,Video,OK,0.721,"<!doctype html><html lang=""en""><head><title>Making sure you&#39;re not a bot!</title><link rel=""styl"
2026-09-27 08:19,Search,OK,0.483,"<!doctype html><html lang=""en""><head><title>Making sure you&#39;re not a bot!</title><link rel=""styl"
2026-09-27 08:19,Channel,OK,0.476,"<!doctype html><html lang=""en""><head><title>Making sure you&#39;re not a bot!</title><link rel=""styl"
2026-09-27 08:19,Comments,OK,0.487,"<!doctype html><html lang=""en""><head><title>Making sure you&#39;re not a bot!</title><link rel=""styl"
2026-09-27 08:19,Playlist,OK,0.482,"<!doctype html><html lang=""en""><head><title>Making sure you&#39;re not a bot!</title><link rel=""styl"
2026-09-27 12:07,Video,OK,0.409,"<!doctype html><html lang=""en""><head><title>Making sure you&#39;re not a bot!</title><link rel=""styl"
2026-09-27 12:07,Search,OK,0.315,"<!doctype html><html lang=""en""><head><title>Making sure you&#39;re not a bot!</title><link rel=""styl"
2026-09-27 12:07,Channel,OK,0.332,"<!doctype html><html lang=""en""><head><title>Making sure you&#39;re not a bot!</title><link rel=""styl"
2026-09-27 12:07,Comments,OK,0.323,"<!doctype html><html lang=""en""><head><title>Making sure you&#39;re not a bot!</title><link rel=""styl"
2026-09-27 12:07,Playlist,OK,0.316,"<!doctype html><html lang=""en""><head><title>Making sure you&#39;re not a bot!</title><link rel=""styl"
2026-09-27 18:43,Video,OK,1.27,"<!doctype html><html lang=""en""><head><title>Making sure you&#39;re not a bot!</title><link rel=""styl"
2026-09-27 18:43,Search,OK,0.493,"<!doctype html><html lang=""en""><head><title>Making sure you&#39;re not a bot!</title><link rel=""styl"
2026-09-27 18:43,Channel,OK,0.485,"<!doctype html><html lang=""en""><head><title>Making sure you&#39;re not a bot!</title><link rel=""styl"
2026-09-27 18:43,Comments,OK,0.491,"<!doctype html><html lang=""en""><head><title>Making sure you&#39;re not a bot!</title><link rel=""styl"
2026-09-27 18:43,Playlist,OK,0.5,"<!doctype html><html lang=""en""><head><title>Making sure you&#39;re not a bot!</title><link rel=""styl"
2026-09-27 23:56,Video,OK,0.493,"<!doctype html><html lang=""en""><head><title>Making sure you&#39;re not a bot!</title><link rel=""styl"
2026-09-27 23:56,Search,OK,0.316,"<!doctype html><html lang=""en""><head><title>Making sure you&#39;re not a bot!</title><link rel=""styl"
2026-09-27 23:56,Channel,OK,0.338,"<!doctype html><html lang=""en""><head><title>Making sure you&#39;re not a bot!</title><link rel=""styl"
2026-09-27 23:56,Comments,OK,0.324,"<!doctype html><html lang=""en""><head><title>Making sure you&#39;re not a bot!</title><link rel=""styl"
2026-09-27 23:56,Playlist,OK,0.326,"<!doctype html><html lang=""en""><head><title>Making sure you&#39;re not a bot!</title><link rel=""styl"
2026-09-28 03:52,Video,OK,0.849,"<!doctype html><html lang=""en""><head><title>Making sure you&#39;re not a bot!</title><link rel=""styl"
2026-09-28 03:52,Search,OK,0.366,"<!doctype html><html lang=""en""><head><title>Making sure you&#39;re not a bot!</title><link rel=""styl"
2026-09-28 03:52,Channel,OK,0.42,"<!doctype html><html lang=""en""><head><title>Making sure you&#39;re not a bot!</title><link rel=""styl"
2026-09-28 03:52,Comments,OK,0.382,"<!doctype html><html lang=""en""><head><title>Making sure you&#39;re not a bot!</title><link rel=""styl"
2026-09-28 03:52,Playlist,OK,0.415,"<!doctype html><html lang=""en""><head><title>Making sure you&#39;re not a bot!</title><link rel=""styl"
2026-09-28 06:48,Video,OK,1.251,"<!doctype html><html lang=""en""><head><title>Making sure you&#39;re not a bot!</title><link rel=""styl"
2026-09-28 06:48,Search,OK,0.485,"<!doctype html><html lang=""en""><head><title>Making sure you&#39;re not a bot!</title><link rel=""styl"
2026-09-28 06:48,Channel,OK,0.477,"<!doctype html><html lang=""en""><head><title>Making sure you&#39;re not a bot!</title><link rel=""styl"
2026-09-28 06:48,Comments,OK,0.485,"<!doctype html><html lang=""en""><head><title>Making sure you&#39;re not a bot!</title><link rel=""styl"
2026-09-28 06:48,Playlist,OK,0.493,"<!doctype html><html lang=""en""><head><title>Making sure you&#39;re not a bot!</title><link rel=""styl"
2026-09-28 09:14,Video,OK,0.744,"<!doctype html><html lang=""en""><head><title>Making sure you&#39;re not a bot!</title><link rel=""styl"
2026-09-28 09:14,Search,OK,0.301,"<!doctype html><html lang=""en""><head><title>Making sure you&#39;re not a bot!</title><link rel=""styl"
2026-09-28 09:14,Channel,OK,0.308,"<!doctype html><html lang=""en""><head><title>Making sure you&#39;re not a bot!</title><link rel=""styl"
2026-09-28 09:14,Comments,OK,0.308,"<!doctype html><html lang=""en""><head><title>Making sure you&#39;re not a bot!</title><link rel=""styl"
2026-09-28 09:14,Playlist,OK,0.307,"<!doctype html><html lang=""en""><head><title>Making sure you&#39;re not a bot!</title><link rel=""styl"
2026-09-28 15:14,Video,OK,0.829,"<!doctype html><html lang=""en""><head><title>Making sure you&#39;re not a bot!</title><link rel=""styl"
2026-09-28 15:14,Search,OK,0.363,"<!doctype html><html lang=""en""><head><title>Making sure you&#39;re not a bot!</title><link rel=""styl"
2026-09-28 15:14,Channel,OK,0.426,"<!doctype html><html lang=""en""><head><title>Making sure you&#39;re not a bot!</title><link rel=""styl"
2026-09-28 15:14,Comments,OK,0.361,"<!doctype html><html lang=""en""><head><title>Making sure you&#39;re not a bot!</title><link rel=""styl"
2026-09-28 15:14,Playlist,OK,0.41,"<!doctype html><html lang=""en""><head><title>Making sure you&#39;re not a bot!</title><link rel=""styl"
2026-09-28 23:51,Video,OK,0.77,"<!doctype html><html lang=""en""><head><title>Making sure you&#39;re not a bot!</title><link rel=""styl"
2026-09-28 23:51,Search,OK,0.483,"<!doctype html><html lang=""en""><head><title>Making sure you&#39;re not a bot!</title><link rel=""styl"
2026-09-28 23:51,Channel,OK,0.508,"<!doctype html><html lang=""en""><head><title>Making sure you&#39;re not a bot!</title><link rel=""styl"
2026-09-28 23:51,Comments,OK,0.478,"<!doctype html><html lang=""en""><head><title>Making sure you&#39;re not a bot!</title><link rel=""styl"
2026-09-28 23:51,Playlist,OK,0.495,"<!doctype html><html lang=""en""><head><title>Making sure you&#39;re not a bot!</title><link rel=""styl"
2026-09-29 06:00,Video,OK,1.032,"<!doctype html><html lang=""en""><head><title>Making sure you&#39;re not a bot!</title><link rel=""styl"
2026-09-29 06:00,Search,OK,0.348,"<!doctype html><html lang=""en""><head><title>Making sure you&#39;re not a bot!</title><link rel=""styl"
2026-09-29 06:00,Channel,OK,0.371,"<!doctype html><html lang=""en""><head><title>Making sure you&#39;re not a bot!</title><link rel=""styl"
2026-09-29 06:00,Comments,OK,0.36,"<!doctype html><html lang=""en""><head><title>Making sure you&#39;re not a bot!</title><link rel=""styl"
2026-09-29 06:00,Playlist,OK,0.348,"<!doctype html><html lang=""en""><head><title>Making sure you&#39;re not a bot!</title><link rel=""styl"
2026-09-29 09:55,Video,OK,0.952,"<!doctype html><html lang=""en""><head><title>Making sure you&#39;re not a bot!</title><link rel=""styl"
2026-09-29 09:55,Search,OK,0.476,"<!doctype html><html lang=""en""><head><title>Making sure you&#39;re not a bot!</title><link rel=""styl"
2026-09-29 09:55,Channel,OK,0.49,"<!doctype html><html lang=""en""><head><title>Making sure you&#39;re not a bot!</title><link rel=""styl"
2026-09-29 09:55,Comments,OK,0.474,"<!doctype html><html lang=""en""><head><title>Making sure you&#39;re not a bot!</title><link rel=""styl"
2026-09-29 09:55,Playlist,OK,0.472,"<!doctype html><html lang=""en""><head><title>Making sure you&#39;re not a bot!</title><link rel=""styl"
2026-09-29 15:31,Video,OK,0.668,"<!doctype html><html lang=""en""><head><title>Making sure you&#39;re not a bot!</title><link rel=""styl"
2026-09-29 15:31,Search,OK,0.458,"<!doctype html><html lang=""en""><head><title>Making sure you&#39;re not a bot!</title><link rel=""styl"
2026-09-29 15:31,Channel,OK,0.443,"<!doctype html><html lang=""en""><head><title>Making sure you&#39;re not a bot!</title><link rel=""styl"
2026-09-29 15:31,Comments,OK,0.453,"<!doctype html><html lang=""en""><head><title>Making sure you&#39;re not a bot!</title><link rel=""styl"
2026-09-29 15:31,Playlist,OK,0.457,"<!doctype html><html lang=""en""><head><title>Making sure you&#39;re not a bot!</title><link rel=""styl"
2026-09-29 22:40,Video,OK,0.522,"<!doctype html><html lang=""en""><head><title>Making sure you&#39;re not a bot!</title><link rel=""styl"
2026-09-29 22:40,Search,OK,0.361,"<!doctype html><html lang=""en""><head><title>Making sure you&#39;re not a bot!</title><link rel=""styl"
2026-09-29 22:40,Channel,OK,0.378,"<!doctype html><html lang=""en""><head><title>Making sure you&#39;re not a bot!</title><link rel=""styl"
2026-09-29 22:40,Comments,OK,0.368,"<!doctype html><html lang=""en""><head><title>Making sure you&#39;re not a bot!</title><link rel=""styl"
2026-09-29 22:40,Playlist,OK,0.369,"<!doctype html><html lang=""en""><head><title>Making sure you&#39;re not a bot!</title><link rel=""styl"
2026-09-30 04:04,Video,OK,0.669,"<!doctype html><html lang=""en""><head><title>Making sure you&#39;re not a bot!</title><link rel=""styl"
2026-09-30 04:04,Search,OK,0.492,"<!doctype html><html lang=""en""><head><title>Making sure you&#39;re not a bot!</title><link rel=""styl"
2026-09-30 04:04,Channel,OK,0.451,"<!doctype html><html lang=""en""><head><title>Making sure you&#39;re not a bot!</title><link rel=""styl"
2026-09-30 04:04,Comments,OK,0.467,"<!doctype html><html lang=""en""><head><title>Making sure you&#39;re not a bot!</title><link rel=""styl"
2026-09-30 04:04,Playlist,OK,0.462,"<!doctype html><html lang=""en""><head><title>Making sure you&#39;re not a bot!</title><link rel=""styl"
2026-09-30 08:21,Video,OK,0.377,"<!doctype html><html lang=""en""><head><title>Making sure you&#39;re not a bot!</title><link rel=""styl"
2026-09-30 08:21,Search,OK,0.321,"<!doctype html><html lang=""en""><head><title>Making sure you&#39;re not a bot!</title><link rel=""styl"
2026-09-30 08:21,Channel,OK,0.31,"<!doctype html><html lang=""en""><head><title>Making sure you&#39;re not a bot!</title><link rel=""styl"
2026-09-30 08:21,Comments,OK,0.32,"<!doctype html><html lang=""en""><head><title>Making sure you&#39;re not a bot!</title><link rel=""styl"
2026-09-30 08:21,Playlist,OK,0.344,"<!doctype html><html lang=""en""><head><title>Making sure you&#39;re not a bot!</title><link rel=""styl"
2026-09-30 12:32,Video,OK,0.473,"<!doctype html><html lang=""en""><head><title>Making sure you&#39;re not a bot!</title><link rel=""styl"
2026-09-30 12:32,Search,OK,0.304,"<!doctype html><html lang=""en""><head><title>Making sure you&#39;re not a bot!</title><link rel=""styl"
2026-09-30 12:32,Channel,OK,0.315,"<!doctype html><html lang=""en""><head><title>Making sure you&#39;re not a bot!</title><link rel=""styl"
2026-09-30 12:32,Comments,OK,0.31,"<!doctype html><html lang=""en""><head><title>Making sure you&#39;re not a bot!</title><link rel=""styl"
2026-09-30 12:32,Playlist,OK,0.314,"<!doctype html><html lang=""en""><head><title>Making sure you&#39;re not a bot!</title><link rel=""styl"
2026-09-30 19:12,Video,OK,0.578,"<!doctype html><html lang=""en""><head><title>Making sure you&#39;re not a bot!</title><link rel=""styl"
2026-09-30 19:12,Search,OK,0.416,"<!doctype html><html lang=""en""><head><title>Making sure you&#39;re not a bot!</title><link rel=""styl"
2026-09-30 19:12,Channel,OK,0.368,"<!doctype html><html lang=""en""><head><title>Making sure you&#39;re not a bot!</title><link rel=""styl"
2026-09-30 19:12,Comments,OK,0.38,"<!doctype html><html lang=""en""><head><title>Making sure you&#39;re not a bot!</title><link rel=""styl"
2026-09-30 19:12,Playlist,OK,0.38,"<!doctype html><html lang=""en""><head><title>Making sure you&#39;re not a bot!</title><link rel=""styl"
2026-10-01 01:37,Video,OK,0.714,"<!doctype html><html lang=""en""><head><title>Making sure you&#39;re not a bot!</title><link rel=""styl"
2026-10-01 01:37,Search,OK,0.449,"<!doctype html><html lang=""en""><head><title>Making sure you&#39;re not a bot!</title><link rel=""styl"
2026-10-01 01:37,Channel,OK,0.477,"<!doctype html><html lang=""en""><head><title>Making sure you&#39;re not a bot!</title><link rel=""styl"
2026-10-01 01:37,Comments,OK,0.469,"<!doctype html><html lang=""en""><head><title>Making sure you&#39;re not a bot!</title><link rel=""styl"
2026-10-01 01:37,Playlist,OK,0.477,"<!doctype html><html lang=""en""><head><title>Making sure you&#39;re not a bot!</title><link rel=""styl"
2026-10-01 06:09,Video,OK,0.575,"<!doctype html><html lang=""en""><head><title>Making sure you&#39;re not a bot!</title><link rel=""styl"
2026-10-01 06:09,Search,OK,0.442,"<!doctype html><html lang=""en""><head><title>Making sure you&#39;re not a bot!</title><link rel=""styl"
2026-10-01 06:09,Channel,OK,0.426,"<!doctype html><html lang=""en""><head><title>Making sure you&#39;re not a bot!</title><link rel=""styl"
2026-10-01 06:09,Comments,OK,0.433,"<!doctype html><html lang=""en""><head><title>Making sure you&#39;re not a bot!</title><link rel=""styl"
2026-10-01 06:09,Playlist,OK,0.417,"<!doctype html><html lang=""en""><head><title>Making sure you&#39;re not a bot!</title><link rel=""styl"
2026-10-01 10:00,Video,OK,0.48,"<!doctype html><html lang=""en""><head><title>Making sure you&#39;re not a bot!</title><link rel=""styl"
2026-10-01 10:00,Search,OK,0.449,"<!doctype html><html lang=""en""><head><title>Making sure you&#39;re not a bot!</title><link rel=""styl"
2026-10-01 10:00,Channel,OK,0.4,"<!doctype html><html lang=""en""><head><title>Making sure you&#39;re not a bot!</title><link rel=""styl"
2026-10-01 10:00,Comments,OK,0.435,"<!doctype html><html lang=""en""><head><title>Making sure you&#39;re not a bot!</title><link rel=""styl"
2026-10-01 10:00,Playlist,OK,0.439,"<!doctype html><html lang=""en""><head><title>Making sure you&#39;re not a bot!</title><link rel=""styl"
2026-10-01 16:06,Video,OK,0.711,"<!doctype html><html lang=""en""><head><title>Making sure you&#39;re not a bot!</title><link rel=""styl"
2026-10-01 16:06,Search,OK,0.483,"<!doctype html><html lang=""en""><head><title>Making sure you&#39;re not a bot!</title><link rel=""styl"
2026-10-01 16:06,Channel,OK,0.505,"<!doctype html><html lang=""en""><head><title>Making sure you&#39;re not a bot!</title><link rel=""styl"
2026-10-01 16:06,Comments,OK,0.495,"<!doctype html><html lang=""en""><head><title>Making sure you&#39;re not a bot!</title><link rel=""styl"
2026-10-01 16:06,Playlist,OK,0.481,"<!doctype html><html lang=""en""><head><title>Making sure you&#39;re not a bot!</title><link rel=""styl"
2026-10-02 00:00,Video,OK,0.603,"<!doctype html><html lang=""en""><head><title>Making sure you&#39;re not a bot!</title><link rel=""styl"
2026-10-02 00:00,Search,OK,0.332,"<!doctype html><html lang=""en""><head><title>Making sure you&#39;re not a bot!</title><link rel=""styl"
2026-10-02 00:00,Channel,OK,0.331,"<!doctype html><html lang=""en""><head><title>Making sure you&#39;re not a bot!</title><link rel=""styl"
2026-10-02 00:00,Comments,OK,0.34,"<!doctype html><html lang=""en""><head><title>Making sure you&#39;re not a bot!</title><link rel=""styl"
2026-10-02 00:00,Playlist,OK,0.323,"<!doctype html><html lang=""en""><head><title>Making sure you&#39;re not a bot!</title><link rel=""styl"
2026-10-02 05:16,Video,OK,0.493,"<!doctype html><html lang=""en""><head><title>Making sure you&#39;re not a bot!</title><link rel=""styl"
2026-10-02 05:16,Search,OK,0.337,"<!doctype html><html lang=""en""><head><title>Making sure you&#39;re not a bot!</title><link rel=""styl"
2026-10-02 05:16,Channel,OK,0.337,"<!doctype html><html lang=""en""><head><title>Making sure you&#39;re not a bot!</title><link rel=""styl"
2026-10-02 05:16,Comments,OK,0.307,"<!doctype html><html lang=""en""><head><title>Making sure you&#39;re not a bot!</title><link rel=""styl"
2026-10-02 05:16,Playlist,OK,0.312,"<!doctype html><html lang=""en""><head><title>Making sure you&#39;re not a bot!</title><link rel=""styl"
2026-10-02 09:25,Video,OK,0.562,"<!doctype html><html lang=""en""><head><title>Making sure you&#39;re not a bot!</title><link rel=""styl"
2026-10-02 09:25,Search,OK,0.43,"<!doctype html><html lang=""en""><head><title>Making sure you&#39;re not a bot!</title><link rel=""styl"
2026-10-02 09:25,Channel,OK,0.398,"<!doctype html><html lang=""en""><head><title>Making sure you&#39;re not a bot!</title><link rel=""styl"
2026-10-02 09:25,Comments,OK,0.392,"<!doctype html><html lang=""en""><head><title>Making sure you&#39;re not a bot!</title><link rel=""styl"
2026-10-02 09:25,Playlist,OK,0.359,"<!doctype html><html lang=""en""><head><title>Making sure you&#39;re not a bot!</title><link rel=""styl"
2026-10-02 15:33,Video,OK,0.523,"<!doctype html><html lang=""en""><head><title>Making sure you&#39;re not a bot!</title><link rel=""styl"
2026-10-02 15:33,Search,OK,0.348,"<!doctype html><html lang=""en""><head><title>Making sure you&#39;re not a bot!</title><link rel=""styl"
2026-10-02 15:33,Channel,OK,0.348,"<!doctype html><html lang=""en""><head><title>Making sure you&#39;re not a bot!</title><link rel=""styl"
2026-10-02 15:33,Comments,OK,0.373,"<!doctype html><html lang=""en""><head><title>Making sure you&#39;re not a bot!</title><link rel=""styl"
2026-10-02 15:33,Playlist,OK,0.344,"<!doctype html><html lang=""en""><head><title>Making sure you&#39;re not a bot!</title><link rel=""styl"
2026-10-02 22:27,Video,OK,0.691,"<!doctype html><html lang=""en""><head><title>Making sure you&#39;re not a bot!</title><link rel=""styl"
2026-10-02 22:27,Search,OK,0.454,"<!doctype html><html lang=""en""><head><title>Making sure you&#39;re not a bot!</title><link rel=""styl"
2026-10-02 22:27,Channel,OK,0.445,"<!doctype html><html lang=""en""><head><title>Making sure you&#39;re not a bot!</title><link rel=""styl"
2026-10-02 22:27,Comments,OK,0.459,"<!doctype html><html lang=""en""><head><title>Making sure you&#39;re not a bot!</title><link rel=""styl"
2026-10-02 22:27,Playlist,OK,0.448,"<!doctype html><html lang=""en""><head><title>Making sure you&#39;re not a bot!</title><link rel=""styl"
2026-10-03 03:52,Video,OK,0.558,"<!doctype html><html lang=""en""><head><title>Making sure you&#39;re not a bot!</title><link rel=""styl"
2026-10-03 03:52,Search,OK,0.386,"<!doctype html><html lang=""en""><head><title>Making sure you&#39;re not a bot!</title><link rel=""styl"
2026-10-03 03:52,Channel,OK,0.405,"<!doctype html><html lang=""en""><head><title>Making sure you&#39;re not a bot!</title><link rel=""styl"
2026-10-03 03:52,Comments,OK,0.371,"<!doctype html><html lang=""en""><head><title>Making sure you&#39;re not a bot!</title><link rel=""styl"
2026-10-03 03:52,Playlist,OK,0.377,"<!doctype html><html lang=""en""><head><title>Making sure you&#39;re not a bot!</title><link rel=""styl"
2026-10-03 07:45,Video,OK,0.437,"<!doctype html><html lang=""en""><head><title>Making sure you&#39;re not a bot!</title><link rel=""styl"
2026-10-03 07:45,Search,OK,0.416,"<!doctype html><html lang=""en""><head><title>Making sure you&#39;re not a bot!</title><link rel=""styl"
2026-10-03 07:45,Channel,OK,0.393,"<!doctype html><html lang=""en""><head><title>Making sure you&#39;re not a bot!</title><link rel=""styl"
2026-10-03 07:45,Comments,OK,0.355,"<!doctype html><html lang=""en""><head><title>Making sure you&#39;re not a bot!</title><link rel=""styl"
2026-10-03 07:45,Playlist,OK,0.368,"<!doctype html><html lang=""en""><head><title>Making sure you&#39;re not a bot!</title><link rel=""styl"
2026-10-03 10:38,Video,OK,0.681,"<!doctype html><html lang=""en""><head><title>Making sure you&#39;re not a bot!</title><link rel=""styl"
2026-10-03 10:38,Search,OK,0.48,"<!doctype html><html lang=""en""><head><title>Making sure you&#39;re not a bot!</title><link rel=""styl"
2026-10-03 10:38,Channel,OK,0.481,"<!doctype html><html lang=""en""><head><title>Making sure you&#39;re not a bot!</title><link rel=""styl"
2026-10-03 10:38,Comments,OK,0.495,"<!doctype html><html lang=""en""><head><title>Making sure you&#39;re not a bot!</title><link rel=""styl"
2026-10-03 10:38,Playlist,OK,0.47,"<!doctype html><html lang=""en""><head><title>Making sure you&#39;re not a bot!</title><link rel=""styl"
2026-10-03 16:26,Video,OK,0.618,"<!doctype html><html lang=""en""><head><title>Making sure you&#39;re not a bot!</title><link rel=""styl"
2026-10-03 16:26,Search,OK,0.326,"<!doctype html><html lang=""en""><head><title>Making sure you&#39;re not a bot!</title><link rel=""styl"
2026-10-03 16:26,Channel,OK,0.327,"<!doctype html><html lang=""en""><head><title>Making sure you&#39;re not a bot!</title><link rel=""styl"
2026-10-03 16:26,Comments,OK,0.325,"<!doctype html><html lang=""en""><head><title>Making sure you&#39;re not a bot!</title><link rel=""styl"
2026-10-03 16:26,Playlist,OK,0.327,"<!doctype html><html lang=""en""><head><title>Making sure you&#39;re not a bot!</title><link rel=""styl"
2026-10-03 21:56,Video,OK,0.718,"<!doctype html><html lang=""en""><head><title>Making sure you&#39;re not a bot!</title><link rel=""styl"
2026-10-03 21:56,Search,OK,0.482,"<!doctype html><html lang=""en""><head><title>Making sure you&#39;re not a bot!</title><link rel=""styl"
2026-10-03 21:56,Channel,OK,0.491,"<!doctype html><html lang=""en""><head><title>Making sure you&#39;re not a bot!</title><link rel=""styl"
2026-10-03 21:56,Comments,OK,0.468,"<!doctype html><html lang=""en""><head><title>Making sure you&#39;re not a bot!</title><link rel=""styl"
2026-10-03 21:56,Playlist,OK,0.482,"<!doctype html><html lang=""en""><head><title>Making sure you&#39;re not a bot!</title><link rel=""styl"
2026-10-04 01:58,Video,OK,0.612,"<!doctype html><html lang=""en""><head><title>Making sure you&#39;re not a bot!</title><link rel=""styl"
2026-10-04 01:58,Search,OK,0.433,"<!doctype html><html lang=""en""><head><title>Making sure you&#39;re not a bot!</title><link rel=""styl"
2026-10-04 01:58,Channel,OK,0.375,"<!doctype html><html lang=""en""><head><title>Making sure you&#39;re not a bot!</title><link rel=""styl"
2026-10-04 01:58,Comments,OK,0.399,"<!doctype html><html lang=""en""><head><title>Making sure you&#39;re not a bot!</title><link rel=""styl"
2026-10-04 01:58,Playlist,OK,0.366,"<!doctype html><html lang=""en""><head><title>Making sure you&#39;re not a bot!</title><link rel=""styl"
2026-10-04 04:42,Video,OK,0.563,"<!doctype html><html lang=""en""><head><title>Making sure you&#39;re not a bot!</title><link rel=""styl"
2026-10-04 04:42,Search,OK,0.424,"<!doctype html><html lang=""en""><head><title>Making sure you&#39;re not a bot!</title><link rel=""styl"
2026-10-04 04:42,Channel,OK,0.415,"<!doctype html><html lang=""en""><head><title>Making sure you&#39;re not a bot!</title><link rel=""styl"
2026-10-04 04:42,Comments,OK,0.38,"<!doctype html><html lang=""en""><head><title>Making sure you&#39;re not a bot!</title><link rel=""styl"
2026-10-04 04:42,Playlist,OK,0.382,"<!doctype html><html lang=""en""><head><title>Making sure you&#39;re not a bot!</title><link rel=""styl"
2026-10-04 07:36,Video,OK,0.495,"<!doctype html><html lang=""en""><head><title>Making sure you&#39;re not a bot!</title><link rel=""styl"
2026-10-04 07:36,Search,OK,0.4,"<!doctype html><html lang=""en""><head><title>Making sure you&#39;re not a bot!</title><link rel=""styl"
2026-10-04 07:36,Channel,OK,0.365,"<!doctype html><html lang=""en""><head><title>Making sure you&#39;re not a bot!</title><link rel=""styl"
2026-10-04 07:36,Comments,OK,0.365,"<!doctype html><html lang=""en""><head><title>Making sure you&#39;re not a bot!</title><link rel=""styl"
2026-10-04 07:36,Playlist,OK,0.368,"<!doctype html><html lang=""en""><head><title>Making sure you&#39;re not a bot!</title><link rel=""styl"
2026-10-04 11:19,Video,OK,0.393,"<!doctype html><html lang=""en""><head><title>Making sure you&#39;re not a bot!</title><link rel=""styl"
2026-10-04 11:19,Search,OK,0.307,"<!doctype html><html lang=""en""><head><title>Making sure you&#39;re not a bot!</title><link rel=""styl"
2026-10-04 11:19,Channel,OK,0.309,"<!doctype html><html lang=""en""><head><title>Making sure you&#39;re not a bot!</title><link rel=""styl"
2026-10-04 11:19,Comments,OK,0.301,"<!doctype html><html lang=""en""><head><title>Making sure you&#39;re not a bot!</title><link rel=""styl"
2026-10-04 11:19,Playlist,OK,0.3,"<!doctype html><html lang=""en""><head><title>Making sure you&#39;re not a bot!</title><link rel=""styl"
2026-10-04 18:14,Video,OK,0.751,"<!doctype html><html lang=""en""><head><title>Making sure you&#39;re not a bot!</title><link rel=""styl"
2026-10-04 18:14,Search,OK,0.318,"<!doctype html><html lang=""en""><head><title>Making sure you&#39;re not a bot!</title><link rel=""styl"
2026-10-04 18:14,Channel,OK,0.325,"<!doctype html><html lang=""en""><head><title>Making sure you&#39;re not a bot!</title><link rel=""styl"
2026-10-04 18:14,Comments,OK,0.336,"<!doctype html><html lang=""en""><head><title>Making sure you&#39;re not a bot!</title><link rel=""styl"
2026-10-04 18:14,Playlist,OK,0.332,"<!doctype html><html lang=""en""><head><title>Making sure you&#39;re not a bot!</title><link rel=""styl"
2026-10-05 00:05,Video,OK,0.435,"<!doctype html><html lang=""en""><head><title>Making sure you&#39;re not a bot!</title><link rel=""styl"
2026-10-05 00:05,Search,OK,0.333,"<!doctype html><html lang=""en""><head><title>Making sure you&#39;re not a bot!</title><link rel=""styl"
2026-10-05 00:05,Channel,OK,0.337,"<!doctype html><html lang=""en""><head><title>Making sure you&#39;re not a bot!</title><link rel=""styl"
2026-10-05 00:05,Comments,OK,0.325,"<!doctype html><html lang=""en""><head><title>Making sure you&#39;re not a bot!</title><link rel=""styl"
2026-10-05 00:05,Playlist,OK,0.324,"<!doctype html><html lang=""en""><head><title>Making sure you&#39;re not a bot!</title><link rel=""styl"
2026-10-05 03:56,Video,OK,1.062,"<!doctype html><html lang=""en""><head><title>Making sure you&#39;re not a bot!</title><link rel=""styl"
2026-10-05 03:56,Search,OK,0.383,"<!doctype html><html lang=""en""><head><title>Making sure you&#39;re not a bot!</title><link rel=""styl"
2026-10-05 03:56,Channel,OK,0.427,"<!doctype html><html lang=""en""><head><title>Making sure you&#39;re not a bot!</title><link rel=""styl"
2026-10-05 03:56,Comments,OK,0.397,"<!doctype html><html lang=""en""><head><title>Making sure you&#39;re not a bot!</title><link rel=""styl"
2026-10-05 03:56,Playlist,OK,0.388,"<!doctype html><html lang=""en""><head><title>Making sure you&#39;re not a bot!</title><link rel=""styl"
2026-10-05 07:11,Video,OK,0.608,"<!doctype html><html lang=""en""><head><title>Making sure you&#39;re not a bot!</title><link rel=""styl"
2026-10-05 07:11,Search,OK,0.306,"<!doctype html><html lang=""en""><head><title>Making sure you&#39;re not a bot!</title><link rel=""styl"
2026-10-05 07:11,Channel,OK,0.313,"<!doctype html><html lang=""en""><head><title>Making sure you&#39;re not a bot!</title><link rel=""styl"
2026-10-05 07:11,Comments,OK,0.304,"<!doctype html><html lang=""en""><head><title>Making sure you&#39;re not a bot!</title><link rel=""styl"
2026-10-05 07:11,Playlist,OK,0.305,"<!doctype html><html lang=""en""><head><title>Making sure you&#39;re not a bot!</title><link rel=""styl"
2026-10-05 10:28,Video,OK,0.664,"<!doctype html><html lang=""en""><head><title>Making sure you&#39;re not a bot!</title><link rel=""styl"
2026-10-05 10:28,Search,OK,0.327,"<!doctype html><html lang=""en""><head><title>Making sure you&#39;re not a bot!</title><link rel=""styl"
2026-10-05 10:28,Channel,OK,0.313,"<!doctype html><html lang=""en""><head><title>Making sure you&#39;re not a bot!</title><link rel=""styl"
2026-10-05 10:28,Comments,OK,0.314,"<!doctype html><html lang=""en""><head><title>Making sure you&#39;re not a bot!</title><link rel=""styl"
2026-10-05 10:28,Playlist,OK,0.312,"<!doctype html><html lang=""en""><head><title>Making sure you&#39;re not a bot!</title><link rel=""styl"
2026-10-05 17:06,Video,OK,0.49,"<!doctype html><html lang=""en""><head><title>Making sure you&#39;re not a bot!</title><link rel=""styl"
2026-10-05 17:06,Search,OK,0.318,"<!doctype html><html lang=""en""><head><title>Making sure you&#39;re not a bot!</title><link rel=""styl"
2026-10-05 17:06,Channel,OK,0.334,"<!doctype html><html lang=""en""><head><title>Making sure you&#39;re not a bot!</title><link rel=""styl"
2026-10-05 17:06,Comments,OK,0.324,"<!doctype html><html lang=""en""><head><title>Making sure you&#39;re not a bot!</title><link rel=""styl"
2026-10-05 17:06,Playlist,OK,0.333,"<!doctype html><html lang=""en""><head><title>Making sure you&#39;re not a bot!</title><link rel=""styl"
2026-10-06 02:42,Video,OK,0.846,"<!doctype html><html lang=""en""><head><title>Making sure you&#39;re not a bot!</title><link rel=""styl"
2026-10-06 02:42,Search,OK,0.394,"<!doctype html><html lang=""en""><head><title>Making sure you&#39;re not a bot!</title><link rel=""styl"
2026-10-06 02:42,Channel,OK,0.404,"<!doctype html><html lang=""en""><head><title>Making sure you&#39;re not a bot!</title><link rel=""styl"
2026-10-06 02:42,Comments,OK,0.384,"<!doctype html><html lang=""en""><head><title>Making sure you&#39;re not a bot!</title><link rel=""styl"
2026-10-06 02:42,Playlist,OK,0.367,"<!doctype html><html lang=""en""><head><title>Making sure you&#39;re not a bot!</title><link rel=""styl"
2026-10-06 08:35,Video,OK,0.543,"<!doctype html><html lang=""en""><head><title>Making sure you&#39;re not a bot!</title><link rel=""styl"
2026-10-06 08:35,Search,OK,0.402,"<!doctype html><html lang=""en""><head><title>Making sure you&#39;re not a bot!</title><link rel=""styl"
2026-10-06 08:35,Channel,OK,0.393,"<!doctype html><html lang=""en""><head><title>Making sure you&#39;re not a bot!</title><link rel=""styl"
2026-10-06 08:35,Comments,OK,0.425,"<!doctype html><html lang=""en""><head><title>Making sure you&#39;re not a bot!</title><link rel=""styl"
2026-10-06 08:35,Playlist,OK,0.376,"<!doctype html><html lang=""en""><head><title>Making sure you&#39;re not a bot!</title><link rel=""styl"
2026-10-06 13:21,Video,OK,0.537,"<!doctype html><html lang=""en""><head><title>Making sure you&#39;re not a bot!</title><link rel=""styl"
2026-10-06 13:21,Search,OK,0.371,"<!doctype html><html lang=""en""><head><title>Making sure you&#39;re not a bot!</title><link rel=""styl"
2026-10-06 13:21,Channel,OK,0.371,"<!doctype html><html lang=""en""><head><title>Making sure you&#39;re not a bot!</title><link rel=""styl"
2026-10-06 13:21,Comments,OK,0.365,"<!doctype html><html lang=""en""><head><title>Making sure you&#39;re not a bot!</title><link rel=""styl"
2026-10-06 13:21,Playlist,OK,0.36,"<!doctype html><html lang=""en""><head><title>Making sure you&#39;re not a bot!</title><link rel=""styl"
2026-10-06 20:40,Video,OK,0.601,"<!doctype html><html lang=""en""><head><title>Making sure you&#39;re not a bot!</title><link rel=""styl"
2026-10-06 20:40,Search,OK,0.355,"<!doctype html><html lang=""en""><head><title>Making sure you&#39;re not a bot!</title><link rel=""styl"
2026-10-06 20:40,Channel,OK,0.375,"<!doctype html><html lang=""en""><head><title>Making sure you&#39;re not a bot!</title><link rel=""styl"
2026-10-06 20:40,Comments,OK,0.35,"<!doctype html><html lang=""en""><head><title>Making sure you&#39;re not a bot!</title><link rel=""styl"
2026-10-06 20:40,Playlist,OK,0.35,"<!doctype html><html lang=""en""><head><title>Making sure you&#39;re not a bot!</title><link rel=""styl"
2026-10-07 02:45,Video,OK,0.732,"<!doctype html><html lang=""en""><head><title>Making sure you&#39;re not a bot!</title><link rel=""styl"
2026-10-07 02:45,Search,OK,0.321,"<!doctype html><html lang=""en""><head><title>Making sure you&#39;re not a bot!</title><link rel=""styl"
2026-10-07 02:45,Channel,OK,0.329,"<!doctype html><html lang=""en""><head><title>Making sure you&#39;re not a bot!</title><link rel=""styl"
2026-10-07 02:45,Comments,OK,0.341,"<!doctype html><html lang=""en""><head><title>Making sure you&#39;re not a bot!</title><link rel=""styl"
2026-10-07 02:45,Playlist,OK,0.315,"<!doctype html><html lang=""en""><head><title>Making sure you&#39;re not a bot!</title><link rel=""styl"
2026-10-07 07:09,Video,OK,0.56,"<!doctype html><html lang=""en""><head><title>Making sure you&#39;re not a bot!</title><link rel=""styl"
2026-10-07 07:09,Search,OK,0.397,"<!doctype html><html lang=""en""><head><title>Making sure you&#39;re not a bot!</title><link rel=""styl"
2026-10-07 07:09,Channel,OK,0.405,"<!doctype html><html lang=""en""><head><title>Making sure you&#39;re not a bot!</title><link rel=""styl"
2026-10-07 07:09,Comments,OK,0.42,"<!doctype html><html lang=""en""><head><title>Making sure you&#39;re not a bot!</title><link rel=""styl"
2026-10-07 07:09,Playlist,OK,0.419,"<!doctype html><html lang=""en""><head><title>Making sure you&#39;re not a bot!</title><link rel=""styl"
2026-10-07 10:58,Video,OK,0.441,"<!doctype html><html lang=""en""><head><title>Making sure you&#39;re not a bot!</title><link rel=""styl"
2026-10-07 10:58,Search,OK,0.314,"<!doctype html><html lang=""en""><head><title>Making sure you&#39;re not a bot!</title><link rel=""styl"
2026-10-07 10:58,Channel,OK,0.315,"<!doctype html><html lang=""en""><head><title>Making sure you&#39;re not a bot!</title><link rel=""styl"
2026-10-07 10:58,Comments,OK,0.319,"<!doctype html><html lang=""en""><head><title>Making sure you&#39;re not a bot!</title><link rel=""styl"
2026-10-07 10:58,Playlist,OK,0.311,"<!doctype html><html lang=""en""><head><title>Making sure you&#39;re not a bot!</title><link rel=""styl"
2026-10-07 17:15,Video,OK,0.7,"<!doctype html><html lang=""en""><head><title>Making sure you&#39;re not a bot!</title><link rel=""styl"
2026-10-07 17:15,Search,OK,0.451,"<!doctype html><html lang=""en""><head><title>Making sure you&#39;re not a bot!</title><link rel=""styl"
2026-10-07 17:15,Channel,OK,0.51,"<!doctype html><html lang=""en""><head><title>Making sure you&#39;re not a bot!</title><link rel=""styl"
2026-10-07 17:15,Comments,OK,0.456,"<!doctype html><html lang=""en""><head><title>Making sure you&#39;re not a bot!</title><link rel=""styl"
2026-10-07 17:15,Playlist,OK,0.456,"<!doctype html><html lang=""en""><head><title>Making sure you&#39;re not a bot!</title><link rel=""styl"
2026-10-08 00:59,Video,OK,0.533,"<!doctype html><html lang=""en""><head><title>Making sure you&#39;re not a bot!</title><link rel=""styl"
2026-10-08 00:59,Search,OK,0.38,"<!doctype html><html lang=""en""><head><title>Making sure you&#39;re not a bot!</title><link rel=""styl"
2026-10-08 00:59,Channel,OK,0.399,"<!doctype html><html lang=""en""><head><title>Making sure you&#39;re not a bot!</title><link rel=""styl"
2026-10-08 00:59,Comments,OK,0.421,"<!doctype html><html lang=""en""><head><title>Making sure you&#39;re not a bot!</title><link rel=""styl"
2026-10-08 00:59,Playlist,OK,0.386,"<!doctype html><html lang=""en""><head><title>Making sure you&#39;re not a bot!</title><link rel=""styl"
2026-10-08 06:08,Video,OK,0.909,"<!doctype html><html lang=""en""><head><title>Making sure you&#39;re not a bot!</title><link rel=""styl"
2026-10-08 06:08,Search,OK,0.512,"<!doctype html><html lang=""en""><head><title>Making sure you&#39;re not a bot!</title><link rel=""styl"
2026-10-08 06:08,Channel,OK,0.509,"<!doctype html><html lang=""en""><head><title>Making sure you&#39;re not a bot!</title><link rel=""styl"
2026-10-08 06:08,Comments,OK,0.515,"<!doctype html><html lang=""en""><head><title>Making sure you&#39;re not a bot!</title><link rel=""styl"
2026-10-08 06:08,Playlist,OK,0.518,"<!doctype html><html lang=""en""><head><title>Making sure you&#39;re not a bot!</title><link rel=""styl"
2026-10-08 10:29,Video,OK,0.611,"<!doctype html><html lang=""en""><head><title>Making sure you&#39;re not a bot!</title><link rel=""styl"
2026-10-08 10:29,Search,OK,0.372,"<!doctype html><html lang=""en""><head><title>Making sure you&#39;re not a bot!</title><link rel=""styl"
2026-10-08 10:29,Channel,OK,0.387,"<!doctype html><html lang=""en""><head><title>Making sure you&#39;re not a bot!</title><link rel=""styl"
2026-10-08 10:29,Comments,OK,0.385,"<!doctype html><html lang=""en""><head><title>Making sure you&#39;re not a bot!</title><link rel=""styl"
2026-10-08 10:29,Playlist,OK,0.366,"<!doctype html><html lang=""en""><head><title>Making sure you&#39;re not a bot!</title><link rel=""styl"
2026-10-08 17:17,Video,OK,0.598,"<!doctype html><html lang=""en""><head><title>Making sure you&#39;re not a bot!</title><link rel=""styl"
2026-10-08 17:17,Search,OK,0.391,"<!doctype html><html lang=""en""><head><title>Making sure you&#39;re not a bot!</title><link rel=""styl"
2026-10-08 17:17,Channel,OK,0.406,"<!doctype html><html lang=""en""><head><title>Making sure you&#39;re not a bot!</title><link rel=""styl"
2026-10-08 17:17,Comments,OK,0.388,"<!doctype html><html lang=""en""><head><title>Making sure you&#39;re not a bot!</title><link rel=""styl"
2026-10-08 17:17,Playlist,OK,0.399,"<!doctype html><html lang=""en""><head><title>Making sure you&#39;re not a bot!</title><link rel=""styl"
2026-10-09 01:02,Video,OK,0.674,"<!doctype html><html lang=""en""><head><title>Making sure you&#39;re not a bot!</title><link rel=""styl"
2026-10-09 01:02,Search,OK,0.334,"<!doctype html><html lang=""en""><head><title>Making sure you&#39;re not a bot!</title><link rel=""styl"
2026-10-09 01:02,Channel,OK,0.326,"<!doctype html><html lang=""en""><head><title>Making sure you&#39;re not a bot!</title><link rel=""styl"
2026-10-09 01:02,Comments,OK,0.316,"<!doctype html><html lang=""en""><head><title>Making sure you&#39;re not a bot!</title><link rel=""styl"
2026-10-09 01:02,Playlist,OK,0.319,"<!doctype html><html lang=""en""><head><title>Making sure you&#39;re not a bot!</title><link rel=""styl"
2026-10-09 06:43,Video,OK,0.643,"<!doctype html><html lang=""en""><head><title>Making sure you&#39;re not a bot!</title><link rel=""styl"
2026-10-09 06:43,Search,OK,0.317,"<!doctype html><html lang=""en""><head><title>Making sure you&#39;re not a bot!</title><link rel=""styl"
2026-10-09 06:43,Channel,OK,0.331,"<!doctype html><html lang=""en""><head><title>Making sure you&#39;re not a bot!</title><link rel=""styl"
2026-10-09 06:43,Comments,OK,0.331,"<!doctype html><html lang=""en""><head><title>Making sure you&#39;re not a bot!</title><link rel=""styl"
2026-10-09 06:43,Playlist,OK,0.316,"<!doctype html><html lang=""en""><head><title>Making sure you&#39;re not a bot!</title><link rel=""styl"
2026-10-09 10:38,Video,OK,0.574,"<!doctype html><html lang=""en""><head><title>Making sure you&#39;re not a bot!</title><link rel=""styl"
2026-10-09 10:38,Search,OK,0.375,"<!doctype html><html lang=""en""><head><title>Making sure you&#39;re not a bot!</title><link rel=""styl"
2026-10-09 10:38,Channel,OK,0.384,"<!doctype html><html lang=""en""><head><title>Making sure you&#39;re not a bot!</title><link rel=""styl"
2026-10-09 10:38,Comments,OK,0.391,"<!doctype html><html lang=""en""><head><title>Making sure you&#39;re not a bot!</title><link rel=""styl"
2026-10-09 10:38,Playlist,OK,0.417,"<!doctype html><html lang=""en""><head><title>Making sure you&#39;re not a bot!</title><link rel=""styl"
2026-10-09 17:18,Video,OK,0.395,"<!doctype html><html lang=""en""><head><title>Making sure you&#39;re not a bot!</title><link rel=""styl"
2026-10-09 17:18,Search,OK,0.303,"<!doctype html><html lang=""en""><head><title>Making sure you&#39;re not a bot!</title><link rel=""styl"
2026-10-09 17:18,Channel,OK,0.351,"<!doctype html><html lang=""en""><head><title>Making sure you&#39;re not a bot!</title><link rel=""styl"
2026-10-09 17:18,Comments,OK,0.309,"<!doctype html><html lang=""en""><head><title>Making sure you&#39;re not a bot!</title><link rel=""styl"
2026-10-09 17:18,Playlist,OK,0.338,"<!doctype html><html lang=""en""><head><title>Making sure you&#39;re not a bot!</title><link rel=""styl"
2026-10-10 00:44,Video,OK,0.73,"<!doctype html><html lang=""en""><head><title>Making sure you&#39;re not a bot!</title><link rel=""styl"
2026-10-10 00:44,Search,OK,0.491,"<!doctype html><html lang=""en""><head><title>Making sure you&#39;re not a bot!</title><link rel=""styl"
2026-10-10 00:44,Channel,OK,0.501,"<!doctype html><html lang=""en""><head><title>Making sure you&#39;re not a bot!</title><link rel=""styl"
2026-10-10 00:44,Comments,OK,0.491,"<!doctype html><html lang=""en""><head><title>Making sure you&#39;re not a bot!</title><link rel=""styl"
2026-10-10 00:44,Playlist,OK,0.496,"<!doctype html><html lang=""en""><head><title>Making sure you&#39;re not a bot!</title><link rel=""styl"
2026-10-10 05:27,Video,OK,0.609,"<!doctype html><html lang=""en""><head><title>Making sure you&#39;re not a bot!</title><link rel=""styl"
2026-10-10 05:27,Search,OK,0.401,"<!doctype html><html lang=""en""><head><title>Making sure you&#39;re not a bot!</title><link rel=""styl"
2026-10-10 05:27,Channel,OK,0.412,"<!doctype html><html lang=""en""><head><title>Making sure you&#39;re not a bot!</title><link rel=""styl"
2026-10-10 05:27,Comments,OK,0.411,"<!doctype html><html lang=""en""><head><title>Making sure you&#39;re not a bot!</title><link rel=""styl"
2026-10-10 05:27,Playlist,OK,0.404,"<!doctype html><html lang=""en""><head><title>Making sure you&#39;re not a bot!</title><link rel=""styl"
2026-10-10 09:25,Video,OK,0.732,"<!doctype html><html lang=""en""><head><title>Making sure you&#39;re not a bot!</title><link rel=""styl"
2026-10-10 09:25,Search,OK,0.47,"<!doctype html><html lang=""en""><head><title>Making sure you&#39;re not a bot!</title><link rel=""styl"
2026-10-10 09:25,Channel,OK,0.502,"<!doctype html><html lang=""en""><head><title>Making sure you&#39;re not a bot!</title><link rel=""styl"
2026-10-10 09:25,Comments,OK,0.479,"<!doctype html><html lang=""en""><head><title>Making sure you&#39;re not a bot!</title><link rel=""styl"
2026-10-10 09:25,Playlist,OK,0.487,"<!doctype html><html lang=""en""><head><title>Making sure you&#39;re not a bot!</title><link rel=""styl"
2026-10-10 15:36,Video,OK,0.731,"<!doctype html><html lang=""en""><head><title>Making sure you&#39;re not a bot!</title><link rel=""styl"
2026-10-10 15:36,Search,OK,0.423,"<!doctype html><html lang=""en""><head><title>Making sure you&#39;re not a bot!</title><link rel=""styl"
2026-10-10 15:36,Channel,OK,0.431,"<!doctype html><html lang=""en""><head><title>Making sure you&#39;re not a bot!</title><link rel=""styl"
2026-10-10 15:36,Comments,OK,0.425,"<!doctype html><html lang=""en""><head><title>Making sure you&#39;re not a bot!</title><link rel=""styl"
2026-10-10 15:36,Playlist,OK,0.431,"<!doctype html><html lang=""en""><head><title>Making sure you&#39;re not a bot!</title><link rel=""styl"
