Timestamp,Category,Status,ResponseTime,RawData
2026-08-24 05:14,Video,OK,5.35,
2026-08-24 05:14,Search,OK,1.27,"[{""type"":""channel"" ""author"":""test"" ""authorId"":""UCZRcA_nO3Kt-SOml2mY8D9g"" ""authorUrl"":""/channel/UCZRc"
2026-08-24 05:14,Channel,Failed,1.066,Timeout or Error
2026-08-24 05:14,Comments,OK,0.922,"{""commentCount"":10567501 ""videoId"":""jNQXAC9IVRw"" ""comments"":[{""authorId"":""UCC5NfQ6Mf0dq_eEwv4P_hWA"" "
2026-08-24 05:14,Playlist,Failed,0.757,Timeout or Error
2026-08-24 06:15,Video,Failed,1.482,Timeout or Error
2026-08-24 06:15,Search,OK,1.597,"[{""type"":""channel"" ""author"":""test"" ""authorId"":""UCZRcA_nO3Kt-SOml2mY8D9g"" ""authorUrl"":""/channel/UCZRc"
2026-08-24 06:15,Channel,Failed,0.779,Timeout or Error
2026-08-24 06:15,Comments,OK,1.071,"{""commentCount"":10567530 ""videoId"":""jNQXAC9IVRw"" ""comments"":[{""authorId"":""UCC5NfQ6Mf0dq_eEwv4P_hWA"" "
2026-08-24 06:15,Playlist,Failed,0.675,Timeout or Error
2026-08-24 07:14,Video,OK,0.85,
2026-08-24 07:14,Search,OK,1.743,"[{""type"":""channel"" ""author"":""test"" ""authorId"":""UCZRcA_nO3Kt-SOml2mY8D9g"" ""authorUrl"":""/channel/UCZRc"
2026-08-24 07:14,Channel,Failed,0.754,Timeout or Error
2026-08-24 07:14,Comments,OK,0.935,"{""commentCount"":10567529 ""videoId"":""jNQXAC9IVRw"" ""comments"":[{""authorId"":""UCC5NfQ6Mf0dq_eEwv4P_hWA"" "
2026-08-24 07:14,Playlist,Failed,0.514,Timeout or Error
2026-08-24 08:14,Video,Failed,0.715,Timeout or Error
2026-08-24 08:14,Search,OK,1.499,"[{""type"":""channel"" ""author"":""test"" ""authorId"":""UCZRcA_nO3Kt-SOml2mY8D9g"" ""authorUrl"":""/channel/UCZRc"
2026-08-24 08:14,Channel,Failed,0.606,Timeout or Error
2026-08-24 08:14,Comments,OK,1.024,"{""commentCount"":10567521 ""videoId"":""jNQXAC9IVRw"" ""comments"":[{""authorId"":""UCC5NfQ6Mf0dq_eEwv4P_hWA"" "
2026-08-24 08:14,Playlist,Failed,0.85,Timeout or Error
2026-08-24 09:55,Video,OK,0.366,
2026-08-24 09:55,Search,OK,1.176,"[{""type"":""channel"" ""author"":""test"" ""authorId"":""UCZRcA_nO3Kt-SOml2mY8D9g"" ""authorUrl"":""/channel/UCZRc"
2026-08-24 09:55,Channel,Failed,0.515,Timeout or Error
2026-08-24 09:55,Comments,OK,0.683,"{""commentCount"":10567557 ""videoId"":""jNQXAC9IVRw"" ""comments"":[{""authorId"":""UCC5NfQ6Mf0dq_eEwv4P_hWA"" "
2026-08-24 09:55,Playlist,Failed,0.403,Timeout or Error
2026-08-24 11:19,Video,Failed,1.581,Timeout or Error
2026-08-24 11:19,Search,OK,1.637,"[{""type"":""channel"" ""author"":""test"" ""authorId"":""UCZRcA_nO3Kt-SOml2mY8D9g"" ""authorUrl"":""/channel/UCZRc"
2026-08-24 11:19,Channel,Failed,0.923,Timeout or Error
2026-08-24 11:19,Comments,OK,0.678,"{""commentCount"":10567614 ""videoId"":""jNQXAC9IVRw"" ""comments"":[{""authorId"":""UCC5NfQ6Mf0dq_eEwv4P_hWA"" "
2026-08-24 11:19,Playlist,Failed,0.728,Timeout or Error
2026-08-24 12:48,Video,OK,0.586,
2026-08-24 12:48,Search,OK,0.926,"[{""type"":""channel"" ""author"":""test"" ""authorId"":""UCZRcA_nO3Kt-SOml2mY8D9g"" ""authorUrl"":""/channel/UCZRc"
2026-08-24 12:48,Channel,Failed,0.422,Timeout or Error
2026-08-24 12:48,Comments,OK,0.653,"{""commentCount"":10567643 ""videoId"":""jNQXAC9IVRw"" ""comments"":[{""authorId"":""UCC5NfQ6Mf0dq_eEwv4P_hWA"" "
2026-08-24 12:48,Playlist,Failed,0.575,Timeout or Error
2026-08-24 13:38,Video,OK,0.449,
2026-08-24 13:38,Search,OK,1.226,"[{""type"":""channel"" ""author"":""test"" ""authorId"":""UCZRcA_nO3Kt-SOml2mY8D9g"" ""authorUrl"":""/channel/UCZRc"
2026-08-24 13:38,Channel,Failed,0.353,Timeout or Error
2026-08-24 13:38,Comments,OK,0.8,"{""commentCount"":10567637 ""videoId"":""jNQXAC9IVRw"" ""comments"":[{""authorId"":""UCC5NfQ6Mf0dq_eEwv4P_hWA"" "
2026-08-24 13:38,Playlist,Failed,0.728,Timeout or Error
2026-08-24 14:32,Video,OK,0.664,
2026-08-24 14:32,Search,OK,0.891,"[{""type"":""channel"" ""author"":""test"" ""authorId"":""UCZRcA_nO3Kt-SOml2mY8D9g"" ""authorUrl"":""/channel/UCZRc"
2026-08-24 14:32,Channel,Failed,1.278,Timeout or Error
2026-08-24 14:32,Comments,OK,1.083,"{""commentCount"":10567659 ""videoId"":""jNQXAC9IVRw"" ""comments"":[{""authorId"":""UCC5NfQ6Mf0dq_eEwv4P_hWA"" "
2026-08-24 14:32,Playlist,Failed,0.492,Timeout or Error
2026-08-24 15:42,Video,OK,1.234,
2026-08-24 15:42,Search,OK,1.589,"[{""type"":""channel"" ""author"":""test"" ""authorId"":""UCZRcA_nO3Kt-SOml2mY8D9g"" ""authorUrl"":""/channel/UCZRc"
2026-08-24 15:42,Channel,Failed,0.821,Timeout or Error
2026-08-24 15:42,Comments,OK,0.825,"{""commentCount"":10567674 ""videoId"":""jNQXAC9IVRw"" ""comments"":[{""authorId"":""UCC5NfQ6Mf0dq_eEwv4P_hWA"" "
2026-08-24 15:42,Playlist,Failed,0.604,Timeout or Error
2026-08-24 16:52,Video,OK,0.794,
2026-08-24 16:52,Search,OK,1.575,"[{""type"":""channel"" ""author"":""test"" ""authorId"":""UCZRcA_nO3Kt-SOml2mY8D9g"" ""authorUrl"":""/channel/UCZRc"
2026-08-24 16:52,Channel,Failed,0.574,Timeout or Error
2026-08-24 16:52,Comments,OK,1.13,"{""commentCount"":10567630 ""videoId"":""jNQXAC9IVRw"" ""comments"":[{""authorId"":""UCC5NfQ6Mf0dq_eEwv4P_hWA"" "
2026-08-24 16:52,Playlist,Failed,0.676,Timeout or Error
2026-08-24 17:39,Video,OK,0.677,
2026-08-24 17:39,Search,OK,0.981,"[{""type"":""video"" ""title"":""She Set Her Husband Up On A Loyalty Test..."" ""videoId"":""SW6hvNUNErg"" ""auth"
2026-08-24 17:39,Channel,Failed,0.692,Timeout or Error
2026-08-24 17:39,Comments,OK,0.952,"{""commentCount"":10567640 ""videoId"":""jNQXAC9IVRw"" ""comments"":[{""authorId"":""UCC5NfQ6Mf0dq_eEwv4P_hWA"" "
2026-08-24 17:39,Playlist,Failed,0.3,Timeout or Error
2026-08-24 18:39,Video,OK,0.589,
2026-08-24 18:39,Search,OK,0.878,"[{""type"":""channel"" ""author"":""test"" ""authorId"":""UCZRcA_nO3Kt-SOml2mY8D9g"" ""authorUrl"":""/channel/UCZRc"
2026-08-24 18:39,Channel,Failed,0.275,Timeout or Error
2026-08-24 18:39,Comments,OK,0.703,"{""commentCount"":10567653 ""videoId"":""jNQXAC9IVRw"" ""comments"":[{""authorId"":""UCC5NfQ6Mf0dq_eEwv4P_hWA"" "
2026-08-24 18:39,Playlist,Failed,0.693,Timeout or Error
2026-08-24 19:31,Video,OK,0.797,
2026-08-24 19:31,Search,OK,1.146,"[{""type"":""channel"" ""author"":""test"" ""authorId"":""UCZRcA_nO3Kt-SOml2mY8D9g"" ""authorUrl"":""/channel/UCZRc"
2026-08-24 19:31,Channel,Failed,0.689,Timeout or Error
2026-08-24 19:31,Comments,OK,0.865,"{""commentCount"":10567654 ""videoId"":""jNQXAC9IVRw"" ""comments"":[{""authorId"":""UCC5NfQ6Mf0dq_eEwv4P_hWA"" "
2026-08-24 19:31,Playlist,Failed,0.821,Timeout or Error
2026-08-24 20:20,Video,Failed,1.545,Timeout or Error
2026-08-24 20:20,Search,OK,1.308,"[{""type"":""channel"" ""author"":""test"" ""authorId"":""UCZRcA_nO3Kt-SOml2mY8D9g"" ""authorUrl"":""/channel/UCZRc"
2026-08-24 20:20,Channel,Failed,0.605,Timeout or Error
2026-08-24 20:20,Comments,OK,1.184,"{""commentCount"":10567679 ""videoId"":""jNQXAC9IVRw"" ""comments"":[{""authorId"":""UCC5NfQ6Mf0dq_eEwv4P_hWA"" "
2026-08-24 20:20,Playlist,Failed,0.963,Timeout or Error
2026-08-24 21:36,Video,OK,0.554,
2026-08-24 21:36,Search,OK,1.319,"[{""type"":""channel"" ""author"":""test"" ""authorId"":""UCZRcA_nO3Kt-SOml2mY8D9g"" ""authorUrl"":""/channel/UCZRc"
2026-08-24 21:36,Channel,Failed,0.912,Timeout or Error
2026-08-24 21:36,Comments,OK,0.761,"{""commentCount"":10567732 ""videoId"":""jNQXAC9IVRw"" ""comments"":[{""authorId"":""UCC5NfQ6Mf0dq_eEwv4P_hWA"" "
2026-08-24 21:36,Playlist,Failed,0.797,Timeout or Error
2026-08-24 22:58,Video,OK,0.908,
2026-08-24 22:58,Search,OK,2.185,"[{""type"":""channel"" ""author"":""test"" ""authorId"":""UCZRcA_nO3Kt-SOml2mY8D9g"" ""authorUrl"":""/channel/UCZRc"
2026-08-24 22:58,Channel,Failed,0.535,Timeout or Error
2026-08-24 22:58,Comments,OK,0.871,"{""commentCount"":10567767 ""videoId"":""jNQXAC9IVRw"" ""comments"":[{""authorId"":""UCC5NfQ6Mf0dq_eEwv4P_hWA"" "
2026-08-24 22:58,Playlist,Failed,0.53,Timeout or Error
2026-08-24 23:34,Video,OK,1.036,
2026-08-24 23:34,Search,OK,3.161,"[{""type"":""channel"" ""author"":""test"" ""authorId"":""UCZRcA_nO3Kt-SOml2mY8D9g"" ""authorUrl"":""/channel/UCZRc"
2026-08-24 23:34,Channel,Failed,0.314,Timeout or Error
2026-08-24 23:34,Comments,OK,1.158,"{""commentCount"":10567812 ""videoId"":""jNQXAC9IVRw"" ""comments"":[{""authorId"":""UCC5NfQ6Mf0dq_eEwv4P_hWA"" "
2026-08-24 23:34,Playlist,Failed,0.281,Timeout or Error
2026-08-25 00:32,Video,OK,0.72,
2026-08-25 00:32,Search,OK,1.008,"[{""type"":""channel"" ""author"":""test"" ""authorId"":""UCZRcA_nO3Kt-SOml2mY8D9g"" ""authorUrl"":""/channel/UCZRc"
2026-08-25 00:32,Channel,Failed,0.643,Timeout or Error
2026-08-25 00:32,Comments,OK,0.932,"{""commentCount"":10567850 ""videoId"":""jNQXAC9IVRw"" ""comments"":[{""authorId"":""UCC5NfQ6Mf0dq_eEwv4P_hWA"" "
2026-08-25 00:32,Playlist,Failed,0.555,Timeout or Error
2026-08-25 01:29,Video,OK,1.126,
2026-08-25 01:29,Search,OK,1.279,"[{""type"":""channel"" ""author"":""test"" ""authorId"":""UCZRcA_nO3Kt-SOml2mY8D9g"" ""authorUrl"":""/channel/UCZRc"
2026-08-25 01:29,Channel,Failed,0.671,Timeout or Error
2026-08-25 01:29,Comments,OK,1.055,"{""commentCount"":10567891 ""videoId"":""jNQXAC9IVRw"" ""comments"":[{""authorId"":""UCC5NfQ6Mf0dq_eEwv4P_hWA"" "
2026-08-25 01:29,Playlist,Failed,0.785,Timeout or Error
2026-08-25 02:24,Video,Failed,0.556,Timeout or Error
2026-08-25 02:24,Search,OK,1.412,"[{""type"":""channel"" ""author"":""test"" ""authorId"":""UCZRcA_nO3Kt-SOml2mY8D9g"" ""authorUrl"":""/channel/UCZRc"
2026-08-25 02:24,Channel,Failed,0.847,Timeout or Error
2026-08-25 02:24,Comments,OK,1.161,"{""commentCount"":10567943 ""videoId"":""jNQXAC9IVRw"" ""comments"":[{""authorId"":""UCC5NfQ6Mf0dq_eEwv4P_hWA"" "
2026-08-25 02:24,Playlist,Failed,0.872,Timeout or Error
2026-08-25 03:29,Video,OK,0.807,
2026-08-25 03:29,Search,Failed,1.233,Timeout or Error
2026-08-25 03:29,Channel,Failed,0.327,Timeout or Error
2026-08-25 03:29,Comments,OK,1.026,"{""commentCount"":10567992 ""videoId"":""jNQXAC9IVRw"" ""comments"":[{""authorId"":""UCC5NfQ6Mf0dq_eEwv4P_hWA"" "
2026-08-25 03:29,Playlist,Failed,0.416,Timeout or Error
2026-08-25 04:23,Video,Failed,0.68,Timeout or Error
2026-08-25 04:23,Search,OK,1.094,"[{""type"":""channel"" ""author"":""test"" ""authorId"":""UCZRcA_nO3Kt-SOml2mY8D9g"" ""authorUrl"":""/channel/UCZRc"
2026-08-25 04:23,Channel,Failed,0.629,Timeout or Error
2026-08-25 04:23,Comments,OK,0.809,"{""commentCount"":10567934 ""videoId"":""jNQXAC9IVRw"" ""comments"":[{""authorId"":""UCC5NfQ6Mf0dq_eEwv4P_hWA"" "
2026-08-25 04:23,Playlist,Failed,0.812,Timeout or Error
2026-08-25 05:21,Video,Failed,1.515,Timeout or Error
2026-08-25 05:21,Search,OK,1.078,"[{""type"":""channel"" ""author"":""test"" ""authorId"":""UCZRcA_nO3Kt-SOml2mY8D9g"" ""authorUrl"":""/channel/UCZRc"
2026-08-25 05:21,Channel,Failed,3.528,Timeout or Error
2026-08-25 05:21,Comments,OK,1.588,"{""commentCount"":10567574 ""videoId"":""jNQXAC9IVRw"" ""comments"":[{""authorId"":""UCC5NfQ6Mf0dq_eEwv4P_hWA"" "
2026-08-25 05:21,Playlist,Failed,0.402,Timeout or Error
2026-08-25 06:22,Video,OK,0.539,
2026-08-25 06:22,Search,OK,1.021,"[{""type"":""channel"" ""author"":""test"" ""authorId"":""UCZRcA_nO3Kt-SOml2mY8D9g"" ""authorUrl"":""/channel/UCZRc"
2026-08-25 06:22,Channel,Failed,1.062,Timeout or Error
2026-08-25 06:22,Comments,OK,0.772,"{""commentCount"":10566975 ""videoId"":""jNQXAC9IVRw"" ""comments"":[{""authorId"":""UCC5NfQ6Mf0dq_eEwv4P_hWA"" "
2026-08-25 06:22,Playlist,Failed,0.663,Timeout or Error
2026-08-25 07:18,Video,OK,0.698,
2026-08-25 07:18,Search,OK,1.108,"[{""type"":""channel"" ""author"":""test"" ""authorId"":""UCZRcA_nO3Kt-SOml2mY8D9g"" ""authorUrl"":""/channel/UCZRc"
2026-08-25 07:18,Channel,Failed,1.232,Timeout or Error
2026-08-25 07:18,Comments,OK,1.089,"{""commentCount"":10567005 ""videoId"":""jNQXAC9IVRw"" ""comments"":[{""authorId"":""UCC5NfQ6Mf0dq_eEwv4P_hWA"" "
2026-08-25 07:18,Playlist,Failed,0.635,Timeout or Error
2026-08-25 08:16,Video,OK,1.404,
2026-08-25 08:16,Search,OK,1.632,"[{""type"":""channel"" ""author"":""test"" ""authorId"":""UCZRcA_nO3Kt-SOml2mY8D9g"" ""authorUrl"":""/channel/UCZRc"
2026-08-25 08:16,Channel,Failed,0.724,Timeout or Error
2026-08-25 08:16,Comments,OK,0.925,"{""commentCount"":10567032 ""videoId"":""jNQXAC9IVRw"" ""comments"":[{""authorId"":""UCC5NfQ6Mf0dq_eEwv4P_hWA"" "
2026-08-25 08:16,Playlist,Failed,0.865,Timeout or Error
2026-08-25 09:55,Video,OK,0.359,
2026-08-25 09:55,Search,OK,1.277,"[{""type"":""channel"" ""author"":""test"" ""authorId"":""UCZRcA_nO3Kt-SOml2mY8D9g"" ""authorUrl"":""/channel/UCZRc"
2026-08-25 09:55,Channel,Failed,0.51,Timeout or Error
2026-08-25 09:55,Comments,OK,1.267,"{""commentCount"":10567081 ""videoId"":""jNQXAC9IVRw"" ""comments"":[{""authorId"":""UCC5NfQ6Mf0dq_eEwv4P_hWA"" "
2026-08-25 09:55,Playlist,Failed,0.759,Timeout or Error
2026-08-25 11:15,Video,OK,1.338,
2026-08-25 11:15,Search,OK,3.154,"[{""type"":""channel"" ""author"":""test"" ""authorId"":""UCZRcA_nO3Kt-SOml2mY8D9g"" ""authorUrl"":""/channel/UCZRc"
2026-08-25 11:15,Channel,Failed,0.833,Timeout or Error
2026-08-25 11:15,Comments,OK,0.918,"{""commentCount"":10566938 ""videoId"":""jNQXAC9IVRw"" ""comments"":[{""authorId"":""UCC5NfQ6Mf0dq_eEwv4P_hWA"" "
2026-08-25 11:15,Playlist,Failed,0.427,Timeout or Error
2026-08-25 12:42,Video,Failed,1.273,Timeout or Error
2026-08-25 12:42,Search,OK,1.446,"[{""type"":""channel"" ""author"":""test"" ""authorId"":""UCZRcA_nO3Kt-SOml2mY8D9g"" ""authorUrl"":""/channel/UCZRc"
2026-08-25 12:42,Channel,Failed,0.464,Timeout or Error
2026-08-25 12:42,Comments,OK,0.879,"{""commentCount"":10566961 ""videoId"":""jNQXAC9IVRw"" ""comments"":[{""authorId"":""UCC5NfQ6Mf0dq_eEwv4P_hWA"" "
2026-08-25 12:42,Playlist,Failed,1.277,Timeout or Error
2026-08-25 13:32,Video,Failed,0.307,Timeout or Error
2026-08-25 13:32,Search,OK,0.851,"[{""type"":""channel"" ""author"":""test"" ""authorId"":""UCZRcA_nO3Kt-SOml2mY8D9g"" ""authorUrl"":""/channel/UCZRc"
2026-08-25 13:32,Channel,Failed,0.391,Timeout or Error
2026-08-25 13:32,Comments,OK,0.829,"{""commentCount"":10566990 ""videoId"":""jNQXAC9IVRw"" ""comments"":[{""authorId"":""UCC5NfQ6Mf0dq_eEwv4P_hWA"" "
2026-08-25 13:32,Playlist,Failed,0.281,Timeout or Error
2026-08-25 14:25,Video,Failed,1.695,Timeout or Error
2026-08-25 14:25,Search,OK,1.492,"[{""type"":""channel"" ""author"":""test"" ""authorId"":""UCZRcA_nO3Kt-SOml2mY8D9g"" ""authorUrl"":""/channel/UCZRc"
2026-08-25 14:25,Channel,Failed,1.143,Timeout or Error
2026-08-25 14:25,Comments,OK,1.322,"{""commentCount"":10566994 ""videoId"":""jNQXAC9IVRw"" ""comments"":[{""authorId"":""UCC5NfQ6Mf0dq_eEwv4P_hWA"" "
2026-08-25 14:25,Playlist,Failed,1.527,Timeout or Error
2026-08-25 15:35,Video,OK,0.715,
2026-08-25 15:35,Search,OK,0.998,"[{""type"":""channel"" ""author"":""test"" ""authorId"":""UCZRcA_nO3Kt-SOml2mY8D9g"" ""authorUrl"":""/channel/UCZRc"
2026-08-25 15:35,Channel,Failed,0.296,Timeout or Error
2026-08-25 15:35,Comments,OK,0.758,"{""commentCount"":10567017 ""videoId"":""jNQXAC9IVRw"" ""comments"":[{""authorId"":""UCC5NfQ6Mf0dq_eEwv4P_hWA"" "
2026-08-25 15:35,Playlist,Failed,1.029,Timeout or Error
2026-08-25 16:38,Video,OK,0.409,
2026-08-25 16:38,Search,OK,1.104,"[{""type"":""channel"" ""author"":""test"" ""authorId"":""UCZRcA_nO3Kt-SOml2mY8D9g"" ""authorUrl"":""/channel/UCZRc"
2026-08-25 16:38,Channel,Failed,0.396,Timeout or Error
2026-08-25 16:38,Comments,OK,1.273,"{""commentCount"":10567021 ""videoId"":""jNQXAC9IVRw"" ""comments"":[{""authorId"":""UCC5NfQ6Mf0dq_eEwv4P_hWA"" "
2026-08-25 16:38,Playlist,Failed,0.43,Timeout or Error
2026-08-25 17:34,Video,Failed,1.862,Timeout or Error
2026-08-25 17:34,Search,OK,1.051,"[{""type"":""channel"" ""author"":""test"" ""authorId"":""UCZRcA_nO3Kt-SOml2mY8D9g"" ""authorUrl"":""/channel/UCZRc"
2026-08-25 17:34,Channel,Failed,0.569,Timeout or Error
2026-08-25 17:34,Comments,OK,0.759,"{""commentCount"":10567038 ""videoId"":""jNQXAC9IVRw"" ""comments"":[{""authorId"":""UCC5NfQ6Mf0dq_eEwv4P_hWA"" "
2026-08-25 17:34,Playlist,Failed,0.648,Timeout or Error
2026-08-25 18:28,Video,OK,0.858,
2026-08-25 18:28,Search,OK,1.41,"[{""type"":""channel"" ""author"":""test"" ""authorId"":""UCZRcA_nO3Kt-SOml2mY8D9g"" ""authorUrl"":""/channel/UCZRc"
2026-08-25 18:28,Channel,Failed,1.036,Timeout or Error
2026-08-25 18:28,Comments,OK,0.812,"{""commentCount"":10567063 ""videoId"":""jNQXAC9IVRw"" ""comments"":[{""authorId"":""UCC5NfQ6Mf0dq_eEwv4P_hWA"" "
2026-08-25 18:28,Playlist,Failed,0.719,Timeout or Error
2026-08-25 19:24,Video,OK,1.275,
2026-08-25 19:24,Search,OK,1.694,"[{""type"":""channel"" ""author"":""test"" ""authorId"":""UCZRcA_nO3Kt-SOml2mY8D9g"" ""authorUrl"":""/channel/UCZRc"
2026-08-25 19:24,Channel,Failed,0.721,Timeout or Error
2026-08-25 19:24,Comments,OK,0.88,"{""commentCount"":10567098 ""videoId"":""jNQXAC9IVRw"" ""comments"":[{""authorId"":""UCC5NfQ6Mf0dq_eEwv4P_hWA"" "
2026-08-25 19:24,Playlist,Failed,1.019,Timeout or Error
2026-08-25 20:20,Video,OK,1.105,
2026-08-25 20:20,Search,OK,2.88,"[{""type"":""channel"" ""author"":""test"" ""authorId"":""UCZRcA_nO3Kt-SOml2mY8D9g"" ""authorUrl"":""/channel/UCZRc"
2026-08-25 20:20,Channel,Failed,1.976,Timeout or Error
2026-08-25 20:20,Comments,OK,1.347,"{""commentCount"":10567112 ""videoId"":""jNQXAC9IVRw"" ""comments"":[{""authorId"":""UCC5NfQ6Mf0dq_eEwv4P_hWA"" "
2026-08-25 20:20,Playlist,Failed,1.313,Timeout or Error
2026-08-25 21:35,Video,OK,0.242,
2026-08-25 21:35,Search,OK,1.154,"[{""type"":""channel"" ""author"":""test"" ""authorId"":""UCZRcA_nO3Kt-SOml2mY8D9g"" ""authorUrl"":""/channel/UCZRc"
2026-08-25 21:35,Channel,Failed,0.326,Timeout or Error
2026-08-25 21:35,Comments,OK,0.843,"{""commentCount"":10567160 ""videoId"":""jNQXAC9IVRw"" ""comments"":[{""authorId"":""UCC5NfQ6Mf0dq_eEwv4P_hWA"" "
2026-08-25 21:35,Playlist,Failed,0.706,Timeout or Error
2026-08-25 22:42,Video,OK,1.992,
2026-08-25 22:42,Search,OK,2.323,"[{""type"":""channel"" ""author"":""test"" ""authorId"":""UCZRcA_nO3Kt-SOml2mY8D9g"" ""authorUrl"":""/channel/UCZRc"
2026-08-25 22:42,Channel,Failed,1.875,Timeout or Error
2026-08-25 22:42,Comments,OK,0.969,"{""commentCount"":10567200 ""videoId"":""jNQXAC9IVRw"" ""comments"":[{""authorId"":""UCC5NfQ6Mf0dq_eEwv4P_hWA"" "
2026-08-25 22:42,Playlist,Failed,1.016,Timeout or Error
2026-08-25 23:37,Video,OK,0.909,
2026-08-25 23:37,Search,OK,1.19,"[{""type"":""channel"" ""author"":""test"" ""authorId"":""UCZRcA_nO3Kt-SOml2mY8D9g"" ""authorUrl"":""/channel/UCZRc"
2026-08-25 23:37,Channel,Failed,0.385,Timeout or Error
2026-08-25 23:37,Comments,OK,0.964,"{""commentCount"":10567239 ""videoId"":""jNQXAC9IVRw"" ""comments"":[{""authorId"":""UCC5NfQ6Mf0dq_eEwv4P_hWA"" "
2026-08-25 23:37,Playlist,Failed,0.455,Timeout or Error
2026-08-26 00:36,Video,OK,1.425,
2026-08-26 00:36,Search,OK,1.134,"[{""type"":""channel"" ""author"":""test"" ""authorId"":""UCZRcA_nO3Kt-SOml2mY8D9g"" ""authorUrl"":""/channel/UCZRc"
2026-08-26 00:36,Channel,Failed,2.468,Timeout or Error
2026-08-26 00:36,Comments,OK,1.216,"{""commentCount"":10567282 ""videoId"":""jNQXAC9IVRw"" ""comments"":[{""authorId"":""UCC5NfQ6Mf0dq_eEwv4P_hWA"" "
2026-08-26 00:36,Playlist,Failed,0.585,Timeout or Error
2026-08-26 01:28,Video,OK,1.191,
2026-08-26 01:28,Search,OK,1.091,"[{""type"":""channel"" ""author"":""test"" ""authorId"":""UCZRcA_nO3Kt-SOml2mY8D9g"" ""authorUrl"":""/channel/UCZRc"
2026-08-26 01:28,Channel,Failed,0.801,Timeout or Error
2026-08-26 01:28,Comments,OK,1.197,"{""commentCount"":10567330 ""videoId"":""jNQXAC9IVRw"" ""comments"":[{""authorId"":""UCC5NfQ6Mf0dq_eEwv4P_hWA"" "
2026-08-26 01:28,Playlist,Failed,0.749,Timeout or Error
2026-08-26 02:25,Video,Failed,0.59,Timeout or Error
2026-08-26 02:25,Search,OK,1.532,"[{""type"":""channel"" ""author"":""test"" ""authorId"":""UCZRcA_nO3Kt-SOml2mY8D9g"" ""authorUrl"":""/channel/UCZRc"
2026-08-26 02:25,Channel,Failed,0.421,Timeout or Error
2026-08-26 02:25,Comments,OK,1.274,"{""commentCount"":10567375 ""videoId"":""jNQXAC9IVRw"" ""comments"":[{""authorId"":""UCC5NfQ6Mf0dq_eEwv4P_hWA"" "
2026-08-26 02:25,Playlist,Failed,0.494,Timeout or Error
2026-08-26 03:30,Video,OK,2.394,
2026-08-26 03:30,Search,OK,1.371,"[{""type"":""channel"" ""author"":""test"" ""authorId"":""UCZRcA_nO3Kt-SOml2mY8D9g"" ""authorUrl"":""/channel/UCZRc"
2026-08-26 03:30,Channel,Failed,0.376,Timeout or Error
2026-08-26 03:30,Comments,OK,0.934,"{""commentCount"":10567421 ""videoId"":""jNQXAC9IVRw"" ""comments"":[{""authorId"":""UCC5NfQ6Mf0dq_eEwv4P_hWA"" "
2026-08-26 03:30,Playlist,Failed,0.331,Timeout or Error
2026-08-26 04:25,Video,Failed,1.494,Timeout or Error
2026-08-26 04:25,Search,OK,1.71,"[{""type"":""channel"" ""author"":""test"" ""authorId"":""UCZRcA_nO3Kt-SOml2mY8D9g"" ""authorUrl"":""/channel/UCZRc"
2026-08-26 04:25,Channel,Failed,0.52,Timeout or Error
2026-08-26 04:25,Comments,OK,0.595,"{""commentCount"":10567428 ""videoId"":""jNQXAC9IVRw"" ""comments"":[{""authorId"":""UCC5NfQ6Mf0dq_eEwv4P_hWA"" "
2026-08-26 04:25,Playlist,Failed,0.787,Timeout or Error
2026-08-26 05:20,Video,Failed,0.558,Timeout or Error
2026-08-26 05:20,Search,Failed,1.492,Timeout or Error
2026-08-26 05:20,Channel,Failed,0.524,Timeout or Error
2026-08-26 05:20,Comments,OK,0.885,"{""commentCount"":10567463 ""videoId"":""jNQXAC9IVRw"" ""comments"":[{""authorId"":""UCC5NfQ6Mf0dq_eEwv4P_hWA"" "
2026-08-26 05:20,Playlist,Failed,0.467,Timeout or Error
2026-08-26 06:20,Video,Failed,0.694,Timeout or Error
2026-08-26 06:20,Search,OK,1.132,"[{""type"":""channel"" ""author"":""test"" ""authorId"":""UCZRcA_nO3Kt-SOml2mY8D9g"" ""authorUrl"":""/channel/UCZRc"
2026-08-26 06:20,Channel,Failed,0.811,Timeout or Error
2026-08-26 06:20,Comments,OK,1.31,"{""commentCount"":10567500 ""videoId"":""jNQXAC9IVRw"" ""comments"":[{""authorId"":""UCC5NfQ6Mf0dq_eEwv4P_hWA"" "
2026-08-26 06:20,Playlist,Failed,0.889,Timeout or Error
2026-08-26 07:19,Video,Failed,1.534,Timeout or Error
2026-08-26 07:19,Search,OK,1.095,"[{""type"":""channel"" ""author"":""test"" ""authorId"":""UCZRcA_nO3Kt-SOml2mY8D9g"" ""authorUrl"":""/channel/UCZRc"
2026-08-26 07:19,Channel,Failed,1.306,Timeout or Error
2026-08-26 07:19,Comments,OK,1.506,"{""commentCount"":10567484 ""videoId"":""jNQXAC9IVRw"" ""comments"":[{""authorId"":""UCC5NfQ6Mf0dq_eEwv4P_hWA"" "
2026-08-26 07:19,Playlist,Failed,0.65,Timeout or Error
2026-08-26 08:19,Video,OK,0.692,
2026-08-26 08:19,Search,Failed,2.43,Timeout or Error
2026-08-26 08:19,Channel,Failed,0.612,Timeout or Error
2026-08-26 08:19,Comments,OK,1.428,"{""commentCount"":10567525 ""videoId"":""jNQXAC9IVRw"" ""comments"":[{""authorId"":""UCC5NfQ6Mf0dq_eEwv4P_hWA"" "
2026-08-26 08:19,Playlist,Failed,0.917,Timeout or Error
2026-08-26 09:55,Video,OK,0.49,
2026-08-26 09:55,Search,OK,2.629,"[{""type"":""channel"" ""author"":""test"" ""authorId"":""UCZRcA_nO3Kt-SOml2mY8D9g"" ""authorUrl"":""/channel/UCZRc"
2026-08-26 09:55,Channel,Failed,0.478,Timeout or Error
2026-08-26 09:55,Comments,OK,1.236,"{""commentCount"":10567587 ""videoId"":""jNQXAC9IVRw"" ""comments"":[{""authorId"":""UCC5NfQ6Mf0dq_eEwv4P_hWA"" "
2026-08-26 09:55,Playlist,Failed,0.374,Timeout or Error
2026-08-26 11:22,Video,OK,1.139,
2026-08-26 11:22,Search,OK,1.262,"[{""type"":""channel"" ""author"":""test"" ""authorId"":""UCZRcA_nO3Kt-SOml2mY8D9g"" ""authorUrl"":""/channel/UCZRc"
2026-08-26 11:22,Channel,Failed,1.196,Timeout or Error
2026-08-26 11:22,Comments,OK,1.605,"{""commentCount"":10567613 ""videoId"":""jNQXAC9IVRw"" ""comments"":[{""authorId"":""UCC5NfQ6Mf0dq_eEwv4P_hWA"" "
2026-08-26 11:22,Playlist,Failed,1.223,Timeout or Error
2026-08-26 12:48,Video,OK,1.581,
2026-08-26 12:48,Search,OK,1.285,"[{""type"":""channel"" ""author"":""test"" ""authorId"":""UCZRcA_nO3Kt-SOml2mY8D9g"" ""authorUrl"":""/channel/UCZRc"
2026-08-26 12:48,Channel,Failed,0.278,Timeout or Error
2026-08-26 12:48,Comments,OK,0.722,"{""commentCount"":10567669 ""videoId"":""jNQXAC9IVRw"" ""comments"":[{""authorId"":""UCC5NfQ6Mf0dq_eEwv4P_hWA"" "
2026-08-26 12:48,Playlist,Failed,0.306,Timeout or Error
2026-08-26 13:33,Video,OK,1.787,
2026-08-26 13:33,Search,OK,1.37,"[{""type"":""channel"" ""author"":""test"" ""authorId"":""UCZRcA_nO3Kt-SOml2mY8D9g"" ""authorUrl"":""/channel/UCZRc"
2026-08-26 13:33,Channel,Failed,2.063,Timeout or Error
2026-08-26 13:33,Comments,OK,1.056,"{""commentCount"":10567695 ""videoId"":""jNQXAC9IVRw"" ""comments"":[{""authorId"":""UCC5NfQ6Mf0dq_eEwv4P_hWA"" "
2026-08-26 13:33,Playlist,Failed,1.446,Timeout or Error
2026-08-26 14:28,Video,OK,1.087,
2026-08-26 14:28,Search,OK,1.539,"[{""type"":""channel"" ""author"":""test"" ""authorId"":""UCZRcA_nO3Kt-SOml2mY8D9g"" ""authorUrl"":""/channel/UCZRc"
2026-08-26 14:28,Channel,Failed,0.768,Timeout or Error
2026-08-26 14:28,Comments,OK,1.208,"{""commentCount"":10567734 ""videoId"":""jNQXAC9IVRw"" ""comments"":[{""authorId"":""UCC5NfQ6Mf0dq_eEwv4P_hWA"" "
2026-08-26 14:28,Playlist,Failed,1.245,Timeout or Error
2026-08-26 15:36,Video,OK,0.91,
2026-08-26 15:36,Search,OK,1.852,"[{""type"":""channel"" ""author"":""test"" ""authorId"":""UCZRcA_nO3Kt-SOml2mY8D9g"" ""authorUrl"":""/channel/UCZRc"
2026-08-26 15:36,Channel,Failed,2.033,Timeout or Error
2026-08-26 15:36,Comments,OK,1.44,"{""commentCount"":10567768 ""videoId"":""jNQXAC9IVRw"" ""comments"":[{""authorId"":""UCC5NfQ6Mf0dq_eEwv4P_hWA"" "
2026-08-26 15:36,Playlist,Failed,0.738,Timeout or Error
2026-08-26 16:40,Video,OK,0.94,
2026-08-26 16:40,Search,OK,1.042,"[{""type"":""channel"" ""author"":""test"" ""authorId"":""UCZRcA_nO3Kt-SOml2mY8D9g"" ""authorUrl"":""/channel/UCZRc"
2026-08-26 16:40,Channel,Failed,0.573,Timeout or Error
2026-08-26 16:40,Comments,OK,2.821,"{""commentCount"":10567782 ""videoId"":""jNQXAC9IVRw"" ""comments"":[{""authorId"":""UCC5NfQ6Mf0dq_eEwv4P_hWA"" "
2026-08-26 16:40,Playlist,Failed,0.696,Timeout or Error
2026-08-26 17:35,Video,OK,3.347,
2026-08-26 17:35,Search,OK,0.973,"[{""type"":""channel"" ""author"":""test"" ""authorId"":""UCZRcA_nO3Kt-SOml2mY8D9g"" ""authorUrl"":""/channel/UCZRc"
2026-08-26 17:35,Channel,Failed,0.384,Timeout or Error
2026-08-26 17:35,Comments,OK,1.431,"{""commentCount"":10567818 ""videoId"":""jNQXAC9IVRw"" ""comments"":[{""authorId"":""UCC5NfQ6Mf0dq_eEwv4P_hWA"" "
2026-08-26 17:35,Playlist,Failed,0.571,Timeout or Error
2026-08-26 18:34,Video,OK,1.185,
2026-08-26 18:34,Search,Failed,2.433,Timeout or Error
2026-08-26 18:34,Channel,Failed,0.576,Timeout or Error
2026-08-26 18:34,Comments,OK,1.602,"{""commentCount"":10567871 ""videoId"":""jNQXAC9IVRw"" ""comments"":[{""authorId"":""UCC5NfQ6Mf0dq_eEwv4P_hWA"" "
2026-08-26 18:34,Playlist,Failed,1.051,Timeout or Error
2026-08-26 19:28,Video,Failed,1.561,Timeout or Error
2026-08-26 19:28,Search,OK,1.229,"[{""type"":""channel"" ""author"":""test"" ""authorId"":""UCZRcA_nO3Kt-SOml2mY8D9g"" ""authorUrl"":""/channel/UCZRc"
2026-08-26 19:28,Channel,Failed,0.704,Timeout or Error
2026-08-26 19:28,Comments,OK,0.904,"{""commentCount"":10567912 ""videoId"":""jNQXAC9IVRw"" ""comments"":[{""authorId"":""UCC5NfQ6Mf0dq_eEwv4P_hWA"" "
2026-08-26 19:28,Playlist,Failed,1.077,Timeout or Error
2026-08-26 20:22,Video,OK,0.638,
2026-08-26 20:22,Search,OK,1.379,"[{""type"":""channel"" ""author"":""test"" ""authorId"":""UCZRcA_nO3Kt-SOml2mY8D9g"" ""authorUrl"":""/channel/UCZRc"
2026-08-26 20:22,Channel,Failed,0.445,Timeout or Error
2026-08-26 20:22,Comments,OK,1.069,"{""commentCount"":10567964 ""videoId"":""jNQXAC9IVRw"" ""comments"":[{""authorId"":""UCC5NfQ6Mf0dq_eEwv4P_hWA"" "
2026-08-26 20:22,Playlist,Failed,0.538,Timeout or Error
2026-08-26 21:38,Video,Failed,1.433,Timeout or Error
2026-08-26 21:38,Search,OK,1.384,"[{""type"":""channel"" ""author"":""test"" ""authorId"":""UCZRcA_nO3Kt-SOml2mY8D9g"" ""authorUrl"":""/channel/UCZRc"
2026-08-26 21:38,Channel,Failed,0.885,Timeout or Error
2026-08-26 21:38,Comments,OK,1.305,"{""commentCount"":10568003 ""videoId"":""jNQXAC9IVRw"" ""comments"":[{""authorId"":""UCC5NfQ6Mf0dq_eEwv4P_hWA"" "
2026-08-26 21:38,Playlist,Failed,1.96,Timeout or Error
2026-08-26 22:49,Video,OK,0.717,
2026-08-26 22:49,Search,OK,1.228,"[{""type"":""channel"" ""author"":""test"" ""authorId"":""UCZRcA_nO3Kt-SOml2mY8D9g"" ""authorUrl"":""/channel/UCZRc"
2026-08-26 22:49,Channel,Failed,0.537,Timeout or Error
2026-08-26 22:49,Comments,OK,0.973,"{""commentCount"":10568080 ""videoId"":""jNQXAC9IVRw"" ""comments"":[{""authorId"":""UCC5NfQ6Mf0dq_eEwv4P_hWA"" "
2026-08-26 22:49,Playlist,Failed,0.28,Timeout or Error
2026-08-26 23:37,Video,Failed,2.457,Timeout or Error
2026-08-26 23:37,Search,OK,0.905,"[{""type"":""channel"" ""author"":""test"" ""authorId"":""UCZRcA_nO3Kt-SOml2mY8D9g"" ""authorUrl"":""/channel/UCZRc"
2026-08-26 23:37,Channel,Failed,0.73,Timeout or Error
2026-08-26 23:37,Comments,OK,0.765,"{""commentCount"":10568108 ""videoId"":""jNQXAC9IVRw"" ""comments"":[{""authorId"":""UCC5NfQ6Mf0dq_eEwv4P_hWA"" "
2026-08-26 23:37,Playlist,Failed,0.278,Timeout or Error
2026-08-27 01:12,Video,OK,1.376,
2026-08-27 01:12,Search,OK,1.982,"[{""type"":""channel"" ""author"":""test"" ""authorId"":""UCZRcA_nO3Kt-SOml2mY8D9g"" ""authorUrl"":""/channel/UCZRc"
2026-08-27 01:12,Channel,Failed,1.051,Timeout or Error
2026-08-27 01:12,Comments,OK,0.972,"{""commentCount"":10568196 ""videoId"":""jNQXAC9IVRw"" ""comments"":[{""authorId"":""UCC5NfQ6Mf0dq_eEwv4P_hWA"" "
2026-08-27 01:12,Playlist,Failed,0.62,Timeout or Error
2026-08-27 03:53,Video,OK,0.262,
2026-08-27 03:53,Search,OK,0.94,"[{""type"":""channel"" ""author"":""test"" ""authorId"":""UCZRcA_nO3Kt-SOml2mY8D9g"" ""authorUrl"":""/channel/UCZRc"
2026-08-27 03:53,Channel,Failed,0.308,Timeout or Error
2026-08-27 03:53,Comments,OK,0.892,"{""commentCount"":10568361 ""videoId"":""jNQXAC9IVRw"" ""comments"":[{""authorId"":""UCC5NfQ6Mf0dq_eEwv4P_hWA"" "
2026-08-27 03:53,Playlist,Failed,0.533,Timeout or Error
2026-08-27 06:33,Video,OK,1.013,
2026-08-27 06:33,Search,OK,1.455,"[{""type"":""channel"" ""author"":""test"" ""authorId"":""UCZRcA_nO3Kt-SOml2mY8D9g"" ""authorUrl"":""/channel/UCZRc"
2026-08-27 06:33,Channel,Failed,0.605,Timeout or Error
2026-08-27 06:33,Comments,OK,1.475,"{""commentCount"":10568461 ""videoId"":""jNQXAC9IVRw"" ""comments"":[{""authorId"":""UCC5NfQ6Mf0dq_eEwv4P_hWA"" "
2026-08-27 06:33,Playlist,Failed,0.862,Timeout or Error
2026-08-27 11:47,Video,OK,1.496,
2026-08-27 11:47,Search,OK,1.608,"[{""type"":""channel"" ""author"":""test"" ""authorId"":""UCZRcA_nO3Kt-SOml2mY8D9g"" ""authorUrl"":""/channel/UCZRc"
2026-08-27 11:47,Channel,Failed,0.795,Timeout or Error
2026-08-27 11:47,Comments,OK,1.464,"{""commentCount"":10568689 ""videoId"":""jNQXAC9IVRw"" ""comments"":[{""authorId"":""UCC5NfQ6Mf0dq_eEwv4P_hWA"" "
2026-08-27 11:47,Playlist,Failed,0.925,Timeout or Error
2026-08-27 22:35,Video,OK,0.926,
2026-08-27 22:35,Search,OK,1.273,"[{""type"":""channel"" ""author"":""test"" ""authorId"":""UCZRcA_nO3Kt-SOml2mY8D9g"" ""authorUrl"":""/channel/UCZRc"
2026-08-27 22:35,Channel,Failed,0.829,Timeout or Error
2026-08-27 22:35,Comments,OK,1.029,"{""commentCount"":10568802 ""videoId"":""jNQXAC9IVRw"" ""comments"":[{""authorId"":""UCC5NfQ6Mf0dq_eEwv4P_hWA"" "
2026-08-27 22:35,Playlist,Failed,0.856,Timeout or Error
2026-08-28 08:27,Video,OK,0.275,
2026-08-28 08:27,Search,OK,1.114,"[{""type"":""channel"" ""author"":""test"" ""authorId"":""UCZRcA_nO3Kt-SOml2mY8D9g"" ""authorUrl"":""/channel/UCZRc"
2026-08-28 08:27,Channel,Failed,0.561,Timeout or Error
2026-08-28 08:27,Comments,OK,0.601,"{""commentCount"":10569485 ""videoId"":""jNQXAC9IVRw"" ""comments"":[{""authorId"":""UCC5NfQ6Mf0dq_eEwv4P_hWA"" "
2026-08-28 08:27,Playlist,Failed,0.416,Timeout or Error
2026-08-28 17:32,Video,OK,1.764,
2026-08-28 17:32,Search,OK,1.41,"[{""type"":""channel"" ""author"":""test"" ""authorId"":""UCZRcA_nO3Kt-SOml2mY8D9g"" ""authorUrl"":""/channel/UCZRc"
2026-08-28 17:32,Channel,Failed,0.389,Timeout or Error
2026-08-28 17:32,Comments,OK,1.306,"{""commentCount"":10569729 ""videoId"":""jNQXAC9IVRw"" ""comments"":[{""authorId"":""UCC5NfQ6Mf0dq_eEwv4P_hWA"" "
2026-08-28 17:32,Playlist,Failed,0.414,Timeout or Error
2026-08-29 05:35,Video,OK,0.496,
2026-08-29 05:35,Search,OK,0.983,"[{""type"":""channel"" ""author"":""test"" ""authorId"":""UCZRcA_nO3Kt-SOml2mY8D9g"" ""authorUrl"":""/channel/UCZRc"
2026-08-29 05:35,Channel,Failed,0.493,Timeout or Error
2026-08-29 05:35,Comments,OK,0.917,"{""commentCount"":10571009 ""videoId"":""jNQXAC9IVRw"" ""comments"":[{""authorId"":""UCC5NfQ6Mf0dq_eEwv4P_hWA"" "
2026-08-29 05:35,Playlist,Failed,0.966,Timeout or Error
2026-08-29 12:00,Video,OK,2.08,
2026-08-29 12:00,Search,OK,1.484,"[{""type"":""channel"" ""author"":""test"" ""authorId"":""UCZRcA_nO3Kt-SOml2mY8D9g"" ""authorUrl"":""/channel/UCZRc"
2026-08-29 12:00,Channel,Failed,0.587,Timeout or Error
2026-08-29 12:00,Comments,OK,0.993,"{""commentCount"":10571488 ""videoId"":""jNQXAC9IVRw"" ""comments"":[{""authorId"":""UCC5NfQ6Mf0dq_eEwv4P_hWA"" "
2026-08-29 12:00,Playlist,Failed,1.09,Timeout or Error
2026-08-29 18:56,Video,OK,1.457,
2026-08-29 18:56,Search,OK,1.551,"[{""type"":""channel"" ""author"":""test"" ""authorId"":""UCZRcA_nO3Kt-SOml2mY8D9g"" ""authorUrl"":""/channel/UCZRc"
2026-08-29 18:56,Channel,Failed,0.581,Timeout or Error
2026-08-29 18:56,Comments,OK,1.077,"{""commentCount"":10572013 ""videoId"":""jNQXAC9IVRw"" ""comments"":[{""authorId"":""UCC5NfQ6Mf0dq_eEwv4P_hWA"" "
2026-08-29 18:56,Playlist,Failed,0.586,Timeout or Error
2026-08-29 23:54,Video,OK,1.02,
2026-08-29 23:54,Search,OK,1.211,"[{""type"":""channel"" ""author"":""test"" ""authorId"":""UCZRcA_nO3Kt-SOml2mY8D9g"" ""authorUrl"":""/channel/UCZRc"
2026-08-29 23:54,Channel,Failed,0.773,Timeout or Error
2026-08-29 23:54,Comments,OK,0.838,"{""commentCount"":10572740 ""videoId"":""jNQXAC9IVRw"" ""comments"":[{""authorId"":""UCC5NfQ6Mf0dq_eEwv4P_hWA"" "
2026-08-29 23:54,Playlist,Failed,0.681,Timeout or Error
2026-08-30 03:07,Video,OK,0.442,
2026-08-30 03:07,Search,OK,0.962,"[{""type"":""channel"" ""author"":""test"" ""authorId"":""UCZRcA_nO3Kt-SOml2mY8D9g"" ""authorUrl"":""/channel/UCZRc"
2026-08-30 03:07,Channel,Failed,0.591,Timeout or Error
2026-08-30 03:07,Comments,OK,0.902,"{""commentCount"":10573265 ""videoId"":""jNQXAC9IVRw"" ""comments"":[{""authorId"":""UCC5NfQ6Mf0dq_eEwv4P_hWA"" "
2026-08-30 03:07,Playlist,Failed,0.507,Timeout or Error
2026-08-30 06:28,Video,OK,1.238,
2026-08-30 06:28,Search,OK,1.568,"[{""type"":""channel"" ""author"":""test"" ""authorId"":""UCZRcA_nO3Kt-SOml2mY8D9g"" ""authorUrl"":""/channel/UCZRc"
2026-08-30 06:28,Channel,Failed,0.811,Timeout or Error
2026-08-30 06:28,Comments,OK,0.868,"{""commentCount"":10573689 ""videoId"":""jNQXAC9IVRw"" ""comments"":[{""authorId"":""UCC5NfQ6Mf0dq_eEwv4P_hWA"" "
2026-08-30 06:28,Playlist,Failed,0.604,Timeout or Error
2026-08-30 08:50,Video,OK,1.133,
2026-08-30 08:50,Search,OK,1.274,"[{""type"":""channel"" ""author"":""test"" ""authorId"":""UCZRcA_nO3Kt-SOml2mY8D9g"" ""authorUrl"":""/channel/UCZRc"
2026-08-30 08:50,Channel,Failed,0.651,Timeout or Error
2026-08-30 08:50,Comments,OK,0.658,"{""commentCount"":10573849 ""videoId"":""jNQXAC9IVRw"" ""comments"":[{""authorId"":""UCC5NfQ6Mf0dq_eEwv4P_hWA"" "
2026-08-30 08:50,Playlist,Failed,0.65,Timeout or Error
2026-08-30 12:03,Video,OK,0.625,
2026-08-30 12:03,Search,OK,1.4,"[{""type"":""channel"" ""author"":""test"" ""authorId"":""UCZRcA_nO3Kt-SOml2mY8D9g"" ""authorUrl"":""/channel/UCZRc"
2026-08-30 12:03,Channel,Failed,0.671,Timeout or Error
2026-08-30 12:03,Comments,OK,0.782,"{""commentCount"":10574289 ""videoId"":""jNQXAC9IVRw"" ""comments"":[{""authorId"":""UCC5NfQ6Mf0dq_eEwv4P_hWA"" "
2026-08-30 12:03,Playlist,Failed,0.435,Timeout or Error
2026-08-30 18:39,Video,OK,1.18,
2026-08-30 18:39,Search,OK,0.996,"[{""type"":""channel"" ""author"":""test"" ""authorId"":""UCZRcA_nO3Kt-SOml2mY8D9g"" ""authorUrl"":""/channel/UCZRc"
2026-08-30 18:39,Channel,Failed,0.856,Timeout or Error
2026-08-30 18:39,Comments,OK,0.886,"{""commentCount"":10575194 ""videoId"":""jNQXAC9IVRw"" ""comments"":[{""authorId"":""UCC5NfQ6Mf0dq_eEwv4P_hWA"" "
2026-08-30 18:39,Playlist,Failed,1.601,Timeout or Error
2026-08-30 23:37,Video,OK,0.529,
2026-08-30 23:37,Search,OK,0.963,"[{""type"":""channel"" ""author"":""test"" ""authorId"":""UCZRcA_nO3Kt-SOml2mY8D9g"" ""authorUrl"":""/channel/UCZRc"
2026-08-30 23:37,Channel,Failed,0.435,Timeout or Error
2026-08-30 23:37,Comments,OK,1.348,"{""commentCount"":10575955 ""videoId"":""jNQXAC9IVRw"" ""comments"":[{""authorId"":""UCC5NfQ6Mf0dq_eEwv4P_hWA"" "
2026-08-30 23:37,Playlist,Failed,0.66,Timeout or Error
2026-08-31 03:21,Video,OK,0.502,
2026-08-31 03:21,Search,OK,1.586,"[{""type"":""channel"" ""author"":""test"" ""authorId"":""UCZRcA_nO3Kt-SOml2mY8D9g"" ""authorUrl"":""/channel/UCZRc"
2026-08-31 03:21,Channel,Failed,0.847,Timeout or Error
2026-08-31 03:21,Comments,OK,0.945,"{""commentCount"":10576594 ""videoId"":""jNQXAC9IVRw"" ""comments"":[{""authorId"":""UCC5NfQ6Mf0dq_eEwv4P_hWA"" "
2026-08-31 03:21,Playlist,Failed,0.697,Timeout or Error
2026-08-31 06:48,Video,OK,0.347,
2026-08-31 06:48,Search,OK,1.161,"[{""type"":""channel"" ""author"":""test"" ""authorId"":""UCZRcA_nO3Kt-SOml2mY8D9g"" ""authorUrl"":""/channel/UCZRc"
2026-08-31 06:48,Channel,Failed,0.747,Timeout or Error
2026-08-31 06:48,Comments,OK,1.372,"{""commentCount"":10577019 ""videoId"":""jNQXAC9IVRw"" ""comments"":[{""authorId"":""UCC5NfQ6Mf0dq_eEwv4P_hWA"" "
2026-08-31 06:48,Playlist,Failed,0.335,Timeout or Error
2026-08-31 09:08,Video,OK,0.92,
2026-08-31 09:08,Search,OK,1.599,"[{""type"":""channel"" ""author"":""test"" ""authorId"":""UCZRcA_nO3Kt-SOml2mY8D9g"" ""authorUrl"":""/channel/UCZRc"
2026-08-31 09:08,Channel,Failed,2.717,Timeout or Error
2026-08-31 09:08,Comments,OK,1.135,"{""commentCount"":10577335 ""videoId"":""jNQXAC9IVRw"" ""comments"":[{""authorId"":""UCC5NfQ6Mf0dq_eEwv4P_hWA"" "
2026-08-31 09:08,Playlist,Failed,0.816,Timeout or Error
2026-08-31 15:32,Video,OK,0.696,
2026-08-31 15:32,Search,OK,1.034,"[{""type"":""channel"" ""author"":""test"" ""authorId"":""UCZRcA_nO3Kt-SOml2mY8D9g"" ""authorUrl"":""/channel/UCZRc"
2026-08-31 15:32,Channel,Failed,0.855,Timeout or Error
2026-08-31 15:32,Comments,OK,0.975,"{""commentCount"":10578062 ""videoId"":""jNQXAC9IVRw"" ""comments"":[{""authorId"":""UCC5NfQ6Mf0dq_eEwv4P_hWA"" "
2026-08-31 15:32,Playlist,Failed,0.536,Timeout or Error
2026-08-31 23:44,Video,OK,0.575,
2026-08-31 23:44,Search,OK,1.754,"[{""type"":""channel"" ""author"":""test"" ""authorId"":""UCZRcA_nO3Kt-SOml2mY8D9g"" ""authorUrl"":""/channel/UCZRc"
2026-08-31 23:44,Channel,Failed,0.673,Timeout or Error
2026-08-31 23:44,Comments,OK,1.429,"{""commentCount"":10579095 ""videoId"":""jNQXAC9IVRw"" ""comments"":[{""authorId"":""UCC5NfQ6Mf0dq_eEwv4P_hWA"" "
2026-08-31 23:44,Playlist,Failed,0.629,Timeout or Error
2026-09-01 05:34,Video,OK,1.314,
2026-09-01 05:34,Search,OK,1.172,"[{""type"":""channel"" ""author"":""test"" ""authorId"":""UCZRcA_nO3Kt-SOml2mY8D9g"" ""authorUrl"":""/channel/UCZRc"
2026-09-01 05:34,Channel,Failed,1.46,Timeout or Error
2026-09-01 05:34,Comments,OK,1.396,"{""commentCount"":10580114 ""videoId"":""jNQXAC9IVRw"" ""comments"":[{""authorId"":""UCC5NfQ6Mf0dq_eEwv4P_hWA"" "
2026-09-01 05:34,Playlist,Failed,0.903,Timeout or Error
2026-09-01 09:18,Video,OK,1.25,
2026-09-01 09:18,Search,OK,1.295,"[{""type"":""channel"" ""author"":""test"" ""authorId"":""UCZRcA_nO3Kt-SOml2mY8D9g"" ""authorUrl"":""/channel/UCZRc"
2026-09-01 09:18,Channel,Failed,0.564,Timeout or Error
2026-09-01 09:18,Comments,OK,1.188,"{""commentCount"":10580699 ""videoId"":""jNQXAC9IVRw"" ""comments"":[{""authorId"":""UCC5NfQ6Mf0dq_eEwv4P_hWA"" "
2026-09-01 09:18,Playlist,Failed,0.63,Timeout or Error
2026-09-01 14:57,Video,OK,0.556,
2026-09-01 14:57,Search,OK,1.177,"[{""type"":""channel"" ""author"":""test"" ""authorId"":""UCZRcA_nO3Kt-SOml2mY8D9g"" ""authorUrl"":""/channel/UCZRc"
2026-09-01 14:57,Channel,Failed,0.776,Timeout or Error
2026-09-01 14:57,Comments,OK,1.043,"{""commentCount"":10581302 ""videoId"":""jNQXAC9IVRw"" ""comments"":[{""authorId"":""UCC5NfQ6Mf0dq_eEwv4P_hWA"" "
2026-09-01 14:57,Playlist,Failed,0.743,Timeout or Error
2026-09-01 20:13,Video,OK,0.239,
2026-09-01 20:13,Search,OK,1.291,"[{""type"":""channel"" ""author"":""test"" ""authorId"":""UCZRcA_nO3Kt-SOml2mY8D9g"" ""authorUrl"":""/channel/UCZRc"
2026-09-01 20:13,Channel,Failed,0.538,Timeout or Error
2026-09-01 20:13,Comments,OK,0.547,"{""commentCount"":10581853 ""videoId"":""jNQXAC9IVRw"" ""comments"":[{""authorId"":""UCC5NfQ6Mf0dq_eEwv4P_hWA"" "
2026-09-01 20:13,Playlist,Failed,0.279,Timeout or Error
2026-09-02 00:55,Video,OK,1.838,
2026-09-02 00:55,Search,OK,1.528,"[{""type"":""channel"" ""author"":""test"" ""authorId"":""UCZRcA_nO3Kt-SOml2mY8D9g"" ""authorUrl"":""/channel/UCZRc"
2026-09-02 00:55,Channel,Failed,0.783,Timeout or Error
2026-09-02 00:55,Comments,OK,1.051,"{""commentCount"":10581441 ""videoId"":""jNQXAC9IVRw"" ""comments"":[{""authorId"":""UCC5NfQ6Mf0dq_eEwv4P_hWA"" "
2026-09-02 00:55,Playlist,Failed,0.613,Timeout or Error
2026-09-02 04:09,Video,OK,0.763,
2026-09-02 04:09,Search,OK,1.437,"[{""type"":""channel"" ""author"":""test"" ""authorId"":""UCZRcA_nO3Kt-SOml2mY8D9g"" ""authorUrl"":""/channel/UCZRc"
2026-09-02 04:09,Channel,Failed,0.596,Timeout or Error
2026-09-02 04:09,Comments,OK,0.966,"{""commentCount"":10582126 ""videoId"":""jNQXAC9IVRw"" ""comments"":[{""authorId"":""UCC5NfQ6Mf0dq_eEwv4P_hWA"" "
2026-09-02 04:09,Playlist,Failed,1.098,Timeout or Error
2026-09-02 07:18,Video,OK,0.85,
2026-09-02 07:18,Search,OK,1.318,"[{""type"":""channel"" ""author"":""test"" ""authorId"":""UCZRcA_nO3Kt-SOml2mY8D9g"" ""authorUrl"":""/channel/UCZRc"
2026-09-02 07:18,Channel,Failed,0.798,Timeout or Error
2026-09-02 07:18,Comments,OK,0.958,"{""commentCount"":10582587 ""videoId"":""jNQXAC9IVRw"" ""comments"":[{""authorId"":""UCC5NfQ6Mf0dq_eEwv4P_hWA"" "
2026-09-02 07:18,Playlist,Failed,0.766,Timeout or Error
2026-09-02 09:45,Video,OK,1.002,
2026-09-02 09:45,Search,OK,1.563,"[{""type"":""channel"" ""author"":""test"" ""authorId"":""UCZRcA_nO3Kt-SOml2mY8D9g"" ""authorUrl"":""/channel/UCZRc"
2026-09-02 09:45,Channel,Failed,1.357,Timeout or Error
2026-09-02 09:45,Comments,OK,1.1,"{""commentCount"":10582870 ""videoId"":""jNQXAC9IVRw"" ""comments"":[{""authorId"":""UCC5NfQ6Mf0dq_eEwv4P_hWA"" "
2026-09-02 09:45,Playlist,Failed,0.89,Timeout or Error
2026-09-02 14:20,Video,OK,1.152,
2026-09-02 14:20,Search,OK,1.201,"[{""type"":""channel"" ""author"":""test"" ""authorId"":""UCZRcA_nO3Kt-SOml2mY8D9g"" ""authorUrl"":""/channel/UCZRc"
2026-09-02 14:20,Channel,Failed,0.56,Timeout or Error
2026-09-02 14:20,Comments,OK,0.773,"{""commentCount"":10583221 ""videoId"":""jNQXAC9IVRw"" ""comments"":[{""authorId"":""UCC5NfQ6Mf0dq_eEwv4P_hWA"" "
2026-09-02 14:20,Playlist,Failed,0.598,Timeout or Error
2026-09-02 19:23,Video,OK,0.825,
2026-09-02 19:23,Search,OK,1.456,"[{""type"":""channel"" ""author"":""test"" ""authorId"":""UCZRcA_nO3Kt-SOml2mY8D9g"" ""authorUrl"":""/channel/UCZRc"
2026-09-02 19:23,Channel,Failed,0.578,Timeout or Error
2026-09-02 19:23,Comments,OK,0.855,"{""commentCount"":10583618 ""videoId"":""jNQXAC9IVRw"" ""comments"":[{""authorId"":""UCC5NfQ6Mf0dq_eEwv4P_hWA"" "
2026-09-02 19:23,Playlist,Failed,0.852,Timeout or Error
2026-09-02 23:53,Video,OK,0.894,
2026-09-02 23:53,Search,OK,1.27,"[{""type"":""channel"" ""author"":""test"" ""authorId"":""UCZRcA_nO3Kt-SOml2mY8D9g"" ""authorUrl"":""/channel/UCZRc"
2026-09-02 23:53,Channel,Failed,1.438,Timeout or Error
2026-09-02 23:53,Comments,OK,0.764,"{""commentCount"":10584125 ""videoId"":""jNQXAC9IVRw"" ""comments"":[{""authorId"":""UCC5NfQ6Mf0dq_eEwv4P_hWA"" "
2026-09-02 23:53,Playlist,Failed,0.577,Timeout or Error
2026-09-03 03:20,Video,OK,0.553,
2026-09-03 03:20,Search,OK,1.029,"[{""type"":""channel"" ""author"":""test"" ""authorId"":""UCZRcA_nO3Kt-SOml2mY8D9g"" ""authorUrl"":""/channel/UCZRc"
2026-09-03 03:20,Channel,Failed,0.349,Timeout or Error
2026-09-03 03:20,Comments,OK,0.587,"{""commentCount"":10584679 ""videoId"":""jNQXAC9IVRw"" ""comments"":[{""authorId"":""UCC5NfQ6Mf0dq_eEwv4P_hWA"" "
2026-09-03 03:20,Playlist,Failed,0.515,Timeout or Error
2026-09-03 06:30,Video,OK,0.727,
2026-09-03 06:30,Search,OK,2.489,"[{""type"":""channel"" ""author"":""test"" ""authorId"":""UCZRcA_nO3Kt-SOml2mY8D9g"" ""authorUrl"":""/channel/UCZRc"
2026-09-03 06:30,Channel,Failed,0.9,Timeout or Error
2026-09-03 06:30,Comments,OK,1.492,"{""commentCount"":10585681 ""videoId"":""jNQXAC9IVRw"" ""comments"":[{""authorId"":""UCC5NfQ6Mf0dq_eEwv4P_hWA"" "
2026-09-03 06:30,Playlist,Failed,1.473,Timeout or Error
2026-09-03 08:45,Video,OK,1.011,
2026-09-03 08:45,Search,OK,1.556,"[{""type"":""channel"" ""author"":""test"" ""authorId"":""UCZRcA_nO3Kt-SOml2mY8D9g"" ""authorUrl"":""/channel/UCZRc"
2026-09-03 08:45,Channel,Failed,1.066,Timeout or Error
2026-09-03 08:45,Comments,OK,1.337,"{""commentCount"":10586174 ""videoId"":""jNQXAC9IVRw"" ""comments"":[{""authorId"":""UCC5NfQ6Mf0dq_eEwv4P_hWA"" "
2026-09-03 08:45,Playlist,Failed,0.609,Timeout or Error
2026-09-03 11:31,Video,OK,0.603,
2026-09-03 11:31,Search,OK,1.446,"[{""type"":""channel"" ""author"":""test"" ""authorId"":""UCZRcA_nO3Kt-SOml2mY8D9g"" ""authorUrl"":""/channel/UCZRc"
2026-09-03 11:31,Channel,Failed,0.937,Timeout or Error
2026-09-03 11:31,Comments,OK,0.922,"{""commentCount"":10586507 ""videoId"":""jNQXAC9IVRw"" ""comments"":[{""authorId"":""UCC5NfQ6Mf0dq_eEwv4P_hWA"" "
2026-09-03 11:31,Playlist,Failed,0.654,Timeout or Error
2026-09-03 16:37,Video,OK,0.962,
2026-09-03 16:37,Search,OK,1.819,"[{""type"":""channel"" ""author"":""test"" ""authorId"":""UCZRcA_nO3Kt-SOml2mY8D9g"" ""authorUrl"":""/channel/UCZRc"
2026-09-03 16:37,Channel,Failed,1.59,Timeout or Error
2026-09-03 16:37,Comments,OK,0.928,"{""commentCount"":10587128 ""videoId"":""jNQXAC9IVRw"" ""comments"":[{""authorId"":""UCC5NfQ6Mf0dq_eEwv4P_hWA"" "
2026-09-03 16:37,Playlist,Failed,1.305,Timeout or Error
2026-09-03 21:28,Video,OK,1.126,
2026-09-03 21:28,Search,OK,1.104,"[{""type"":""channel"" ""author"":""test"" ""authorId"":""UCZRcA_nO3Kt-SOml2mY8D9g"" ""authorUrl"":""/channel/UCZRc"
2026-09-03 21:28,Channel,Failed,0.588,Timeout or Error
2026-09-03 21:28,Comments,OK,0.871,"{""commentCount"":10588025 ""videoId"":""jNQXAC9IVRw"" ""comments"":[{""authorId"":""UCC5NfQ6Mf0dq_eEwv4P_hWA"" "
2026-09-03 21:28,Playlist,Failed,0.8,Timeout or Error
2026-09-04 01:50,Video,OK,0.655,
2026-09-04 01:50,Search,OK,1.604,"[{""type"":""channel"" ""author"":""test"" ""authorId"":""UCZRcA_nO3Kt-SOml2mY8D9g"" ""authorUrl"":""/channel/UCZRc"
2026-09-04 01:50,Channel,Failed,0.667,Timeout or Error
2026-09-04 01:50,Comments,OK,0.845,"{""commentCount"":10589085 ""videoId"":""jNQXAC9IVRw"" ""comments"":[{""authorId"":""UCC5NfQ6Mf0dq_eEwv4P_hWA"" "
2026-09-04 01:50,Playlist,Failed,0.783,Timeout or Error
2026-09-04 04:34,Video,OK,0.496,
2026-09-04 04:34,Search,OK,1.26,"[{""type"":""channel"" ""author"":""test"" ""authorId"":""UCZRcA_nO3Kt-SOml2mY8D9g"" ""authorUrl"":""/channel/UCZRc"
2026-09-04 04:34,Channel,Failed,0.596,Timeout or Error
2026-09-04 04:34,Comments,OK,0.987,"{""commentCount"":10589974 ""videoId"":""jNQXAC9IVRw"" ""comments"":[{""authorId"":""UCC5NfQ6Mf0dq_eEwv4P_hWA"" "
2026-09-04 04:34,Playlist,Failed,0.574,Timeout or Error
2026-09-04 07:08,Video,OK,0.472,
2026-09-04 07:08,Search,OK,0.927,"[{""type"":""channel"" ""author"":""test"" ""authorId"":""UCZRcA_nO3Kt-SOml2mY8D9g"" ""authorUrl"":""/channel/UCZRc"
2026-09-04 07:08,Channel,Failed,0.293,Timeout or Error
2026-09-04 07:08,Comments,OK,0.846,"{""commentCount"":10590784 ""videoId"":""jNQXAC9IVRw"" ""comments"":[{""authorId"":""UCC5NfQ6Mf0dq_eEwv4P_hWA"" "
2026-09-04 07:08,Playlist,Failed,0.397,Timeout or Error
2026-09-04 09:38,Video,OK,1.077,
2026-09-04 09:38,Search,OK,1.597,"[{""type"":""video"" ""title"":""Can You Pass This Southern USA Slang Test? 🤠"" ""videoId"":""-RaLATWag2k"" ""aut"
2026-09-04 09:38,Channel,Failed,0.878,Timeout or Error
2026-09-04 09:38,Comments,OK,1.433,"{""commentCount"":10591178 ""videoId"":""jNQXAC9IVRw"" ""comments"":[{""authorId"":""UCC5NfQ6Mf0dq_eEwv4P_hWA"" "
2026-09-04 09:38,Playlist,Failed,0.599,Timeout or Error
2026-09-04 14:20,Video,OK,0.629,
2026-09-04 14:20,Search,OK,1.379,"[{""type"":""channel"" ""author"":""test"" ""authorId"":""UCZRcA_nO3Kt-SOml2mY8D9g"" ""authorUrl"":""/channel/UCZRc"
2026-09-04 14:20,Channel,Failed,0.288,Timeout or Error
2026-09-04 14:20,Comments,OK,0.522,"{""commentCount"":10591901 ""videoId"":""jNQXAC9IVRw"" ""comments"":[{""authorId"":""UCC5NfQ6Mf0dq_eEwv4P_hWA"" "
2026-09-04 14:20,Playlist,Failed,0.279,Timeout or Error
2026-09-04 19:21,Video,OK,0.906,
2026-09-04 19:21,Search,OK,1.812,"[{""type"":""channel"" ""author"":""test"" ""authorId"":""UCZRcA_nO3Kt-SOml2mY8D9g"" ""authorUrl"":""/channel/UCZRc"
2026-09-04 19:21,Channel,Failed,0.584,Timeout or Error
2026-09-04 19:21,Comments,OK,1.652,"{""commentCount"":10592572 ""videoId"":""jNQXAC9IVRw"" ""comments"":[{""authorId"":""UCC5NfQ6Mf0dq_eEwv4P_hWA"" "
2026-09-04 19:21,Playlist,Failed,0.932,Timeout or Error
2026-09-04 23:41,Video,OK,0.567,
2026-09-04 23:41,Search,OK,0.919,"[{""type"":""channel"" ""author"":""test"" ""authorId"":""UCZRcA_nO3Kt-SOml2mY8D9g"" ""authorUrl"":""/channel/UCZRc"
2026-09-04 23:41,Channel,Failed,0.315,Timeout or Error
2026-09-04 23:41,Comments,OK,0.765,"{""commentCount"":10593388 ""videoId"":""jNQXAC9IVRw"" ""comments"":[{""authorId"":""UCC5NfQ6Mf0dq_eEwv4P_hWA"" "
2026-09-04 23:41,Playlist,Failed,0.727,Timeout or Error
2026-09-05 02:58,Video,OK,0.968,
2026-09-05 02:58,Search,OK,1.499,"[{""type"":""channel"" ""author"":""test"" ""authorId"":""UCZRcA_nO3Kt-SOml2mY8D9g"" ""authorUrl"":""/channel/UCZRc"
2026-09-05 02:58,Channel,Failed,0.751,Timeout or Error
2026-09-05 02:58,Comments,OK,0.932,"{""commentCount"":10594198 ""videoId"":""jNQXAC9IVRw"" ""comments"":[{""authorId"":""UCC5NfQ6Mf0dq_eEwv4P_hWA"" "
2026-09-05 02:58,Playlist,Failed,0.567,Timeout or Error
2026-09-05 05:31,Video,OK,1.253,
2026-09-05 05:31,Search,OK,2.201,"[{""type"":""channel"" ""author"":""test"" ""authorId"":""UCZRcA_nO3Kt-SOml2mY8D9g"" ""authorUrl"":""/channel/UCZRc"
2026-09-05 05:31,Channel,Failed,1.038,Timeout or Error
2026-09-05 05:31,Comments,OK,1.911,"{""commentCount"":10595082 ""videoId"":""jNQXAC9IVRw"" ""comments"":[{""authorId"":""UCC5NfQ6Mf0dq_eEwv4P_hWA"" "
2026-09-05 05:31,Playlist,Failed,1.448,Timeout or Error
2026-09-05 07:43,Video,OK,1.002,
2026-09-05 07:43,Search,OK,1.685,"[{""type"":""channel"" ""author"":""test"" ""authorId"":""UCZRcA_nO3Kt-SOml2mY8D9g"" ""authorUrl"":""/channel/UCZRc"
2026-09-05 07:43,Channel,Failed,0.583,Timeout or Error
2026-09-05 07:43,Comments,OK,1.336,"{""commentCount"":10595731 ""videoId"":""jNQXAC9IVRw"" ""comments"":[{""authorId"":""UCC5NfQ6Mf0dq_eEwv4P_hWA"" "
2026-09-05 07:43,Playlist,Failed,1.139,Timeout or Error
2026-09-05 09:33,Video,OK,0.539,
2026-09-05 09:33,Search,OK,1.351,"[{""type"":""channel"" ""author"":""test"" ""authorId"":""UCZRcA_nO3Kt-SOml2mY8D9g"" ""authorUrl"":""/channel/UCZRc"
2026-09-05 09:33,Channel,Failed,0.901,Timeout or Error
2026-09-05 09:33,Comments,OK,1.126,"{""commentCount"":10596054 ""videoId"":""jNQXAC9IVRw"" ""comments"":[{""authorId"":""UCC5NfQ6Mf0dq_eEwv4P_hWA"" "
2026-09-05 09:33,Playlist,Failed,0.697,Timeout or Error
2026-09-05 14:10,Video,OK,0.373,
2026-09-05 14:10,Search,OK,0.915,"[{""type"":""channel"" ""author"":""test"" ""authorId"":""UCZRcA_nO3Kt-SOml2mY8D9g"" ""authorUrl"":""/channel/UCZRc"
2026-09-05 14:10,Channel,Failed,0.666,Timeout or Error
2026-09-05 14:10,Comments,OK,0.683,"{""commentCount"":10596768 ""videoId"":""jNQXAC9IVRw"" ""comments"":[{""authorId"":""UCC5NfQ6Mf0dq_eEwv4P_hWA"" "
2026-09-05 14:10,Playlist,Failed,0.498,Timeout or Error
2026-09-05 18:49,Video,OK,1.06,
2026-09-05 18:49,Search,OK,1.429,"[{""type"":""channel"" ""author"":""test"" ""authorId"":""UCZRcA_nO3Kt-SOml2mY8D9g"" ""authorUrl"":""/channel/UCZRc"
2026-09-05 18:49,Channel,Failed,0.626,Timeout or Error
2026-09-05 18:49,Comments,OK,0.94,"{""commentCount"":10598444 ""videoId"":""jNQXAC9IVRw"" ""comments"":[{""authorId"":""UCC5NfQ6Mf0dq_eEwv4P_hWA"" "
2026-09-05 18:49,Playlist,Failed,0.591,Timeout or Error
2026-09-05 22:11,Video,OK,0.617,
2026-09-05 22:11,Search,OK,1.35,"[{""type"":""channel"" ""author"":""test"" ""authorId"":""UCZRcA_nO3Kt-SOml2mY8D9g"" ""authorUrl"":""/channel/UCZRc"
2026-09-05 22:11,Channel,Failed,1.191,Timeout or Error
2026-09-05 22:11,Comments,OK,0.664,"{""commentCount"":10599203 ""videoId"":""jNQXAC9IVRw"" ""comments"":[{""authorId"":""UCC5NfQ6Mf0dq_eEwv4P_hWA"" "
2026-09-05 22:11,Playlist,Failed,0.451,Timeout or Error
2026-09-06 01:27,Video,OK,0.657,
2026-09-06 01:27,Search,OK,1.381,"[{""type"":""channel"" ""author"":""test"" ""authorId"":""UCZRcA_nO3Kt-SOml2mY8D9g"" ""authorUrl"":""/channel/UCZRc"
2026-09-06 01:27,Channel,Failed,0.958,Timeout or Error
2026-09-06 01:27,Comments,OK,1.059,"{""commentCount"":10600097 ""videoId"":""jNQXAC9IVRw"" ""comments"":[{""authorId"":""UCC5NfQ6Mf0dq_eEwv4P_hWA"" "
2026-09-06 01:27,Playlist,Failed,0.478,Timeout or Error
2026-09-06 03:46,Video,OK,1.154,
2026-09-06 03:46,Search,OK,1.461,"[{""type"":""channel"" ""author"":""test"" ""authorId"":""UCZRcA_nO3Kt-SOml2mY8D9g"" ""authorUrl"":""/channel/UCZRc"
2026-09-06 03:46,Channel,Failed,0.37,Timeout or Error
2026-09-06 03:46,Comments,OK,0.651,"{""commentCount"":10600806 ""videoId"":""jNQXAC9IVRw"" ""comments"":[{""authorId"":""UCC5NfQ6Mf0dq_eEwv4P_hWA"" "
2026-09-06 03:46,Playlist,Failed,0.497,Timeout or Error
2026-09-06 05:53,Video,OK,5.561,
2026-09-06 05:53,Search,OK,0.933,"[{""type"":""channel"" ""author"":""test"" ""authorId"":""UCZRcA_nO3Kt-SOml2mY8D9g"" ""authorUrl"":""/channel/UCZRc"
2026-09-06 05:53,Channel,Failed,0.584,Timeout or Error
2026-09-06 05:53,Comments,OK,0.562,"{""commentCount"":10601372 ""videoId"":""jNQXAC9IVRw"" ""comments"":[{""authorId"":""UCC5NfQ6Mf0dq_eEwv4P_hWA"" "
2026-09-06 05:53,Playlist,Failed,0.748,Timeout or Error
2026-09-06 07:34,Video,OK,0.427,
2026-09-06 07:34,Search,OK,1.202,"[{""type"":""channel"" ""author"":""test"" ""authorId"":""UCZRcA_nO3Kt-SOml2mY8D9g"" ""authorUrl"":""/channel/UCZRc"
2026-09-06 07:34,Channel,Failed,0.589,Timeout or Error
2026-09-06 07:34,Comments,OK,0.915,"{""commentCount"":10601792 ""videoId"":""jNQXAC9IVRw"" ""comments"":[{""authorId"":""UCC5NfQ6Mf0dq_eEwv4P_hWA"" "
2026-09-06 07:34,Playlist,Failed,0.28,Timeout or Error
2026-09-06 09:29,Video,OK,0.755,
2026-09-06 09:29,Search,OK,2.413,"[{""type"":""channel"" ""author"":""test"" ""authorId"":""UCZRcA_nO3Kt-SOml2mY8D9g"" ""authorUrl"":""/channel/UCZRc"
2026-09-06 09:29,Channel,Failed,0.603,Timeout or Error
2026-09-06 09:29,Comments,OK,0.907,"{""commentCount"":10602218 ""videoId"":""jNQXAC9IVRw"" ""comments"":[{""authorId"":""UCC5NfQ6Mf0dq_eEwv4P_hWA"" "
2026-09-06 09:29,Playlist,Failed,0.605,Timeout or Error
2026-09-06 14:24,Video,OK,0.576,
2026-09-06 14:24,Search,OK,0.84,"[{""type"":""channel"" ""author"":""test"" ""authorId"":""UCZRcA_nO3Kt-SOml2mY8D9g"" ""authorUrl"":""/channel/UCZRc"
2026-09-06 14:24,Channel,Failed,1.003,Timeout or Error
2026-09-06 14:24,Comments,OK,0.677,"{""commentCount"":10603178 ""videoId"":""jNQXAC9IVRw"" ""comments"":[{""authorId"":""UCC5NfQ6Mf0dq_eEwv4P_hWA"" "
2026-09-06 14:24,Playlist,Failed,0.555,Timeout or Error
2026-09-06 19:05,Video,OK,1.258,
2026-09-06 19:05,Search,OK,1.522,"[{""type"":""channel"" ""author"":""test"" ""authorId"":""UCZRcA_nO3Kt-SOml2mY8D9g"" ""authorUrl"":""/channel/UCZRc"
2026-09-06 19:05,Channel,Failed,0.789,Timeout or Error
2026-09-06 19:05,Comments,OK,1.065,"{""commentCount"":10603963 ""videoId"":""jNQXAC9IVRw"" ""comments"":[{""authorId"":""UCC5NfQ6Mf0dq_eEwv4P_hWA"" "
2026-09-06 19:05,Playlist,Failed,0.588,Timeout or Error
2026-09-06 22:53,Video,OK,0.46,
2026-09-06 22:53,Search,OK,1.0,"[{""type"":""channel"" ""author"":""test"" ""authorId"":""UCZRcA_nO3Kt-SOml2mY8D9g"" ""authorUrl"":""/channel/UCZRc"
2026-09-06 22:53,Channel,Failed,0.293,Timeout or Error
2026-09-06 22:53,Comments,OK,1.296,"{""commentCount"":10604335 ""videoId"":""jNQXAC9IVRw"" ""comments"":[{""authorId"":""UCC5NfQ6Mf0dq_eEwv4P_hWA"" "
2026-09-06 22:53,Playlist,Failed,0.297,Timeout or Error
2026-09-07 01:38,Video,OK,1.447,
2026-09-07 01:38,Search,OK,1.365,"[{""type"":""channel"" ""author"":""test"" ""authorId"":""UCZRcA_nO3Kt-SOml2mY8D9g"" ""authorUrl"":""/channel/UCZRc"
2026-09-07 01:38,Channel,Failed,0.757,Timeout or Error
2026-09-07 01:38,Comments,OK,0.593,"{""commentCount"":10604762 ""videoId"":""jNQXAC9IVRw"" ""comments"":[{""authorId"":""UCC5NfQ6Mf0dq_eEwv4P_hWA"" "
2026-09-07 01:38,Playlist,Failed,0.443,Timeout or Error
2026-09-07 03:48,Video,OK,0.532,
2026-09-07 03:48,Search,OK,0.847,"[{""type"":""channel"" ""author"":""test"" ""authorId"":""UCZRcA_nO3Kt-SOml2mY8D9g"" ""authorUrl"":""/channel/UCZRc"
2026-09-07 03:48,Channel,Failed,0.313,Timeout or Error
2026-09-07 03:48,Comments,OK,0.662,"{""commentCount"":10605251 ""videoId"":""jNQXAC9IVRw"" ""comments"":[{""authorId"":""UCC5NfQ6Mf0dq_eEwv4P_hWA"" "
2026-09-07 03:48,Playlist,Failed,0.344,Timeout or Error
2026-09-07 05:59,Video,OK,1.062,
2026-09-07 05:59,Search,OK,1.305,"[{""type"":""channel"" ""author"":""test"" ""authorId"":""UCZRcA_nO3Kt-SOml2mY8D9g"" ""authorUrl"":""/channel/UCZRc"
2026-09-07 05:59,Channel,Failed,1.096,Timeout or Error
2026-09-07 05:59,Comments,OK,1.761,"{""commentCount"":10605792 ""videoId"":""jNQXAC9IVRw"" ""comments"":[{""authorId"":""UCC5NfQ6Mf0dq_eEwv4P_hWA"" "
2026-09-07 05:59,Playlist,Failed,0.658,Timeout or Error
2026-09-07 07:50,Video,OK,1.494,
2026-09-07 07:50,Search,OK,1.448,"[{""type"":""channel"" ""author"":""test"" ""authorId"":""UCZRcA_nO3Kt-SOml2mY8D9g"" ""authorUrl"":""/channel/UCZRc"
2026-09-07 07:50,Channel,Failed,0.895,Timeout or Error
2026-09-07 07:50,Comments,OK,1.147,"{""commentCount"":10606138 ""videoId"":""jNQXAC9IVRw"" ""comments"":[{""authorId"":""UCC5NfQ6Mf0dq_eEwv4P_hWA"" "
2026-09-07 07:50,Playlist,Failed,1.438,Timeout or Error
2026-09-07 09:36,Video,OK,0.635,
2026-09-07 09:36,Search,OK,1.503,"[{""type"":""channel"" ""author"":""test"" ""authorId"":""UCZRcA_nO3Kt-SOml2mY8D9g"" ""authorUrl"":""/channel/UCZRc"
2026-09-07 09:36,Channel,Failed,0.421,Timeout or Error
2026-09-07 09:36,Comments,OK,1.201,"{""commentCount"":10606404 ""videoId"":""jNQXAC9IVRw"" ""comments"":[{""authorId"":""UCC5NfQ6Mf0dq_eEwv4P_hWA"" "
2026-09-07 09:36,Playlist,Failed,0.31,Timeout or Error
2026-09-07 14:34,Video,OK,0.482,
2026-09-07 14:34,Search,OK,1.029,"[{""type"":""channel"" ""author"":""test"" ""authorId"":""UCZRcA_nO3Kt-SOml2mY8D9g"" ""authorUrl"":""/channel/UCZRc"
2026-09-07 14:34,Channel,Failed,0.28,Timeout or Error
2026-09-07 14:34,Comments,OK,0.516,"{""commentCount"":10607101 ""videoId"":""jNQXAC9IVRw"" ""comments"":[{""authorId"":""UCC5NfQ6Mf0dq_eEwv4P_hWA"" "
2026-09-07 14:34,Playlist,Failed,0.636,Timeout or Error
2026-09-07 20:19,Video,OK,1.026,
2026-09-07 20:19,Search,OK,1.627,"[{""type"":""channel"" ""author"":""test"" ""authorId"":""UCZRcA_nO3Kt-SOml2mY8D9g"" ""authorUrl"":""/channel/UCZRc"
2026-09-07 20:19,Channel,Failed,0.931,Timeout or Error
2026-09-07 20:19,Comments,OK,0.836,"{""commentCount"":10607673 ""videoId"":""jNQXAC9IVRw"" ""comments"":[{""authorId"":""UCC5NfQ6Mf0dq_eEwv4P_hWA"" "
2026-09-07 20:19,Playlist,Failed,1.206,Timeout or Error
2026-09-08 02:02,Video,OK,0.557,
2026-09-08 02:02,Search,OK,1.43,"[{""type"":""channel"" ""author"":""test"" ""authorId"":""UCZRcA_nO3Kt-SOml2mY8D9g"" ""authorUrl"":""/channel/UCZRc"
2026-09-08 02:02,Channel,Failed,1.155,Timeout or Error
2026-09-08 02:02,Comments,OK,0.832,"{""commentCount"":10608393 ""videoId"":""jNQXAC9IVRw"" ""comments"":[{""authorId"":""UCC5NfQ6Mf0dq_eEwv4P_hWA"" "
2026-09-08 02:02,Playlist,Failed,1.001,Timeout or Error
2026-09-08 05:59,Video,Failed,1.597,Timeout or Error
2026-09-08 05:59,Search,Failed,1.864,Timeout or Error
2026-09-08 05:59,Channel,Failed,1.296,Timeout or Error
2026-09-08 05:59,Comments,Failed,1.253,Timeout or Error
2026-09-08 05:59,Playlist,Failed,1.298,Timeout or Error
2026-09-08 08:22,Video,Failed,1.962,Timeout or Error
2026-09-08 08:22,Search,Failed,1.438,Timeout or Error
2026-09-08 08:22,Channel,Failed,1.572,Timeout or Error
2026-09-08 08:22,Comments,Failed,1.726,Timeout or Error
2026-09-08 08:22,Playlist,Failed,1.457,Timeout or Error
2026-09-08 11:35,Video,Failed,1.519,Timeout or Error
2026-09-08 11:35,Search,Failed,1.168,Timeout or Error
2026-09-08 11:35,Channel,Failed,1.415,Timeout or Error
2026-09-08 11:35,Comments,Failed,0.785,Timeout or Error
2026-09-08 11:35,Playlist,Failed,1.664,Timeout or Error
2026-09-08 16:41,Video,Failed,1.739,Timeout or Error
2026-09-08 16:41,Search,Failed,1.806,Timeout or Error
2026-09-08 16:41,Channel,Failed,1.678,Timeout or Error
2026-09-08 16:41,Comments,Failed,1.453,Timeout or Error
2026-09-08 16:41,Playlist,Failed,1.744,Timeout or Error
2026-09-08 21:30,Video,Failed,1.311,Timeout or Error
2026-09-08 21:30,Search,Failed,1.381,Timeout or Error
2026-09-08 21:30,Channel,Failed,1.618,Timeout or Error
2026-09-08 21:30,Comments,Failed,1.36,Timeout or Error
2026-09-08 21:30,Playlist,Failed,1.309,Timeout or Error
2026-09-09 01:59,Video,Failed,0.979,Timeout or Error
2026-09-09 01:59,Search,Failed,0.541,Timeout or Error
2026-09-09 01:59,Channel,Failed,1.377,Timeout or Error
2026-09-09 01:59,Comments,Failed,1.678,Timeout or Error
2026-09-09 01:59,Playlist,Failed,0.538,Timeout or Error
2026-09-09 04:47,Video,Failed,1.279,Timeout or Error
2026-09-09 04:47,Search,Failed,1.137,Timeout or Error
2026-09-09 04:47,Channel,Failed,1.4,Timeout or Error
2026-09-09 04:47,Comments,Failed,1.74,Timeout or Error
2026-09-09 04:47,Playlist,Failed,1.401,Timeout or Error
2026-09-09 07:16,Video,Failed,1.791,Timeout or Error
2026-09-09 07:16,Search,Failed,1.252,Timeout or Error
2026-09-09 07:16,Channel,Failed,1.26,Timeout or Error
2026-09-09 07:16,Comments,Failed,1.484,Timeout or Error
2026-09-09 07:16,Playlist,Failed,1.381,Timeout or Error
2026-09-09 09:58,Video,OK,0.772,
2026-09-09 09:58,Search,OK,1.372,"[{""type"":""channel"" ""author"":""test"" ""authorId"":""UCZRcA_nO3Kt-SOml2mY8D9g"" ""authorUrl"":""/channel/UCZRc"
2026-09-09 09:58,Channel,Failed,1.225,Timeout or Error
2026-09-09 09:58,Comments,OK,0.847,"{""commentCount"":10611514 ""videoId"":""jNQXAC9IVRw"" ""comments"":[{""authorId"":""UCC5NfQ6Mf0dq_eEwv4P_hWA"" "
2026-09-09 09:58,Playlist,Failed,0.842,Timeout or Error
2026-09-09 14:46,Video,OK,0.45,
2026-09-09 14:46,Search,OK,1.097,"[{""type"":""channel"" ""author"":""test"" ""authorId"":""UCZRcA_nO3Kt-SOml2mY8D9g"" ""authorUrl"":""/channel/UCZRc"
2026-09-09 14:46,Channel,Failed,0.824,Timeout or Error
2026-09-09 14:46,Comments,OK,0.931,"{""commentCount"":10612011 ""videoId"":""jNQXAC9IVRw"" ""comments"":[{""authorId"":""UCC5NfQ6Mf0dq_eEwv4P_hWA"" "
2026-09-09 14:46,Playlist,Failed,0.536,Timeout or Error
2026-09-09 19:35,Video,Failed,1.771,Timeout or Error
2026-09-09 19:35,Search,Failed,1.651,Timeout or Error
2026-09-09 19:35,Channel,Failed,1.395,Timeout or Error
2026-09-09 19:35,Comments,Failed,2.328,Timeout or Error
2026-09-09 19:35,Playlist,Failed,1.388,Timeout or Error
2026-09-09 23:58,Video,Failed,1.408,Timeout or Error
2026-09-09 23:58,Search,Failed,1.277,Timeout or Error
2026-09-09 23:58,Channel,Failed,1.146,Timeout or Error
2026-09-09 23:58,Comments,Failed,1.135,Timeout or Error
2026-09-09 23:58,Playlist,Failed,1.238,Timeout or Error
2026-09-10 03:21,Video,OK,0.715,
2026-09-10 03:21,Search,OK,1.376,"[{""type"":""channel"" ""author"":""test"" ""authorId"":""UCZRcA_nO3Kt-SOml2mY8D9g"" ""authorUrl"":""/channel/UCZRc"
2026-09-10 03:21,Channel,Failed,0.913,Timeout or Error
2026-09-10 03:21,Comments,OK,0.785,"{""commentCount"":10612992 ""videoId"":""jNQXAC9IVRw"" ""comments"":[{""authorId"":""UCC5NfQ6Mf0dq_eEwv4P_hWA"" "
2026-09-10 03:21,Playlist,Failed,0.642,Timeout or Error
2026-09-10 06:27,Video,OK,0.239,
2026-09-10 06:27,Search,OK,1.13,"[{""type"":""channel"" ""author"":""test"" ""authorId"":""UCZRcA_nO3Kt-SOml2mY8D9g"" ""authorUrl"":""/channel/UCZRc"
2026-09-10 06:27,Channel,Failed,0.288,Timeout or Error
2026-09-10 06:27,Comments,OK,0.639,"{""commentCount"":10613264 ""videoId"":""jNQXAC9IVRw"" ""comments"":[{""authorId"":""UCC5NfQ6Mf0dq_eEwv4P_hWA"" "
2026-09-10 06:27,Playlist,Failed,0.978,Timeout or Error
2026-09-10 08:45,Video,OK,1.148,
2026-09-10 08:45,Search,OK,1.349,"[{""type"":""channel"" ""author"":""test"" ""authorId"":""UCZRcA_nO3Kt-SOml2mY8D9g"" ""authorUrl"":""/channel/UCZRc"
2026-09-10 08:45,Channel,Failed,0.49,Timeout or Error
2026-09-10 08:45,Comments,OK,0.61,"{""commentCount"":10613427 ""videoId"":""jNQXAC9IVRw"" ""comments"":[{""authorId"":""UCC5NfQ6Mf0dq_eEwv4P_hWA"" "
2026-09-10 08:45,Playlist,Failed,0.475,Timeout or Error
2026-09-10 11:37,Video,OK,1.632,
2026-09-10 11:37,Search,OK,1.577,"[{""type"":""video"" ""title"":""Ultimate OLED Display Test | 16K HDR 120 fps Dolby Vision | 4K Video • 8K "
2026-09-10 11:37,Channel,Failed,1.272,Timeout or Error
2026-09-10 11:37,Comments,OK,0.828,"{""commentCount"":10613615 ""videoId"":""jNQXAC9IVRw"" ""comments"":[{""authorId"":""UCC5NfQ6Mf0dq_eEwv4P_hWA"" "
2026-09-10 11:37,Playlist,Failed,1.164,Timeout or Error
2026-09-10 16:46,Video,OK,0.431,
2026-09-10 16:46,Search,OK,0.952,"[{""type"":""channel"" ""author"":""test"" ""authorId"":""UCZRcA_nO3Kt-SOml2mY8D9g"" ""authorUrl"":""/channel/UCZRc"
2026-09-10 16:46,Channel,Failed,0.448,Timeout or Error
2026-09-10 16:46,Comments,OK,0.531,"{""commentCount"":10613966 ""videoId"":""jNQXAC9IVRw"" ""comments"":[{""authorId"":""UCC5NfQ6Mf0dq_eEwv4P_hWA"" "
2026-09-10 16:46,Playlist,Failed,0.737,Timeout or Error
2026-09-10 21:36,Video,OK,0.509,
2026-09-10 21:36,Search,OK,1.236,"[{""type"":""channel"" ""author"":""test"" ""authorId"":""UCZRcA_nO3Kt-SOml2mY8D9g"" ""authorUrl"":""/channel/UCZRc"
2026-09-10 21:36,Channel,Failed,0.555,Timeout or Error
2026-09-10 21:36,Comments,OK,1.208,"{""commentCount"":10614289 ""videoId"":""jNQXAC9IVRw"" ""comments"":[{""authorId"":""UCC5NfQ6Mf0dq_eEwv4P_hWA"" "
2026-09-10 21:36,Playlist,Failed,0.594,Timeout or Error
2026-09-11 01:50,Video,OK,0.567,
2026-09-11 01:50,Search,OK,1.519,"[{""type"":""video"" ""title"":""Cool Hearing test"" ""videoId"":""h5l4Rt4Ol7M"" ""author"":""ScienceForum"" ""author"
2026-09-11 01:50,Channel,Failed,0.607,Timeout or Error
2026-09-11 01:50,Comments,OK,1.325,"{""commentCount"":10614841 ""videoId"":""jNQXAC9IVRw"" ""comments"":[{""authorId"":""UCC5NfQ6Mf0dq_eEwv4P_hWA"" "
2026-09-11 01:50,Playlist,Failed,1.243,Timeout or Error
2026-09-11 04:25,Video,OK,0.946,
2026-09-11 04:25,Search,OK,1.158,"[{""type"":""channel"" ""author"":""test"" ""authorId"":""UCZRcA_nO3Kt-SOml2mY8D9g"" ""authorUrl"":""/channel/UCZRc"
2026-09-11 04:25,Channel,Failed,0.645,Timeout or Error
2026-09-11 04:25,Comments,OK,0.892,"{""commentCount"":10615212 ""videoId"":""jNQXAC9IVRw"" ""comments"":[{""authorId"":""UCC5NfQ6Mf0dq_eEwv4P_hWA"" "
2026-09-11 04:25,Playlist,Failed,0.615,Timeout or Error
2026-09-11 07:10,Video,OK,1.523,
2026-09-11 07:10,Search,OK,1.208,"[{""type"":""channel"" ""author"":""test"" ""authorId"":""UCZRcA_nO3Kt-SOml2mY8D9g"" ""authorUrl"":""/channel/UCZRc"
2026-09-11 07:10,Channel,Failed,0.752,Timeout or Error
2026-09-11 07:10,Comments,OK,1.582,"{""commentCount"":10615425 ""videoId"":""jNQXAC9IVRw"" ""comments"":[{""authorId"":""UCC5NfQ6Mf0dq_eEwv4P_hWA"" "
2026-09-11 07:10,Playlist,Failed,0.723,Timeout or Error
2026-09-11 09:45,Video,Failed,1.152,Timeout or Error
2026-09-11 09:45,Search,Failed,1.126,Timeout or Error
2026-09-11 09:45,Channel,Failed,1.142,Timeout or Error
2026-09-11 09:45,Comments,Failed,1.195,Timeout or Error
2026-09-11 09:45,Playlist,Failed,1.125,Timeout or Error
2026-09-11 14:31,Video,OK,0.456,
2026-09-11 14:31,Search,OK,0.785,"[{""type"":""channel"" ""author"":""test"" ""authorId"":""UCZRcA_nO3Kt-SOml2mY8D9g"" ""authorUrl"":""/channel/UCZRc"
2026-09-11 14:31,Channel,Failed,0.452,Timeout or Error
2026-09-11 14:31,Comments,OK,0.609,"{""commentCount"":10615799 ""videoId"":""jNQXAC9IVRw"" ""comments"":[{""authorId"":""UCC5NfQ6Mf0dq_eEwv4P_hWA"" "
2026-09-11 14:31,Playlist,Failed,0.595,Timeout or Error
2026-09-11 19:25,Video,OK,0.276,
2026-09-11 19:25,Search,OK,1.186,"[{""type"":""channel"" ""author"":""test"" ""authorId"":""UCZRcA_nO3Kt-SOml2mY8D9g"" ""authorUrl"":""/channel/UCZRc"
2026-09-11 19:25,Channel,Failed,0.912,Timeout or Error
2026-09-11 19:25,Comments,OK,0.719,"{""commentCount"":10616127 ""videoId"":""jNQXAC9IVRw"" ""comments"":[{""authorId"":""UCC5NfQ6Mf0dq_eEwv4P_hWA"" "
2026-09-11 19:25,Playlist,Failed,0.319,Timeout or Error
2026-09-11 23:47,Video,OK,1.297,
2026-09-11 23:47,Search,OK,1.204,"[{""type"":""channel"" ""author"":""test"" ""authorId"":""UCZRcA_nO3Kt-SOml2mY8D9g"" ""authorUrl"":""/channel/UCZRc"
2026-09-11 23:47,Channel,Failed,0.788,Timeout or Error
2026-09-11 23:47,Comments,OK,1.279,"{""commentCount"":10616481 ""videoId"":""jNQXAC9IVRw"" ""comments"":[{""authorId"":""UCC5NfQ6Mf0dq_eEwv4P_hWA"" "
2026-09-11 23:47,Playlist,Failed,0.9,Timeout or Error
2026-09-12 03:05,Video,OK,0.547,
2026-09-12 03:05,Search,OK,1.635,"[{""type"":""channel"" ""author"":""test"" ""authorId"":""UCZRcA_nO3Kt-SOml2mY8D9g"" ""authorUrl"":""/channel/UCZRc"
2026-09-12 03:05,Channel,Failed,1.453,Timeout or Error
2026-09-12 03:05,Comments,OK,1.139,"{""commentCount"":10615925 ""videoId"":""jNQXAC9IVRw"" ""comments"":[{""authorId"":""UCC5NfQ6Mf0dq_eEwv4P_hWA"" "
2026-09-12 03:05,Playlist,Failed,0.883,Timeout or Error
2026-09-12 06:30,Video,OK,0.508,
2026-09-12 06:30,Search,OK,0.843,"[{""type"":""channel"" ""author"":""test"" ""authorId"":""UCZRcA_nO3Kt-SOml2mY8D9g"" ""authorUrl"":""/channel/UCZRc"
2026-09-12 06:30,Channel,Failed,0.292,Timeout or Error
2026-09-12 06:30,Comments,OK,1.137,"{""commentCount"":10616403 ""videoId"":""jNQXAC9IVRw"" ""comments"":[{""authorId"":""UCC5NfQ6Mf0dq_eEwv4P_hWA"" "
2026-09-12 06:30,Playlist,Failed,0.374,Timeout or Error
2026-09-12 08:47,Video,OK,1.461,
2026-09-12 08:47,Search,OK,1.129,"[{""type"":""channel"" ""author"":""test"" ""authorId"":""UCZRcA_nO3Kt-SOml2mY8D9g"" ""authorUrl"":""/channel/UCZRc"
2026-09-12 08:47,Channel,Failed,1.215,Timeout or Error
2026-09-12 08:47,Comments,OK,1.232,"{""commentCount"":10616022 ""videoId"":""jNQXAC9IVRw"" ""comments"":[{""authorId"":""UCC5NfQ6Mf0dq_eEwv4P_hWA"" "
2026-09-12 08:47,Playlist,Failed,1.238,Timeout or Error
2026-09-12 11:40,Video,OK,0.414,
2026-09-12 11:40,Search,OK,1.094,"[{""type"":""channel"" ""author"":""test"" ""authorId"":""UCZRcA_nO3Kt-SOml2mY8D9g"" ""authorUrl"":""/channel/UCZRc"
2026-09-12 11:40,Channel,Failed,0.578,Timeout or Error
2026-09-12 11:40,Comments,OK,0.825,"{""commentCount"":10616135 ""videoId"":""jNQXAC9IVRw"" ""comments"":[{""authorId"":""UCC5NfQ6Mf0dq_eEwv4P_hWA"" "
2026-09-12 11:40,Playlist,Failed,0.314,Timeout or Error
2026-09-12 16:35,Video,OK,0.431,
2026-09-12 16:35,Search,OK,0.817,"[{""type"":""channel"" ""author"":""test"" ""authorId"":""UCZRcA_nO3Kt-SOml2mY8D9g"" ""authorUrl"":""/channel/UCZRc"
2026-09-12 16:35,Channel,Failed,0.468,Timeout or Error
2026-09-12 16:35,Comments,OK,0.583,"{""commentCount"":10616625 ""videoId"":""jNQXAC9IVRw"" ""comments"":[{""authorId"":""UCC5NfQ6Mf0dq_eEwv4P_hWA"" "
2026-09-12 16:35,Playlist,Failed,0.287,Timeout or Error
2026-09-12 20:53,Video,OK,0.628,
2026-09-12 20:53,Search,OK,1.033,"[{""type"":""channel"" ""author"":""test"" ""authorId"":""UCZRcA_nO3Kt-SOml2mY8D9g"" ""authorUrl"":""/channel/UCZRc"
2026-09-12 20:53,Channel,Failed,0.581,Timeout or Error
2026-09-12 20:53,Comments,OK,0.66,"{""commentCount"":10616050 ""videoId"":""jNQXAC9IVRw"" ""comments"":[{""authorId"":""UCC5NfQ6Mf0dq_eEwv4P_hWA"" "
2026-09-12 20:53,Playlist,Failed,0.481,Timeout or Error
2026-09-12 23:49,Video,OK,1.029,
2026-09-12 23:49,Search,OK,1.8,"[{""type"":""video"" ""title"":""Root and Cox Shine | Highlights - England v Pakistan Day 4 | Rothesay Test"
2026-09-12 23:49,Channel,Failed,0.88,Timeout or Error
2026-09-12 23:49,Comments,OK,0.919,"{""commentCount"":10616563 ""videoId"":""jNQXAC9IVRw"" ""comments"":[{""authorId"":""UCC5NfQ6Mf0dq_eEwv4P_hWA"" "
2026-09-12 23:49,Playlist,Failed,0.58,Timeout or Error
2026-09-13 02:37,Video,OK,0.608,
2026-09-13 02:37,Search,OK,1.534,"[{""type"":""channel"" ""author"":""test"" ""authorId"":""UCZRcA_nO3Kt-SOml2mY8D9g"" ""authorUrl"":""/channel/UCZRc"
2026-09-13 02:37,Channel,Failed,0.688,Timeout or Error
2026-09-13 02:37,Comments,OK,1.57,"{""commentCount"":10617117 ""videoId"":""jNQXAC9IVRw"" ""comments"":[{""authorId"":""UCC5NfQ6Mf0dq_eEwv4P_hWA"" "
2026-09-13 02:37,Playlist,Failed,1.225,Timeout or Error
2026-09-13 05:00,Video,OK,0.451,
2026-09-13 05:00,Search,OK,0.88,"[{""type"":""channel"" ""author"":""test"" ""authorId"":""UCZRcA_nO3Kt-SOml2mY8D9g"" ""authorUrl"":""/channel/UCZRc"
2026-09-13 05:00,Channel,Failed,2.492,Timeout or Error
2026-09-13 05:00,Comments,OK,0.926,"{""commentCount"":10617459 ""videoId"":""jNQXAC9IVRw"" ""comments"":[{""authorId"":""UCC5NfQ6Mf0dq_eEwv4P_hWA"" "
2026-09-13 05:00,Playlist,Failed,0.796,Timeout or Error
2026-09-13 07:45,Video,Failed,0.487,Timeout or Error
2026-09-13 07:45,Search,OK,1.189,"[{""type"":""channel"" ""author"":""test"" ""authorId"":""UCZRcA_nO3Kt-SOml2mY8D9g"" ""authorUrl"":""/channel/UCZRc"
2026-09-13 07:45,Channel,Failed,0.345,Timeout or Error
2026-09-13 07:45,Comments,OK,0.793,"{""commentCount"":10617860 ""videoId"":""jNQXAC9IVRw"" ""comments"":[{""authorId"":""UCC5NfQ6Mf0dq_eEwv4P_hWA"" "
2026-09-13 07:45,Playlist,Failed,0.268,Timeout or Error
2026-09-13 09:32,Video,Failed,1.412,Timeout or Error
2026-09-13 09:32,Search,OK,0.997,"[{""type"":""video"" ""title"":""25 Odd One Out Questions to Test Your IQ | Find the Odd One Out | Logical "
2026-09-13 09:32,Channel,Failed,0.315,Timeout or Error
2026-09-13 09:32,Comments,OK,0.613,"{""commentCount"":10618058 ""videoId"":""jNQXAC9IVRw"" ""comments"":[{""authorId"":""UCC5NfQ6Mf0dq_eEwv4P_hWA"" "
2026-09-13 09:32,Playlist,Failed,0.29,Timeout or Error
2026-09-13 14:34,Video,Failed,0.746,Timeout or Error
2026-09-13 14:34,Search,OK,1.101,"[{""type"":""channel"" ""author"":""test"" ""authorId"":""UCZRcA_nO3Kt-SOml2mY8D9g"" ""authorUrl"":""/channel/UCZRc"
2026-09-13 14:34,Channel,Failed,0.365,Timeout or Error
2026-09-13 14:34,Comments,OK,0.802,"{""commentCount"":10618463 ""videoId"":""jNQXAC9IVRw"" ""comments"":[{""authorId"":""UCC5NfQ6Mf0dq_eEwv4P_hWA"" "
2026-09-13 14:34,Playlist,Failed,0.403,Timeout or Error
2026-09-13 19:55,Video,OK,0.9,
2026-09-13 19:55,Search,OK,1.164,"[{""type"":""channel"" ""author"":""test"" ""authorId"":""UCZRcA_nO3Kt-SOml2mY8D9g"" ""authorUrl"":""/channel/UCZRc"
2026-09-13 19:55,Channel,Failed,0.584,Timeout or Error
2026-09-13 19:55,Comments,OK,0.901,"{""commentCount"":10617671 ""videoId"":""jNQXAC9IVRw"" ""comments"":[{""authorId"":""UCC5NfQ6Mf0dq_eEwv4P_hWA"" "
2026-09-13 19:55,Playlist,Failed,0.797,Timeout or Error
2026-09-13 23:46,Video,OK,1.308,
2026-09-13 23:46,Search,OK,1.644,"[{""type"":""channel"" ""author"":""test"" ""authorId"":""UCZRcA_nO3Kt-SOml2mY8D9g"" ""authorUrl"":""/channel/UCZRc"
2026-09-13 23:46,Channel,Failed,0.551,Timeout or Error
2026-09-13 23:46,Comments,OK,0.904,"{""commentCount"":10618237 ""videoId"":""jNQXAC9IVRw"" ""comments"":[{""authorId"":""UCC5NfQ6Mf0dq_eEwv4P_hWA"" "
2026-09-13 23:46,Playlist,Failed,0.597,Timeout or Error
2026-09-14 02:50,Video,Failed,1.337,Timeout or Error
2026-09-14 02:50,Search,OK,1.509,"[{""type"":""channel"" ""author"":""test"" ""authorId"":""UCZRcA_nO3Kt-SOml2mY8D9g"" ""authorUrl"":""/channel/UCZRc"
2026-09-14 02:50,Channel,Failed,0.593,Timeout or Error
2026-09-14 02:50,Comments,OK,0.891,"{""commentCount"":10618826 ""videoId"":""jNQXAC9IVRw"" ""comments"":[{""authorId"":""UCC5NfQ6Mf0dq_eEwv4P_hWA"" "
2026-09-14 02:50,Playlist,Failed,0.769,Timeout or Error
2026-09-14 05:08,Video,Failed,0.72,Timeout or Error
2026-09-14 05:08,Search,Failed,1.215,Timeout or Error
2026-09-14 05:08,Channel,Failed,0.437,Timeout or Error
2026-09-14 05:08,Comments,Failed,1.506,Timeout or Error
2026-09-14 05:08,Playlist,Failed,1.416,Timeout or Error
2026-09-14 07:46,Video,OK,0.807,
2026-09-14 07:46,Search,OK,1.175,"[{""type"":""channel"" ""author"":""test"" ""authorId"":""UCZRcA_nO3Kt-SOml2mY8D9g"" ""authorUrl"":""/channel/UCZRc"
2026-09-14 07:46,Channel,Failed,0.529,Timeout or Error
2026-09-14 07:46,Comments,OK,0.835,"{""commentCount"":10618662 ""videoId"":""jNQXAC9IVRw"" ""comments"":[{""authorId"":""UCC5NfQ6Mf0dq_eEwv4P_hWA"" "
2026-09-14 07:46,Playlist,Failed,0.784,Timeout or Error
2026-09-14 09:35,Video,Failed,0.622,Timeout or Error
2026-09-14 09:35,Search,OK,1.715,"[{""type"":""video"" ""title"":""World's FUNNIEST Kid Test Answers!"" ""videoId"":""x57KhNtrhZA"" ""author"":""Chuf"
2026-09-14 09:35,Channel,Failed,0.59,Timeout or Error
2026-09-14 09:35,Comments,OK,0.988,"{""commentCount"":10618366 ""videoId"":""jNQXAC9IVRw"" ""comments"":[{""authorId"":""UCC5NfQ6Mf0dq_eEwv4P_hWA"" "
2026-09-14 09:35,Playlist,Failed,0.618,Timeout or Error
2026-09-14 14:38,Video,Failed,1.156,Timeout or Error
2026-09-14 14:38,Search,Failed,1.412,Timeout or Error
2026-09-14 14:38,Channel,Failed,1.198,Timeout or Error
2026-09-14 14:38,Comments,OK,0.888,"{""commentCount"":10618897 ""videoId"":""jNQXAC9IVRw"" ""comments"":[{""authorId"":""UCC5NfQ6Mf0dq_eEwv4P_hWA"" "
2026-09-14 14:38,Playlist,Failed,0.318,Timeout or Error
2026-09-14 20:29,Video,OK,0.59,
2026-09-14 20:29,Search,OK,1.032,"[{""type"":""channel"" ""author"":""test"" ""authorId"":""UCZRcA_nO3Kt-SOml2mY8D9g"" ""authorUrl"":""/channel/UCZRc"
2026-09-14 20:29,Channel,Failed,0.273,Timeout or Error
2026-09-14 20:29,Comments,OK,0.933,"{""commentCount"":10619264 ""videoId"":""jNQXAC9IVRw"" ""comments"":[{""authorId"":""UCC5NfQ6Mf0dq_eEwv4P_hWA"" "
2026-09-14 20:29,Playlist,Failed,0.404,Timeout or Error
2026-09-15 02:25,Video,Failed,0.391,Timeout or Error
2026-09-15 02:25,Search,OK,1.326,"[{""type"":""channel"" ""author"":""test"" ""authorId"":""UCZRcA_nO3Kt-SOml2mY8D9g"" ""authorUrl"":""/channel/UCZRc"
2026-09-15 02:25,Channel,Failed,1.004,Timeout or Error
2026-09-15 02:25,Comments,Failed,1.565,Timeout or Error
2026-09-15 02:25,Playlist,Failed,0.577,Timeout or Error
2026-09-15 06:17,Video,OK,0.159,"<!doctype html><meta charset=utf-8><meta content=""width=device-width initial-scale=1.0"" name=viewpor"
2026-09-15 06:17,Search,OK,0.952,"<!doctype html><meta charset=utf-8><meta content=""width=device-width initial-scale=1.0"" name=viewpor"
2026-09-15 06:17,Channel,Failed,0.468,Timeout or Error
2026-09-15 06:17,Comments,OK,0.821,"{""commentCount"":10620083 ""videoId"":""jNQXAC9IVRw"" ""comments"":[{""authorId"":""UCC5NfQ6Mf0dq_eEwv4P_hWA"" "
2026-09-15 06:17,Playlist,Failed,0.259,Timeout or Error
2026-09-15 09:09,Video,Failed,0.209,Timeout or Error
2026-09-15 09:09,Search,OK,0.438,"<!doctype html><meta charset=utf-8><meta content=""width=device-width initial-scale=1.0"" name=viewpor"
2026-09-15 09:09,Channel,Failed,0.478,Timeout or Error
2026-09-15 09:09,Comments,OK,0.506,"<!doctype html><meta charset=utf-8><meta content=""width=device-width initial-scale=1.0"" name=viewpor"
2026-09-15 09:09,Playlist,OK,0.171,"<!doctype html><meta charset=utf-8><meta content=""width=device-width initial-scale=1.0"" name=viewpor"
2026-09-15 14:40,Video,Failed,2.014,Timeout or Error
2026-09-15 14:40,Search,OK,0.931,"<!doctype html><meta charset=utf-8><meta content=""width=device-width initial-scale=1.0"" name=viewpor"
2026-09-15 14:40,Channel,Failed,1.734,Timeout or Error
2026-09-15 14:40,Comments,OK,1.212,"<!doctype html><meta charset=utf-8><meta content=""width=device-width initial-scale=1.0"" name=viewpor"
2026-09-15 14:40,Playlist,Failed,1.501,Timeout or Error
2026-09-15 19:50,Video,OK,0.992,"<!doctype html><meta charset=utf-8><meta content=""width=device-width initial-scale=1.0"" name=viewpor"
2026-09-15 19:50,Search,OK,0.712,"<!doctype html><meta charset=utf-8><meta content=""width=device-width initial-scale=1.0"" name=viewpor"
2026-09-15 19:50,Channel,Failed,1.358,Timeout or Error
2026-09-15 19:50,Comments,Failed,1.373,Timeout or Error
2026-09-15 19:50,Playlist,Failed,1.654,Timeout or Error
2026-09-16 00:23,Video,OK,0.352,"<!doctype html><meta charset=utf-8><meta content=""width=device-width initial-scale=1.0"" name=viewpor"
2026-09-16 00:23,Search,Failed,1.236,Timeout or Error
2026-09-16 00:23,Channel,Failed,1.269,Timeout or Error
2026-09-16 00:23,Comments,Failed,1.737,Timeout or Error
2026-09-16 00:23,Playlist,Failed,1.245,Timeout or Error
2026-09-16 04:25,Video,OK,0.584,"<!doctype html><meta charset=utf-8><meta content=""width=device-width initial-scale=1.0"" name=viewpor"
2026-09-16 04:25,Search,OK,1.253,"[{""type"":""channel"" ""author"":""test"" ""authorId"":""UCZRcA_nO3Kt-SOml2mY8D9g"" ""authorUrl"":""/channel/UCZRc"
2026-09-16 04:25,Channel,OK,0.656,"<!doctype html><meta charset=utf-8><meta content=""width=device-width initial-scale=1.0"" name=viewpor"
2026-09-16 04:25,Comments,OK,0.892,"{""commentCount"":10621169 ""videoId"":""jNQXAC9IVRw"" ""comments"":[{""authorId"":""UCC5NfQ6Mf0dq_eEwv4P_hWA"" "
2026-09-16 04:25,Playlist,OK,0.66,"<!doctype html><meta charset=utf-8><meta content=""width=device-width initial-scale=1.0"" name=viewpor"
2026-09-16 07:37,Video,OK,0.895,
2026-09-16 07:37,Search,OK,1.346,"[{""type"":""channel"" ""author"":""test"" ""authorId"":""UCZRcA_nO3Kt-SOml2mY8D9g"" ""authorUrl"":""/channel/UCZRc"
2026-09-16 07:37,Channel,OK,0.753,"<!doctype html><meta charset=utf-8><meta content=""width=device-width initial-scale=1.0"" name=viewpor"
2026-09-16 07:37,Comments,OK,0.998,"{""commentCount"":10621377 ""videoId"":""jNQXAC9IVRw"" ""comments"":[{""authorId"":""UCC5NfQ6Mf0dq_eEwv4P_hWA"" "
2026-09-16 07:37,Playlist,OK,0.477,"<!doctype html><meta charset=utf-8><meta content=""width=device-width initial-scale=1.0"" name=viewpor"
2026-09-16 09:57,Video,OK,0.82,"<!doctype html><meta charset=utf-8><meta content=""width=device-width initial-scale=1.0"" name=viewpor"
2026-09-16 09:57,Search,OK,0.389,"<!doctype html><meta charset=utf-8><meta content=""width=device-width initial-scale=1.0"" name=viewpor"
2026-09-16 09:57,Channel,Failed,0.445,Timeout or Error
2026-09-16 09:57,Comments,OK,0.681,"{""commentCount"":10621540 ""videoId"":""jNQXAC9IVRw"" ""comments"":[{""authorId"":""UCC5NfQ6Mf0dq_eEwv4P_hWA"" "
2026-09-16 09:57,Playlist,OK,0.56,"<!doctype html><meta charset=utf-8><meta content=""width=device-width initial-scale=1.0"" name=viewpor"
2026-09-16 14:41,Video,OK,0.173,"<!doctype html><meta charset=utf-8><meta content=""width=device-width initial-scale=1.0"" name=viewpor"
2026-09-16 14:41,Search,OK,0.164,"<!doctype html><meta charset=utf-8><meta content=""width=device-width initial-scale=1.0"" name=viewpor"
2026-09-16 14:41,Channel,OK,0.165,"<!doctype html><meta charset=utf-8><meta content=""width=device-width initial-scale=1.0"" name=viewpor"
2026-09-16 14:41,Comments,OK,0.173,"<!doctype html><meta charset=utf-8><meta content=""width=device-width initial-scale=1.0"" name=viewpor"
2026-09-16 14:41,Playlist,OK,0.184,"<!doctype html><meta charset=utf-8><meta content=""width=device-width initial-scale=1.0"" name=viewpor"
2026-09-16 19:40,Video,OK,0.79,"<!doctype html><meta charset=utf-8><meta content=""width=device-width initial-scale=1.0"" name=viewpor"
2026-09-16 19:40,Search,OK,1.433,"[{""type"":""channel"" ""author"":""test"" ""authorId"":""UCZRcA_nO3Kt-SOml2mY8D9g"" ""authorUrl"":""/channel/UCZRc"
2026-09-16 19:40,Channel,Failed,0.523,Timeout or Error
2026-09-16 19:40,Comments,OK,0.527,"<!doctype html><meta charset=utf-8><meta content=""width=device-width initial-scale=1.0"" name=viewpor"
2026-09-16 19:40,Playlist,OK,0.703,"<!doctype html><meta charset=utf-8><meta content=""width=device-width initial-scale=1.0"" name=viewpor"
2026-09-17 00:16,Video,OK,0.73,
2026-09-17 00:16,Search,OK,1.803,"[{""type"":""channel"" ""author"":""test"" ""authorId"":""UCZRcA_nO3Kt-SOml2mY8D9g"" ""authorUrl"":""/channel/UCZRc"
2026-09-17 00:16,Channel,OK,0.701,"<!doctype html><meta charset=utf-8><meta content=""width=device-width initial-scale=1.0"" name=viewpor"
2026-09-17 00:16,Comments,OK,1.446,"{""commentCount"":10622563 ""videoId"":""jNQXAC9IVRw"" ""comments"":[{""authorId"":""UCC5NfQ6Mf0dq_eEwv4P_hWA"" "
2026-09-17 00:16,Playlist,OK,0.756,"<!doctype html><meta charset=utf-8><meta content=""width=device-width initial-scale=1.0"" name=viewpor"
2026-09-17 04:17,Video,OK,0.203,"<!doctype html><meta charset=utf-8><meta content=""width=device-width initial-scale=1.0"" name=viewpor"
2026-09-17 04:17,Search,OK,1.08,"[{""type"":""channel"" ""author"":""test"" ""authorId"":""UCZRcA_nO3Kt-SOml2mY8D9g"" ""authorUrl"":""/channel/UCZRc"
2026-09-17 04:17,Channel,OK,0.163,"<!doctype html><meta charset=utf-8><meta content=""width=device-width initial-scale=1.0"" name=viewpor"
2026-09-17 04:17,Comments,OK,0.165,"<!doctype html><meta charset=utf-8><meta content=""width=device-width initial-scale=1.0"" name=viewpor"
2026-09-17 04:17,Playlist,OK,0.149,"<!doctype html><meta charset=utf-8><meta content=""width=device-width initial-scale=1.0"" name=viewpor"
2026-09-17 07:33,Video,OK,0.381,"<!doctype html><meta charset=utf-8><meta content=""width=device-width initial-scale=1.0"" name=viewpor"
2026-09-17 07:33,Search,OK,0.662,"<!doctype html><meta charset=utf-8><meta content=""width=device-width initial-scale=1.0"" name=viewpor"
2026-09-17 07:33,Channel,Failed,0.549,Timeout or Error
2026-09-17 07:33,Comments,OK,0.663,"{""commentCount"":10623169 ""videoId"":""jNQXAC9IVRw"" ""comments"":[{""authorId"":""UCC5NfQ6Mf0dq_eEwv4P_hWA"" "
2026-09-17 07:33,Playlist,OK,0.648,"<!doctype html><meta charset=utf-8><meta content=""width=device-width initial-scale=1.0"" name=viewpor"
2026-09-17 10:01,Video,OK,0.933,
2026-09-17 10:01,Search,OK,1.205,"[{""type"":""channel"" ""author"":""test"" ""authorId"":""UCZRcA_nO3Kt-SOml2mY8D9g"" ""authorUrl"":""/channel/UCZRc"
2026-09-17 10:01,Channel,Failed,0.606,Timeout or Error
2026-09-17 10:01,Comments,OK,0.982,"{""commentCount"":10623151 ""videoId"":""jNQXAC9IVRw"" ""comments"":[{""authorId"":""UCC5NfQ6Mf0dq_eEwv4P_hWA"" "
2026-09-17 10:01,Playlist,OK,0.359,"<!doctype html><meta charset=utf-8><meta content=""width=device-width initial-scale=1.0"" name=viewpor"
2026-09-17 16:01,Video,OK,0.339,
2026-09-17 16:01,Search,OK,1.103,"[{""type"":""channel"" ""author"":""test"" ""authorId"":""UCZRcA_nO3Kt-SOml2mY8D9g"" ""authorUrl"":""/channel/UCZRc"
2026-09-17 16:01,Channel,Failed,0.431,Timeout or Error
2026-09-17 16:01,Comments,OK,0.16,"<!doctype html><meta charset=utf-8><meta content=""width=device-width initial-scale=1.0"" name=viewpor"
2026-09-17 16:01,Playlist,OK,0.163,"<!doctype html><meta charset=utf-8><meta content=""width=device-width initial-scale=1.0"" name=viewpor"
2026-09-17 21:56,Video,Failed,1.379,Timeout or Error
2026-09-17 21:56,Search,OK,0.492,"<!doctype html><meta charset=utf-8><meta content=""width=device-width initial-scale=1.0"" name=viewpor"
2026-09-17 21:56,Channel,OK,0.166,"<!doctype html><meta charset=utf-8><meta content=""width=device-width initial-scale=1.0"" name=viewpor"
2026-09-17 21:56,Comments,Failed,0.255,Timeout or Error
2026-09-17 21:56,Playlist,Failed,0.37,Timeout or Error
2026-09-18 02:28,Video,OK,1.821,
2026-09-18 02:28,Search,OK,0.853,"<!doctype html><meta charset=utf-8><meta content=""width=device-width initial-scale=1.0"" name=viewpor"
2026-09-18 02:28,Channel,OK,0.312,"<!doctype html><meta charset=utf-8><meta content=""width=device-width initial-scale=1.0"" name=viewpor"
2026-09-18 02:28,Comments,OK,1.432,"{""commentCount"":10624076 ""videoId"":""jNQXAC9IVRw"" ""comments"":[{""authorId"":""UCC5NfQ6Mf0dq_eEwv4P_hWA"" "
2026-09-18 02:28,Playlist,OK,0.323,"<!doctype html><meta charset=utf-8><meta content=""width=device-width initial-scale=1.0"" name=viewpor"
2026-09-18 05:50,Video,OK,1.04,
2026-09-18 05:50,Search,OK,0.96,"[{""type"":""channel"" ""author"":""test"" ""authorId"":""UCZRcA_nO3Kt-SOml2mY8D9g"" ""authorUrl"":""/channel/UCZRc"
2026-09-18 05:50,Channel,Failed,0.373,Timeout or Error
2026-09-18 05:50,Comments,OK,0.846,"{""commentCount"":10624277 ""videoId"":""jNQXAC9IVRw"" ""comments"":[{""authorId"":""UCC5NfQ6Mf0dq_eEwv4P_hWA"" "
2026-09-18 05:50,Playlist,Failed,0.581,Timeout or Error
2026-09-18 08:19,Video,Failed,0.779,Timeout or Error
2026-09-18 08:19,Search,Failed,1.541,Timeout or Error
2026-09-18 08:19,Channel,OK,0.622,"<!doctype html><meta charset=utf-8><meta content=""width=device-width initial-scale=1.0"" name=viewpor"
2026-09-18 08:19,Comments,OK,0.945,"{""commentCount"":10624404 ""videoId"":""jNQXAC9IVRw"" ""comments"":[{""authorId"":""UCC5NfQ6Mf0dq_eEwv4P_hWA"" "
2026-09-18 08:19,Playlist,OK,0.848,"<!doctype html><meta charset=utf-8><meta content=""width=device-width initial-scale=1.0"" name=viewpor"
2026-09-18 11:42,Video,OK,0.41,"<!doctype html><meta charset=utf-8><meta content=""width=device-width initial-scale=1.0"" name=viewpor"
2026-09-18 11:42,Search,Failed,1.521,Timeout or Error
2026-09-18 11:42,Channel,OK,0.487,"<!doctype html><meta charset=utf-8><meta content=""width=device-width initial-scale=1.0"" name=viewpor"
2026-09-18 11:42,Comments,Failed,1.505,Timeout or Error
2026-09-18 11:42,Playlist,Failed,1.248,Timeout or Error
2026-09-18 16:52,Video,Failed,1.333,Timeout or Error
2026-09-18 16:52,Search,OK,0.319,"<!doctype html><meta charset=utf-8><meta content=""width=device-width initial-scale=1.0"" name=viewpor"
2026-09-18 16:52,Channel,OK,0.445,"<!doctype html><meta charset=utf-8><meta content=""width=device-width initial-scale=1.0"" name=viewpor"
2026-09-18 16:52,Comments,OK,0.565,"<!doctype html><meta charset=utf-8><meta content=""width=device-width initial-scale=1.0"" name=viewpor"
2026-09-18 16:52,Playlist,OK,0.19,"<!doctype html><meta charset=utf-8><meta content=""width=device-width initial-scale=1.0"" name=viewpor"
2026-09-18 21:35,Video,OK,0.665,"<!doctype html><meta charset=utf-8><meta content=""width=device-width initial-scale=1.0"" name=viewpor"
2026-09-18 21:35,Search,OK,1.05,"[{""type"":""channel"" ""author"":""test"" ""authorId"":""UCZRcA_nO3Kt-SOml2mY8D9g"" ""authorUrl"":""/channel/UCZRc"
2026-09-18 21:35,Channel,Failed,1.592,Timeout or Error
2026-09-18 21:35,Comments,OK,0.742,"<!doctype html><meta charset=utf-8><meta content=""width=device-width initial-scale=1.0"" name=viewpor"
2026-09-18 21:35,Playlist,Failed,0.603,Timeout or Error
2026-09-19 01:52,Video,OK,0.844,"<!doctype html><meta charset=utf-8><meta content=""width=device-width initial-scale=1.0"" name=viewpor"
2026-09-19 01:52,Search,OK,0.864,"[{""type"":""channel"" ""author"":""test"" ""authorId"":""UCZRcA_nO3Kt-SOml2mY8D9g"" ""authorUrl"":""/channel/UCZRc"
2026-09-19 01:52,Channel,Failed,0.546,Timeout or Error
2026-09-19 01:52,Comments,OK,0.751,"{""commentCount"":10625200 ""videoId"":""jNQXAC9IVRw"" ""comments"":[{""authorId"":""UCC5NfQ6Mf0dq_eEwv4P_hWA"" "
2026-09-19 01:52,Playlist,OK,0.231,"<!doctype html><meta charset=utf-8><meta content=""width=device-width initial-scale=1.0"" name=viewpor"
2026-09-19 04:22,Video,OK,2.055,
2026-09-19 04:22,Search,OK,1.392,"[{""type"":""channel"" ""author"":""test"" ""authorId"":""UCZRcA_nO3Kt-SOml2mY8D9g"" ""authorUrl"":""/channel/UCZRc"
2026-09-19 04:22,Channel,OK,1.053,"<!doctype html><meta charset=utf-8><meta content=""width=device-width initial-scale=1.0"" name=viewpor"
2026-09-19 04:22,Comments,OK,0.462,"<!doctype html><meta charset=utf-8><meta content=""width=device-width initial-scale=1.0"" name=viewpor"
2026-09-19 04:22,Playlist,Failed,0.828,Timeout or Error
2026-09-19 07:09,Video,OK,0.643,
2026-09-19 07:09,Search,OK,1.051,"[{""type"":""channel"" ""author"":""test"" ""authorId"":""UCZRcA_nO3Kt-SOml2mY8D9g"" ""authorUrl"":""/channel/UCZRc"
2026-09-19 07:09,Channel,OK,0.555,"<!doctype html><meta charset=utf-8><meta content=""width=device-width initial-scale=1.0"" name=viewpor"
2026-09-19 07:09,Comments,OK,0.665,"{""commentCount"":10625045 ""videoId"":""jNQXAC9IVRw"" ""comments"":[{""authorId"":""UCC5NfQ6Mf0dq_eEwv4P_hWA"" "
2026-09-19 07:09,Playlist,OK,0.227,"<!doctype html><meta charset=utf-8><meta content=""width=device-width initial-scale=1.0"" name=viewpor"
2026-09-19 09:52,Video,OK,0.78,"<!doctype html><meta charset=utf-8><meta content=""width=device-width initial-scale=1.0"" name=viewpor"
2026-09-19 09:52,Search,OK,1.291,"<!doctype html><meta charset=utf-8><meta content=""width=device-width initial-scale=1.0"" name=viewpor"
2026-09-19 09:52,Channel,Failed,0.857,Timeout or Error
2026-09-19 09:52,Comments,OK,0.43,"<!doctype html><meta charset=utf-8><meta content=""width=device-width initial-scale=1.0"" name=viewpor"
2026-09-19 09:52,Playlist,OK,0.726,"<!doctype html><meta charset=utf-8><meta content=""width=device-width initial-scale=1.0"" name=viewpor"
2026-09-19 14:24,Video,OK,0.514,"<!doctype html><meta charset=utf-8><meta content=""width=device-width initial-scale=1.0"" name=viewpor"
2026-09-19 14:24,Search,OK,1.061,"[{""type"":""channel"" ""author"":""test"" ""authorId"":""UCZRcA_nO3Kt-SOml2mY8D9g"" ""authorUrl"":""/channel/UCZRc"
2026-09-19 14:24,Channel,Failed,0.628,Timeout or Error
2026-09-19 14:24,Comments,OK,0.102,"<!doctype html><meta charset=utf-8><meta content=""width=device-width initial-scale=1.0"" name=viewpor"
2026-09-19 14:24,Playlist,OK,0.338,"<!doctype html><meta charset=utf-8><meta content=""width=device-width initial-scale=1.0"" name=viewpor"
2026-09-19 19:07,Video,OK,0.482,"<!doctype html><meta charset=utf-8><meta content=""width=device-width initial-scale=1.0"" name=viewpor"
2026-09-19 19:07,Search,Failed,0.332,Timeout or Error
2026-09-19 19:07,Channel,Failed,0.31,Timeout or Error
2026-09-19 19:07,Comments,OK,0.329,"<!doctype html><meta charset=utf-8><meta content=""width=device-width initial-scale=1.0"" name=viewpor"
2026-09-19 19:07,Playlist,OK,0.322,"<!doctype html><meta charset=utf-8><meta content=""width=device-width initial-scale=1.0"" name=viewpor"
2026-09-19 23:06,Video,OK,0.564,"<!doctype html><meta charset=utf-8><meta content=""width=device-width initial-scale=1.0"" name=viewpor"
2026-09-19 23:06,Search,Failed,0.9,Timeout or Error
2026-09-19 23:06,Channel,OK,0.434,"<!doctype html><meta charset=utf-8><meta content=""width=device-width initial-scale=1.0"" name=viewpor"
2026-09-19 23:06,Comments,Failed,0.475,Timeout or Error
2026-09-19 23:06,Playlist,OK,0.472,"<!doctype html><meta charset=utf-8><meta content=""width=device-width initial-scale=1.0"" name=viewpor"
2026-09-20 02:40,Video,Failed,0.6,Timeout or Error
2026-09-20 02:40,Search,OK,0.346,"<!doctype html><meta charset=utf-8><meta content=""width=device-width initial-scale=1.0"" name=viewpor"
2026-09-20 02:40,Channel,OK,0.722,"<!doctype html><meta charset=utf-8><meta content=""width=device-width initial-scale=1.0"" name=viewpor"
2026-09-20 02:40,Comments,Failed,0.33,Timeout or Error
2026-09-20 02:40,Playlist,OK,0.608,"<!doctype html><meta charset=utf-8><meta content=""width=device-width initial-scale=1.0"" name=viewpor"
2026-09-20 04:54,Video,OK,0.442,"<!doctype html><meta charset=utf-8><meta content=""width=device-width initial-scale=1.0"" name=viewpor"
2026-09-20 04:54,Search,OK,0.263,"<!doctype html><meta charset=utf-8><meta content=""width=device-width initial-scale=1.0"" name=viewpor"
2026-09-20 04:54,Channel,Failed,0.166,Timeout or Error
2026-09-20 04:54,Comments,Failed,0.888,Timeout or Error
2026-09-20 04:54,Playlist,OK,0.514,"<!doctype html><meta charset=utf-8><meta content=""width=device-width initial-scale=1.0"" name=viewpor"
2026-09-20 07:02,Video,Failed,0.929,Timeout or Error
2026-09-20 07:02,Search,OK,0.376,"<!doctype html><meta charset=utf-8><meta content=""width=device-width initial-scale=1.0"" name=viewpor"
2026-09-20 07:02,Channel,OK,0.346,"<!doctype html><meta charset=utf-8><meta content=""width=device-width initial-scale=1.0"" name=viewpor"
2026-09-20 07:02,Comments,Failed,0.212,Timeout or Error
2026-09-20 07:02,Playlist,Failed,0.477,Timeout or Error
2026-09-20 09:33,Video,Failed,0.544,Timeout or Error
2026-09-20 09:33,Search,OK,0.372,"<!doctype html><meta charset=utf-8><meta content=""width=device-width initial-scale=1.0"" name=viewpor"
2026-09-20 09:33,Channel,Failed,0.551,Timeout or Error
2026-09-20 09:33,Comments,OK,0.512,"<!doctype html><meta charset=utf-8><meta content=""width=device-width initial-scale=1.0"" name=viewpor"
2026-09-20 09:33,Playlist,OK,0.195,"<!doctype html><meta charset=utf-8><meta content=""width=device-width initial-scale=1.0"" name=viewpor"
2026-09-20 14:37,Video,Failed,0.18,Timeout or Error
2026-09-20 14:37,Search,OK,0.174,"<!doctype html><meta charset=utf-8><meta content=""width=device-width initial-scale=1.0"" name=viewpor"
2026-09-20 14:37,Channel,Failed,0.238,Timeout or Error
2026-09-20 14:37,Comments,OK,0.35,"<!doctype html><meta charset=utf-8><meta content=""width=device-width initial-scale=1.0"" name=viewpor"
2026-09-20 14:37,Playlist,Failed,0.559,Timeout or Error
2026-09-20 19:26,Video,OK,0.37,"<!doctype html><meta charset=utf-8><meta content=""width=device-width initial-scale=1.0"" name=viewpor"
2026-09-20 19:26,Search,OK,0.189,"<!doctype html><meta charset=utf-8><meta content=""width=device-width initial-scale=1.0"" name=viewpor"
2026-09-20 19:26,Channel,OK,0.346,"<!doctype html><meta charset=utf-8><meta content=""width=device-width initial-scale=1.0"" name=viewpor"
2026-09-20 19:26,Comments,Failed,0.453,Timeout or Error
2026-09-20 19:26,Playlist,Failed,0.448,Timeout or Error
2026-09-20 23:25,Video,Failed,0.603,Timeout or Error
2026-09-20 23:25,Search,OK,0.968,"<!doctype html><meta charset=utf-8><meta content=""width=device-width initial-scale=1.0"" name=viewpor"
2026-09-20 23:25,Channel,Failed,0.695,Timeout or Error
2026-09-20 23:25,Comments,OK,0.304,"<!doctype html><meta charset=utf-8><meta content=""width=device-width initial-scale=1.0"" name=viewpor"
2026-09-20 23:25,Playlist,OK,0.291,"<!doctype html><meta charset=utf-8><meta content=""width=device-width initial-scale=1.0"" name=viewpor"
2026-09-21 02:52,Video,Failed,0.463,Timeout or Error
2026-09-21 02:52,Search,Failed,1.343,Timeout or Error
2026-09-21 02:52,Channel,Failed,1.161,Timeout or Error
2026-09-21 02:52,Comments,Failed,0.446,Timeout or Error
2026-09-21 02:52,Playlist,OK,0.644,"<!doctype html><meta charset=utf-8><meta content=""width=device-width initial-scale=1.0"" name=viewpor"
2026-09-21 05:08,Video,OK,0.526,"<!doctype html><meta charset=utf-8><meta content=""width=device-width initial-scale=1.0"" name=viewpor"
2026-09-21 05:08,Search,OK,0.272,"<!doctype html><meta charset=utf-8><meta content=""width=device-width initial-scale=1.0"" name=viewpor"
2026-09-21 05:08,Channel,OK,0.299,"<!doctype html><meta charset=utf-8><meta content=""width=device-width initial-scale=1.0"" name=viewpor"
2026-09-21 05:08,Comments,Failed,0.181,Timeout or Error
2026-09-21 05:08,Playlist,OK,0.163,"<!doctype html><meta charset=utf-8><meta content=""width=device-width initial-scale=1.0"" name=viewpor"
2026-09-21 07:52,Video,Failed,0.213,Timeout or Error
2026-09-21 07:52,Search,Failed,0.217,Timeout or Error
2026-09-21 07:52,Channel,OK,0.382,"<!doctype html><meta charset=utf-8><meta content=""width=device-width initial-scale=1.0"" name=viewpor"
2026-09-21 07:52,Comments,OK,0.199,"<!doctype html><meta charset=utf-8><meta content=""width=device-width initial-scale=1.0"" name=viewpor"
2026-09-21 07:52,Playlist,OK,0.181,"<!doctype html><meta charset=utf-8><meta content=""width=device-width initial-scale=1.0"" name=viewpor"
2026-09-21 09:45,Video,OK,0.445,"<!doctype html><meta charset=utf-8><meta content=""width=device-width initial-scale=1.0"" name=viewpor"
2026-09-21 09:45,Search,Failed,0.522,Timeout or Error
2026-09-21 09:45,Channel,Failed,0.758,Timeout or Error
2026-09-21 09:45,Comments,Failed,0.36,Timeout or Error
2026-09-21 09:45,Playlist,Failed,0.512,Timeout or Error
2026-09-21 14:47,Video,OK,1.75,
2026-09-21 14:47,Search,OK,2.285,"[{""type"":""channel"" ""author"":""test"" ""authorId"":""UCZRcA_nO3Kt-SOml2mY8D9g"" ""authorUrl"":""/channel/UCZRc"
2026-09-21 14:47,Channel,OK,2.041,"<!doctype html><meta charset=utf-8><meta content=""width=device-width initial-scale=1.0"" name=viewpor"
2026-09-21 14:47,Comments,OK,0.732,"<!doctype html><meta charset=utf-8><meta content=""width=device-width initial-scale=1.0"" name=viewpor"
2026-09-21 14:47,Playlist,Failed,0.806,Timeout or Error
2026-09-21 20:43,Video,OK,0.716,"<!doctype html><meta charset=utf-8><meta content=""width=device-width initial-scale=1.0"" name=viewpor"
2026-09-21 20:43,Search,OK,1.406,"[{""type"":""channel"" ""author"":""test"" ""authorId"":""UCZRcA_nO3Kt-SOml2mY8D9g"" ""authorUrl"":""/channel/UCZRc"
2026-09-21 20:43,Channel,Failed,0.625,Timeout or Error
2026-09-21 20:43,Comments,OK,0.87,"{""commentCount"":10628129 ""videoId"":""jNQXAC9IVRw"" ""comments"":[{""authorId"":""UCC5NfQ6Mf0dq_eEwv4P_hWA"" "
2026-09-21 20:43,Playlist,OK,0.412,"<!doctype html><meta charset=utf-8><meta content=""width=device-width initial-scale=1.0"" name=viewpor"
2026-09-22 02:39,Video,OK,1.41,
2026-09-22 02:39,Search,OK,0.366,"<!doctype html><meta charset=utf-8><meta content=""width=device-width initial-scale=1.0"" name=viewpor"
2026-09-22 02:39,Channel,OK,0.167,"<!doctype html><meta charset=utf-8><meta content=""width=device-width initial-scale=1.0"" name=viewpor"
2026-09-22 02:39,Comments,OK,0.869,"{""commentCount"":10628302 ""videoId"":""jNQXAC9IVRw"" ""comments"":[{""authorId"":""UCC5NfQ6Mf0dq_eEwv4P_hWA"" "
2026-09-22 02:39,Playlist,Failed,0.345,Timeout or Error
2026-09-22 06:33,Video,OK,0.547,
2026-09-22 06:33,Search,OK,1.39,"[{""type"":""channel"" ""author"":""test"" ""authorId"":""UCZRcA_nO3Kt-SOml2mY8D9g"" ""authorUrl"":""/channel/UCZRc"
2026-09-22 06:33,Channel,Failed,0.576,Timeout or Error
2026-09-22 06:33,Comments,OK,1.094,"{""commentCount"":10628598 ""videoId"":""jNQXAC9IVRw"" ""comments"":[{""authorId"":""UCC5NfQ6Mf0dq_eEwv4P_hWA"" "
2026-09-22 06:33,Playlist,Failed,0.587,Timeout or Error
2026-09-22 09:29,Video,OK,0.848,
2026-09-22 09:29,Search,OK,1.651,"[{""type"":""channel"" ""author"":""test"" ""authorId"":""UCZRcA_nO3Kt-SOml2mY8D9g"" ""authorUrl"":""/channel/UCZRc"
2026-09-22 09:29,Channel,Failed,1.115,Timeout or Error
2026-09-22 09:29,Comments,OK,0.987,"<!doctype html><meta charset=utf-8><meta content=""width=device-width initial-scale=1.0"" name=viewpor"
2026-09-22 09:29,Playlist,OK,0.705,"<!doctype html><meta charset=utf-8><meta content=""width=device-width initial-scale=1.0"" name=viewpor"
2026-09-22 14:44,Video,OK,0.474,"<!doctype html><meta charset=utf-8><meta content=""width=device-width initial-scale=1.0"" name=viewpor"
2026-09-22 14:44,Search,OK,0.973,"[{""type"":""channel"" ""author"":""test"" ""authorId"":""UCZRcA_nO3Kt-SOml2mY8D9g"" ""authorUrl"":""/channel/UCZRc"
2026-09-22 14:44,Channel,OK,0.21,"<!doctype html><meta charset=utf-8><meta content=""width=device-width initial-scale=1.0"" name=viewpor"
2026-09-22 14:44,Comments,OK,0.48,"<!doctype html><meta charset=utf-8><meta content=""width=device-width initial-scale=1.0"" name=viewpor"
2026-09-22 14:44,Playlist,OK,0.187,"<!doctype html><meta charset=utf-8><meta content=""width=device-width initial-scale=1.0"" name=viewpor"
2026-09-22 19:46,Video,OK,0.795,"<!doctype html><meta charset=utf-8><meta content=""width=device-width initial-scale=1.0"" name=viewpor"
2026-09-22 19:46,Search,OK,1.336,"[{""type"":""channel"" ""author"":""test"" ""authorId"":""UCZRcA_nO3Kt-SOml2mY8D9g"" ""authorUrl"":""/channel/UCZRc"
2026-09-22 19:46,Channel,Failed,0.914,Timeout or Error
2026-09-22 19:46,Comments,OK,0.54,"<!doctype html><meta charset=utf-8><meta content=""width=device-width initial-scale=1.0"" name=viewpor"
2026-09-22 19:46,Playlist,OK,0.294,"<!doctype html><meta charset=utf-8><meta content=""width=device-width initial-scale=1.0"" name=viewpor"
2026-09-23 00:20,Video,OK,1.031,
2026-09-23 00:20,Search,OK,1.173,"[{""type"":""channel"" ""author"":""test"" ""authorId"":""UCZRcA_nO3Kt-SOml2mY8D9g"" ""authorUrl"":""/channel/UCZRc"
2026-09-23 00:20,Channel,Failed,0.316,Timeout or Error
2026-09-23 00:20,Comments,OK,0.89,"{""commentCount"":10629191 ""videoId"":""jNQXAC9IVRw"" ""comments"":[{""authorId"":""UCC5NfQ6Mf0dq_eEwv4P_hWA"" "
2026-09-23 00:20,Playlist,OK,0.275,"<!doctype html><meta charset=utf-8><meta content=""width=device-width initial-scale=1.0"" name=viewpor"
2026-09-23 04:28,Video,OK,1.505,
2026-09-23 04:28,Search,OK,1.192,"[{""type"":""channel"" ""author"":""test"" ""authorId"":""UCZRcA_nO3Kt-SOml2mY8D9g"" ""authorUrl"":""/channel/UCZRc"
2026-09-23 04:28,Channel,OK,0.814,"<!doctype html><meta charset=utf-8><meta content=""width=device-width initial-scale=1.0"" name=viewpor"
2026-09-23 04:28,Comments,OK,0.969,"{""commentCount"":10629363 ""videoId"":""jNQXAC9IVRw"" ""comments"":[{""authorId"":""UCC5NfQ6Mf0dq_eEwv4P_hWA"" "
2026-09-23 04:28,Playlist,Failed,0.603,Timeout or Error
